time,latitude,longitude,depth,mag,magType,nst,gap,dmin,rms,net,id,updated,place,type,horizontalError,depthError,magError,magNst,status,locationSource,magSource
1990-01-09T02:29:26.690Z,28.225,88.163,79.1,5.5,mb,,,,1,us,usp0004417,2022-04-28T20:00:52.912Z,"86 km NNW of Mangan, India",earthquake,,,,53,reviewed,us,us
1990-01-10T23:01:21.960Z,26.559,86.663,68.5,4.7,mb,,,,1.4,us,usp000443p,2014-11-07T00:45:31.693Z,"8 km WNW of R?jbir?j, Nepal",earthquake,,11.6,,4,reviewed,us,us
1990-01-30T15:06:26.080Z,28.599,85.714,52.4,4.5,mb,,,,1.5,us,usp00044wj,2014-11-07T00:45:36.100Z,"74 km NNW of Kod?ri??, Nepal",earthquake,,17.7,,3,reviewed,us,us
1990-02-09T15:51:23.020Z,29.925,80.73,33,4.6,mb,,,,1,us,usp000458a,2014-11-07T00:45:41.243Z,"20 km ENE of D?rchul?, Nepal",earthquake,,,,15,reviewed,us,us
1990-02-18T18:12:47.270Z,29.078,90.031,10,4.5,mb,,,,1.3,us,usp00045m0,2014-11-07T00:45:45.717Z,"45 km ENE of Jiangzi, China",earthquake,,,,2,reviewed,us,us
1990-02-21T07:21:17.300Z,28.082,82.43,33,4.8,mb,,,,1.2,us,usp00045qv,2014-11-07T00:45:47.214Z,"14 km ESE of Tuls?pur, Nepal",earthquake,,,,7,reviewed,us,us
1990-02-22T13:33:13.380Z,29.216,90.092,26,5,mb,,,,1.2,us,usp00045sg,2014-11-07T00:45:47.386Z,"58 km NE of Jiangzi, China",earthquake,,8.2,,15,reviewed,us,us
1990-02-23T14:25:18.390Z,29.321,90.114,10,4.3,mb,,,,0.8,us,usp00045u0,2014-11-07T00:45:47.573Z,"66 km NE of Jiangzi, China",earthquake,,,,2,reviewed,us,us
1990-02-27T10:04:33.040Z,31.357,86.87,33,4.1,mb,,,,1.5,us,usp00045z3,2014-11-07T00:45:48.278Z,"275 km NE of Saga, China",earthquake,,,,4,reviewed,us,us
1990-03-01T18:47:26.790Z,28.503,88.599,33,4.3,mb,,,,1.3,us,usp0004629,2014-11-07T00:45:50.730Z,"87 km SSW of Rikaze, China",earthquake,,,,1,reviewed,us,us
1990-03-10T06:33:27.820Z,30.522,97.333,33,4.3,mb,,,,1.1,us,usp00046dq,2014-11-07T00:45:54.718Z,"69 km SSE of Qamdo, China",earthquake,,,,5,reviewed,us,us
1990-04-30T01:55:57.570Z,26.437,93.318,33,5.3,mb,,,,1.2,us,usp00048na,2014-11-07T00:46:12.452Z,"36 km SW of Bok?kh?t, India",earthquake,,,,6,reviewed,us,us
1990-05-06T10:30:08.190Z,29.88,90.073,33,4.5,mb,,,,1.5,us,usp00048xv,2014-11-07T00:46:18.680Z,"63 km W of Dêqên, China",earthquake,,,,11,reviewed,us,us
1990-05-08T01:22:19.230Z,30.112,94.987,33,4.3,mb,,,,1.2,us,usp0004906,2014-11-07T00:46:19.166Z,"185 km NNE of Shi Yomi, India",earthquake,,,,10,reviewed,us,us
1990-05-13T15:34:50.910Z,31.806,87.896,33,4.3,mb,,,,1.6,us,usp000498x,2014-11-07T00:46:21.628Z,"298 km NNW of Rikaze, China",earthquake,,,,5,reviewed,us,us
1990-05-20T09:10:02.320Z,28.458,83.343,33,4.8,mb,,,,0.8,us,usp00049hx,2014-11-07T00:46:23.236Z,"31 km NW of B?glung, Nepal",earthquake,,,,27,reviewed,us,us
1990-05-20T18:01:57.390Z,28.26,83.193,62.1,4.5,mb,,,,0.8,us,usp00049jd,2014-11-07T00:46:23.435Z,"38 km W of B?glung, Nepal",earthquake,,20.2,,6,reviewed,us,us
1990-05-24T09:03:48.830Z,26.6,95.522,82.3,4.8,mb,,,,0.8,us,usp00049pn,2014-11-07T00:46:23.915Z,"46 km S of Khonsa, India",earthquake,,15.3,,8,reviewed,us,us
1990-08-29T02:41:35.010Z,27.187,92.755,33,4.8,mb,,,,1.1,us,usp0004e1c,2014-11-07T00:47:00.354Z,"33 km ESE of Bomdila, India",earthquake,,,,36,reviewed,us,us
1990-09-02T06:29:24.830Z,26.645,92.673,45.9,5.2,mb,,,,0.9,us,usp0004e6x,2022-04-28T19:36:51.611Z,"12 km W of Tezpur, India",earthquake,,7.7,,60,reviewed,us,us
1990-09-15T06:11:13.790Z,30.448,85.46,33,4.3,mb,,,,1.5,us,usp0004erc,2014-11-07T00:47:07.074Z,"126 km N of Saga, China",earthquake,,,,2,reviewed,us,us
1990-09-21T16:08:20.750Z,29.741,79.791,33,5.1,mb,,,,1,us,usp0004exz,2022-04-28T19:38:36.933Z,"10 km S of B?geshwar, India",earthquake,,,,33,reviewed,us,us
1990-09-30T19:29:53.500Z,31.21,90.242,33,4,mb,,,,0.5,us,usp0004f7f,2014-11-07T00:47:09.242Z,"145 km NNW of Dêqên, China",earthquake,,,,2,reviewed,us,us
1990-10-03T18:20:35.990Z,31.096,78.557,33,4.4,mb,,,,0.8,us,usp0004fb7,2014-11-07T00:47:13.480Z,"42 km NNE of Uttark?shi, India",earthquake,,,,1,reviewed,us,us
1990-10-14T09:52:41.010Z,30.823,86.385,12,4.9,mb,,,,1.4,us,usp0004frm,2014-11-07T00:47:16.802Z,"200 km NE of Saga, China",earthquake,,,,27,reviewed,us,us
1990-10-14T16:13:24.020Z,28.762,81.951,143.2,4.3,mb,,,,0.8,us,usp0004fs1,2014-11-07T00:47:16.837Z,"Nepal-India border region",earthquake,,19.8,,2,reviewed,us,us
1990-10-28T17:14:50.910Z,30.682,81.555,33,4.5,mb,,,,1.1,us,usp0004g95,2014-11-07T00:47:19.287Z,"56 km NE of Burang, China",earthquake,,,,8,reviewed,us,us
1990-10-29T11:32:54.620Z,26.521,92.405,33,4.9,mb,,,,0.8,us,usp0004gaa,2014-11-07T00:47:19.394Z,"9 km NW of Dhing, India",earthquake,,,,18,reviewed,us,us
1990-11-03T04:35:15.030Z,27.562,96.758,41.6,4.7,mb,,,,1.2,us,usp0004gfp,2014-11-07T00:47:23.110Z,"60 km SSE of Hayuliang, India",earthquake,,14.1,,4,reviewed,us,us
1990-11-09T16:50:42.700Z,30.632,86.233,10,4.7,mb,,,,1.1,us,usp0004gpx,2014-11-07T00:47:25.794Z,"174 km NE of Saga, China",earthquake,,,,22,reviewed,us,us
1990-11-09T19:09:23.470Z,30.733,86.289,10,4.9,mb,,,,1.3,us,usp0004gpz,2014-11-07T00:47:25.800Z,"186 km NNE of Saga, China",earthquake,,,,21,reviewed,us,us
1990-11-09T19:13:39.680Z,30.921,86.327,10,4.9,mb,,,,1,us,usp0004gq0,2014-11-07T00:47:25.807Z,"206 km NNE of Saga, China",earthquake,,,,23,reviewed,us,us
1990-12-11T18:38:56.050Z,27.667,92.236,33,4.3,mb,,,,0.4,us,usp0004hzs,2014-11-07T00:47:36.219Z,"32 km ENE of Tawang, India",earthquake,,,,2,reviewed,us,us
1990-12-18T02:40:49.760Z,30.336,79.117,18.7,4.9,mb,,,,1.1,us,usp0004j9c,2014-11-07T00:47:37.759Z,"14 km ENE of Rudrapray?g, India",earthquake,,,,30,reviewed,us,us
1990-12-20T17:04:44.080Z,28.138,82.944,66.8,4.8,mb,,,,1.2,us,usp0004jd6,2014-11-07T00:47:38.223Z,"53 km ESE of Besisahar, Nepal",earthquake,,8.8,,9,reviewed,us,us
1990-12-29T19:24:12.150Z,26.619,92.579,33,5,mb,,,,1.2,us,usp0004jyc,2014-11-07T00:47:40.447Z,"13 km SE of Dhekiajuli, India",earthquake,,,,7,reviewed,us,us
1991-01-28T22:24:46.690Z,26.029,95.292,33,5,mb,,,,1,us,usp0004m9u,2014-11-07T00:47:53.493Z,"53 km ESE of Tuensang, India",earthquake,,,,1,reviewed,us,us
1991-02-12T13:01:00.280Z,29.67,96.908,17.4,4.9,mb,,,,1.1,us,usp0004mv9,2022-04-28T19:22:58.242Z,"163 km S of Qamdo, China",earthquake,,,,20,reviewed,us,us
1991-02-12T14:02:56.300Z,30.614,79.288,33,4.1,mb,,,,1.2,us,usp0004mvf,2014-11-07T00:47:59.639Z,"24 km NNW of P?palkoti, India",earthquake,,,,2,reviewed,us,us
1991-02-13T16:28:19.770Z,29.727,96.888,33,4.7,mb,,,,1.5,us,usp0004mwn,2014-11-07T00:47:59.825Z,"158 km S of Qamdo, China",earthquake,,,,9,reviewed,us,us
1991-03-15T04:28:16.300Z,28.317,87.683,42.6,4.6,mb,,,,1.2,us,usp0004p2m,2014-11-07T00:48:12.158Z,"94 km ENE of Lobujya, Nepal",earthquake,,16.7,,7,reviewed,us,us
1991-03-23T05:47:02.560Z,31.622,90.636,33,4.1,mb,,,,0.8,us,usp0004pdk,2014-11-07T00:48:13.646Z,"135 km W of Nagqu, China",earthquake,,,,3,reviewed,us,us
1991-03-27T22:08:04.870Z,26.318,97.226,33,4,mb,,,,1.5,us,usp0004pn4,2014-11-07T00:48:14.725Z,"43 km ENE of Sarupathar, India",earthquake,,,,5,reviewed,us,us
1991-04-09T22:59:11.640Z,26.358,93.025,67.2,4.4,mb,,,,1.2,us,usp0004q50,2014-11-07T00:48:20.768Z,"37 km SE of Tezpur, India",earthquake,,13,,10,reviewed,us,us
1991-04-22T08:48:29.990Z,30.08,79.72,33,4.6,mb,,,,0.8,us,usp0004qns,2014-11-07T00:48:26.107Z,"27 km N of B?geshwar, India",earthquake,,,,20,reviewed,us,us
1991-04-27T10:04:56.500Z,29.703,94.755,33,4.4,mb,,,,0.8,us,usp0004qwu,2014-11-07T00:48:27.702Z,"135 km NNE of Shi Yomi, India",earthquake,,,,10,reviewed,us,us
1991-05-11T17:34:08.350Z,26.456,96.237,107.1,4.9,mb,,,,1.3,us,usp0004rh3,2014-11-07T00:48:34.029Z,"63 km WNW of Sarupathar, India",earthquake,,12.5,,8,reviewed,us,us
1991-05-18T04:52:19.070Z,31.654,80.092,24,4.6,mb,,,,1.3,us,usp0004rsv,2014-11-07T00:48:35.790Z,"131 km NNE of Josh?math, India",earthquake,,15.1,,19,reviewed,us,us
1991-05-18T06:59:22.130Z,31.675,80.092,42.6,4.5,mb,,,,1,us,usp0004rt3,2014-11-07T00:48:35.827Z,"133 km NNE of Josh?math, India",earthquake,,12,,13,reviewed,us,us
1991-05-20T00:20:39.920Z,30.985,86.774,33,4.6,mb,,,,1.1,us,usp0004rvf,2014-11-07T00:48:36.103Z,"236 km NE of Saga, China",earthquake,,,,20,reviewed,us,us
1991-05-23T18:38:09.260Z,31.411,86.755,33,4.3,ms,,,,1.4,us,usp0004s0h,2014-11-07T00:48:37.122Z,"274 km NNE of Saga, China",earthquake,,,,2,reviewed,us,us
1991-05-26T05:29:14.870Z,29.34,80.332,64.9,4.5,mb,,,,1,us,usp0004s37,2014-11-07T00:48:37.438Z,"24 km ESE of Lohagh?t, India",earthquake,,10.8,,19,reviewed,us,us
1991-05-27T21:06:57.360Z,29.349,80.304,52.6,4.6,mb,,,,1,us,usp0004s5j,2014-11-07T00:48:37.709Z,"21 km ESE of Lohagh?t, India",earthquake,,8.6,,19,reviewed,us,us
1991-06-01T02:49:24.700Z,28.743,81.714,33,4.3,mb,,,,1.3,us,usp0004sc1,2014-11-07T00:48:40.087Z,"11 km S of Dailekh, Nepal",earthquake,,,,7,reviewed,us,us
1991-06-08T00:27:53.520Z,29.295,96.578,33,4.8,mb,,,,1.5,us,usp0004sng,2014-11-07T00:48:43.526Z,"135 km N of Hayuliang, India",earthquake,,,,1,reviewed,us,us
1991-06-10T21:30:11.950Z,29.266,80.281,58.1,4.6,mb,,,,1.2,us,usp0004sry,2014-11-07T00:48:44.091Z,"21 km ESE of Champawat, India",earthquake,,10.8,,11,reviewed,us,us
1991-06-15T17:42:12.510Z,31.175,86.582,33,4.4,mb,,,,1.2,us,usp0004szp,2014-11-07T00:48:45.179Z,"243 km NNE of Saga, China",earthquake,,,,4,reviewed,us,us
1991-06-23T10:04:00.330Z,26.637,93.187,33.2,5.3,mb,,,,0.9,us,usp0004tab,2022-04-28T19:12:05.499Z,"Assam, India",earthquake,,,,94,reviewed,us,us
1991-07-18T13:24:59.900Z,30.363,94.87,33,5,mb,,,,1,us,usp0004uap,2022-04-28T19:07:51.663Z,"208 km NNE of Shi Yomi, India",earthquake,,,,36,reviewed,us,us
1991-07-18T17:45:43.540Z,30.362,94.667,33,4.2,mb,,,,1.7,us,usp0004ub0,2014-11-07T00:48:55.876Z,"205 km N of Shi Yomi, India",earthquake,,,,2,reviewed,us,us
1991-07-20T18:52:23.970Z,30.298,94.741,33,4.5,mb,,,,0.9,us,usp0004udv,2014-11-07T00:48:56.193Z,"199 km N of Shi Yomi, India",earthquake,,,,10,reviewed,us,us
1991-07-20T19:02:30.650Z,30.326,94.838,24,4.8,mb,,,,1.2,us,usp0004udw,2022-04-28T17:24:27.599Z,"204 km NNE of Shi Yomi, India",earthquake,,7.4,,29,reviewed,us,us
1991-07-23T16:51:54.050Z,30.269,94.82,33,4.7,mb,,,,1.1,us,usp0004uhw,2022-04-28T19:08:01.270Z,"197 km NNE of Shi Yomi, India",earthquake,,,,11,reviewed,us,us
1991-07-24T06:06:44.590Z,30.302,94.785,33,4.8,mb,,,,1.1,us,usp0004ujv,2022-04-28T19:08:44.025Z,"200 km NNE of Shi Yomi, India",earthquake,,,,17,reviewed,us,us
1991-07-25T01:52:45.210Z,30.317,94.791,33,4.8,mb,,,,1.2,us,usp0004ukz,2014-11-07T00:48:58.137Z,"202 km NNE of Shi Yomi, India",earthquake,,,,13,reviewed,us,us
1991-07-28T23:58:20.290Z,30.329,94.793,33,4.9,mb,,,,0.9,us,usp0004ur4,2022-04-28T19:09:07.444Z,"203 km NNE of Shi Yomi, India",earthquake,,,,36,reviewed,us,us
1991-07-29T03:20:15.610Z,30.294,94.765,33,4.6,mb,,,,1.1,us,usp0004ura,2014-11-07T00:48:59.228Z,"199 km N of Shi Yomi, India",earthquake,,,,7,reviewed,us,us
1991-07-29T15:48:08.840Z,30.269,94.793,33,4.7,mb,,,,1.1,us,usp0004us6,2014-11-07T00:48:59.307Z,"197 km NNE of Shi Yomi, India",earthquake,,,,18,reviewed,us,us
1991-07-30T22:22:05.960Z,30.385,94.795,33,4.8,mb,,,,1.3,us,usp0004utk,2022-04-28T19:09:14.952Z,"209 km NNE of Shi Yomi, India",earthquake,,,,21,reviewed,us,us
1991-08-16T01:23:27.540Z,30.861,78.651,33,4.2,mb,,,,0.2,us,usp0004ve1,2014-11-07T00:49:06.073Z,"24 km NE of Uttark?shi, India",earthquake,,,,2,reviewed,us,us
1991-08-20T05:06:25.860Z,30.63,79.767,33,4.2,mb,,,,1.5,us,usp0004vm7,2014-11-07T00:49:06.888Z,"21 km ENE of Joshīmath, India",earthquake,,,,5,reviewed,us,us
1991-09-09T21:54:50.560Z,28.879,94.937,33,4.8,mb,,,,1.2,us,usp0004wf4,2014-11-07T00:49:14.547Z,"67 km NE of Shi Yomi, India",earthquake,,,,23,reviewed,us,us
1991-09-12T23:06:30.180Z,29.698,95.688,34.4,4.6,mb,,,,1,us,usp0004wjs,2014-11-07T00:49:14.957Z,"182 km NE of Shi Yomi, India",earthquake,,11,,9,reviewed,us,us
1991-09-19T04:23:56.770Z,26.323,92.211,33,4.7,mb,,,,1.7,us,usp0004wsy,2014-11-07T00:49:15.879Z,"15 km WNW of Morigaon, India",earthquake,,,,11,reviewed,us,us
1991-10-15T19:11:00.950Z,30.565,79.311,33,4.5,mb,,,,1.1,us,usp0004xvj,2014-11-07T00:49:24.195Z,"19 km NW of P?palkoti, India",earthquake,,,,9,reviewed,us,us
1991-10-19T21:23:14.300Z,30.78,78.774,10.3,6.8,mwb,,,,1.2,us,usp0004y1r,2022-04-28T19:02:24.458Z,"32 km E of Uttark?shi, India",earthquake,,,,,reviewed,us,us
1991-10-19T22:41:15.440Z,30.747,78.723,17,4.8,mb,,,,1,us,usp0004y1t,2014-11-07T00:49:25.776Z,"26 km E of Uttark?shi, India",earthquake,,,,13,reviewed,us,us
1991-10-20T03:34:30.860Z,30.945,78.922,33,4.3,mb,,,,0.7,us,usp0004y27,2014-11-07T00:49:25.815Z,"51 km ENE of Uttark?shi, India",earthquake,,,,2,reviewed,us,us
1991-10-20T04:20:28.930Z,30.899,78.832,33,4.5,mb,,,,0.9,us,usp0004y2a,2014-11-07T00:49:25.819Z,"41 km ENE of Uttark?shi, India",earthquake,,,,6,reviewed,us,us
1991-10-20T05:32:26.850Z,30.79,78.686,26.5,4.9,mb,,,,0.9,us,usp0004y2g,2022-04-28T19:02:34.889Z,"24 km ENE of Uttark?shi, India",earthquake,,,,39,reviewed,us,us
1991-10-20T07:56:31.740Z,30.847,78.777,33,4.2,mb,,,,0.6,us,usp0004y2p,2014-11-07T00:49:25.857Z,"34 km ENE of Uttark?shi, India",earthquake,,,,2,reviewed,us,us
1991-10-21T14:02:47.380Z,30.777,78.8,33,4,mb,,,,0.6,us,usp0004y4f,2014-11-07T00:49:25.989Z,"34 km E of Uttark?shi, India",earthquake,,,,1,reviewed,us,us
1991-10-27T00:40:23.370Z,30.434,78.549,33,4.2,mb,,,,0.7,us,usp0004yey,2014-11-07T00:49:27.801Z,"Uttaranchal, India",earthquake,,,,3,reviewed,us,us
1991-11-11T13:42:45.050Z,26.377,93.005,33,4.4,mb,,,,0.7,us,usp0004z1s,2014-11-07T00:49:33.926Z,"34 km SE of Tezpur, India",earthquake,,,,4,reviewed,us,us
1991-11-21T04:07:19.420Z,26.642,96.446,83.8,4.9,mb,,,,0.8,us,usp0004zdn,2014-11-07T00:49:35.628Z,"60 km NW of Sarupathar, India",earthquake,,,,55,reviewed,us,us
1991-12-09T01:02:46.510Z,29.543,81.632,29.4,5.6,mb,,,,0.9,us,usp0005071,2022-04-28T18:57:16.530Z,"61 km WNW of Jumla, Nepal",earthquake,,,,96,reviewed,us,us
1991-12-15T15:59:32.830Z,29.97,93.928,33,4.8,mb,,,,1.6,us,usp00050gg,2014-11-07T00:49:44.722Z,"165 km NNW of Shi Yomi, India",earthquake,,,,7,reviewed,us,us
1991-12-21T19:52:45.500Z,27.904,88.139,57.1,4.9,mb,,,,1.2,us,usp00050rs,2014-11-07T00:49:46.277Z,"57 km NW of Mangan, India",earthquake,,8.9,,27,reviewed,us,us
1991-12-24T21:27:52.130Z,30.003,92.544,33,4.4,mb,,,,0.7,us,usp00050xr,2014-11-07T00:49:47.071Z,"144 km ENE of Lhasa, China",earthquake,,,,7,reviewed,us,us
1992-01-08T17:41:41.570Z,30.137,92.449,33,4,mb,,,,1.3,us,usp00051ja,2014-11-07T00:49:53.902Z,"141 km ENE of Lhasa, China",earthquake,,,,3,reviewed,us,us
1992-01-30T05:55:47.870Z,29.291,81.128,33,4.6,mb,,,,1.3,us,usp00052e2,2014-11-07T00:49:57.682Z,"18 km E of Dipayal, Nepal",earthquake,,,,6,reviewed,us,us
1992-02-06T03:35:15.320Z,29.61,95.521,15,5.6,mb,,,,0.9,us,usp00052pg,2022-04-28T18:54:32.214Z,"163 km NE of Shi Yomi, India",earthquake,,,,92,reviewed,us,us
1992-02-08T01:48:17.340Z,29.898,95.162,33,4.3,mb,,,,0.8,us,usp00052sg,2014-11-07T00:50:04.561Z,"169 km NNE of Shi Yomi, India",earthquake,,,,5,reviewed,us,us
1992-02-09T12:44:52.710Z,29.627,95.646,9.8,5.1,mb,,,,0.9,us,usp00052u9,2014-11-07T00:50:04.943Z,"173 km NE of Shi Yomi, India",earthquake,,,,50,reviewed,us,us
1992-02-09T14:37:34.700Z,29.66,95.607,10,4.8,mb,,,,0.8,us,usp00052uf,2014-11-07T00:50:04.960Z,"173 km NE of Shi Yomi, India",earthquake,,,,17,reviewed,us,us
1992-02-10T07:06:40.130Z,29.681,95.539,33,4.1,mb,,,,1.5,us,usp00052vc,2014-11-07T00:50:05.090Z,"170 km NE of Shi Yomi, India",earthquake,,,,3,reviewed,us,us
1992-03-02T14:48:18.150Z,30.542,78.538,33,4,mb,,,,0.6,us,usp00053s1,2014-11-07T00:50:12.755Z,"17 km NNE of Tehri, India",earthquake,,,,2,reviewed,us,us
1992-03-07T22:41:50.810Z,29.442,89.37,112.6,4.3,mb,,,,1.1,us,usp00053zy,2014-11-07T00:50:14.821Z,"51 km ENE of Rikaze, China",earthquake,,9.8,,10,reviewed,us,us
1992-03-14T12:40:26.030Z,30.664,78.829,30.3,4.8,mb,,,,0.8,us,usp000548q,2014-11-07T00:50:15.925Z,"37 km ESE of Uttark?shi, India",earthquake,,,,28,reviewed,us,us
1992-03-23T08:21:44.220Z,26.784,97.399,33,4.9,mb,,,,0.9,us,usp00054qn,2014-11-07T00:50:18.414Z,"86 km NE of Sarupathar, India",earthquake,,,,2,reviewed,us,us
1992-03-24T19:32:10.350Z,31.545,81.54,15.6,4.8,mb,,,,1.2,us,usp00054sg,2014-11-07T00:50:18.565Z,"142 km NNE of Burang, China",earthquake,,,,24,reviewed,us,us
1992-04-01T13:41:03.930Z,27.392,87.065,33,4.3,mb,,,,1.4,us,usp000556k,2014-11-07T00:50:22.864Z,"14 km W of Kh??db?ri??, Nepal",earthquake,,,,10,reviewed,us,us
1992-04-01T20:54:03.780Z,31.964,83.754,51.7,4.1,mb,,,,0.7,us,usp000556y,2014-11-07T00:50:23.097Z,"western Xizang",earthquake,,9,,11,reviewed,us,us
1992-04-04T17:43:20.710Z,28.147,87.979,33,4.9,mb,,,,1.1,us,usp00055b6,2014-11-07T00:50:24.619Z,"88 km NW of Mangan, India",earthquake,,,,41,reviewed,us,us
1992-04-09T16:30:33.070Z,27.95,96.434,33,4.3,mb,,,,1.3,us,usp00055jc,2014-11-07T00:50:25.959Z,"17 km SW of Hayuliang, India",earthquake,,,,2,reviewed,us,us
1992-04-13T03:47:51.050Z,31.958,88.339,33,4.6,mb,,,,1.4,us,usp00055qk,2014-11-07T00:50:27.031Z,"western Xizang",earthquake,,,,19,reviewed,us,us
1992-04-20T07:29:41.980Z,26.676,95.229,47.4,4.6,mb,,,,1.4,us,usp000561s,2014-11-07T00:50:28.402Z,"18 km ESE of Mon, India",earthquake,,17.4,,5,reviewed,us,us
1992-04-20T18:50:28.300Z,27.256,92.077,33,4.6,mb,,,,1.4,us,usp000562a,2014-11-07T00:50:28.470Z,"34 km W of Bomdila, India",earthquake,,,,20,reviewed,us,us
1992-04-22T06:08:49.070Z,30.968,78.242,33,4.5,mb,,,,1.2,us,usp000564r,2014-11-07T00:50:28.680Z,"18 km N of Barkot, India",earthquake,,,,13,reviewed,us,us
1992-06-02T22:07:45.370Z,28.984,81.913,56.3,5.2,mb,,,,1,us,usp00058kj,2022-04-28T18:42:50.386Z,"25 km NE of Dailekh, Nepal",earthquake,,,,88,reviewed,us,us
1992-06-08T00:25:59.120Z,28.501,94.05,10,4.5,mb,,,,0.5,us,usp00058th,2014-11-07T00:50:48.552Z,"31 km W of Shi Yomi, India",earthquake,,,,7,reviewed,us,us
1992-06-12T11:45:34.430Z,30.125,78.885,33,4.8,mb,,,,1.6,us,usp00058zs,2014-11-07T00:50:49.453Z,"10 km ESE of Pauri, India",earthquake,,,,3,reviewed,us,us
1992-06-13T15:40:05.410Z,28.945,82.927,32.9,4.9,ms,,,,1.1,us,usp000591s,2014-11-07T00:50:49.685Z,"81 km ESE of Jumla, Nepal",earthquake,,,,2,reviewed,us,us
1992-06-21T08:07:46.570Z,30.428,89.394,27.8,4.2,mb,,,,1,us,usp00059d6,2014-11-07T00:50:51.234Z,"137 km WNW of Dêqên, China",earthquake,,7.5,,2,reviewed,us,us
1992-07-24T06:24:17.620Z,29.288,90.198,33,4.8,mb,,,,1.2,us,usp0005bct,2014-11-07T00:51:07.100Z,"71 km NE of Jiangzi, China",earthquake,,,,8,reviewed,us,us
1992-07-30T08:24:46.650Z,29.584,90.163,14.1,6.1,mwb,,,,1.2,us,usp0005bqv,2022-04-28T18:42:40.564Z,"68 km SW of Dêqên, China",earthquake,,,,,reviewed,us,us
1992-07-30T09:07:39.190Z,29.899,90.272,33,4.2,mb,,,,0.6,us,usp0005bqx,2014-11-07T00:51:08.639Z,"43 km W of Dêqên, China",earthquake,,,,2,reviewed,us,us
1992-07-30T09:14:24.260Z,26.543,92.218,33,4,mb,,,,1.4,us,usp0005bqy,2014-11-07T00:51:08.641Z,"7 km ENE of Kh?rupatia, India",earthquake,,,,1,reviewed,us,us
1992-07-30T13:36:42.070Z,29.769,90.308,33,4.4,mb,,,,0.7,us,usp0005br9,2014-11-07T00:51:08.667Z,"45 km WSW of Dêqên, China",earthquake,,,,3,reviewed,us,us
1992-07-30T17:28:53.970Z,30.001,90.362,33,4.5,mb,,,,1.1,us,usp0005brg,2014-11-07T00:51:08.688Z,"34 km W of Dêqên, China",earthquake,,,,3,reviewed,us,us
1992-07-30T19:06:13.370Z,29.757,90.166,33,4.3,mb,,,,1.1,us,usp0005brn,2014-11-07T00:51:08.696Z,"58 km WSW of Dêqên, China",earthquake,,,,4,reviewed,us,us
1992-08-04T22:50:03.050Z,29.893,90.362,10,4.2,mb,,,,1,us,usp0005bzy,2014-11-07T00:51:13.568Z,"35 km WSW of Dêqên, China",earthquake,,,,5,reviewed,us,us
1992-08-08T19:50:42.630Z,29.871,90.271,33,4.3,mb,,,,0.4,us,usp0005c69,2014-11-07T00:51:14.610Z,"44 km WSW of Dêqên, China",earthquake,,,,2,reviewed,us,us
1992-08-09T15:16:30.650Z,30.931,78.487,33,4,mb,,,,0.5,us,usp0005c7b,2014-11-07T00:51:14.712Z,"22 km N of Uttark?shi, India",earthquake,,,,3,reviewed,us,us
1992-08-09T22:34:46.450Z,28.697,86.533,37.4,4.3,mb,,,,1.3,us,usp0005c7s,2014-11-07T00:51:14.808Z,"87 km NNW of Lobujya, Nepal",earthquake,,15.1,,12,reviewed,us,us
1992-08-16T20:16:40.270Z,30.135,92.105,33,5,mb,,,,1.2,us,usp0005cjq,2022-04-28T18:39:28.723Z,"110 km ENE of Lhasa, China",earthquake,,,,55,reviewed,us,us
1992-09-08T15:19:14.380Z,28.725,95.004,10,4.7,mb,,,,1,us,usp0005drm,2014-11-07T00:51:26.331Z,"64 km NNE of Along, India",earthquake,,,,3,reviewed,us,us
1992-10-31T01:56:05.240Z,27.652,93.158,33,4.4,mb,,,,0.6,us,usp0005g3n,2014-11-07T00:51:44.183Z,"67 km W of Ziro, India",earthquake,,,,4,reviewed,us,us
1992-11-11T05:27:31.050Z,27.638,92.852,68.4,4.5,mb,,,,1.5,us,usp0005gpd,2014-11-07T00:51:51.243Z,"59 km NE of Bomdila, India",earthquake,,13.8,,8,reviewed,us,us
1992-11-26T12:44:34.290Z,31.764,83.797,33,4.6,mb,,,,1.2,us,usp0005hdv,2014-11-07T00:51:54.747Z,"western Xizang",earthquake,,,,24,reviewed,us,us
1992-11-28T16:11:35.430Z,31.82,82.63,33,4.7,mb,,,,1,us,usp0005hjb,2014-11-07T00:51:55.282Z,"218 km NE of Burang, China",earthquake,,,,9,reviewed,us,us
1993-01-02T14:53:38.310Z,29.145,81.119,14.7,4.9,mb,,,,0.9,us,usp0005k7w,2022-04-28T18:21:24.835Z,"21 km SE of Dipayal, Nepal",earthquake,,,,40,reviewed,us,us
1993-01-12T08:52:43.010Z,31.169,80.309,33,4.8,mb,,,,1.3,us,usp0005knb,2014-11-07T00:52:13.450Z,"98 km NE of Josh?math, India",earthquake,,,,22,reviewed,us,us
1993-01-18T12:42:07.870Z,30.837,90.373,33,5.9,mw,,,,1.3,us,usp0005kx9,2022-04-28T18:23:14.553Z,"102 km NNW of Dêqên, China",earthquake,,,,,reviewed,us,hrv
1993-01-18T13:28:06.620Z,30.817,90.439,33,4.2,mb,,,,1.3,us,usp0005kxd,2014-11-07T00:52:15.206Z,"98 km NNW of Dêqên, China",earthquake,,,,8,reviewed,us,us
1993-01-18T14:49:43.730Z,30.865,90.45,33,4.5,mb,,,,1.4,us,usp0005kxf,2014-11-07T00:52:15.210Z,"103 km NNW of Dêqên, China",earthquake,,,,15,reviewed,us,us
1993-01-18T15:35:32.060Z,31.164,89.811,33,4,mb,,,,0.6,us,usp0005kxh,2014-11-07T00:52:15.214Z,"159 km NNW of Dêqên, China",earthquake,,,,1,reviewed,us,us
1993-02-15T08:45:50.510Z,30.851,90.388,33,4.6,mb,,,,1.1,us,usp0005n43,2014-11-07T00:52:24.402Z,"103 km NNW of Dêqên, China",earthquake,,,,17,reviewed,us,us
1993-02-16T17:21:06.130Z,30.944,90.042,33,4.5,mb,,,,0.9,us,usp0005n6m,2014-11-07T00:52:24.737Z,"126 km NNW of Dêqên, China",earthquake,,,,3,reviewed,us,us
1993-02-17T23:27:41.490Z,26.258,92.805,27.7,4.2,mb,,,,1.7,us,usp0005n8n,2014-11-07T00:52:24.958Z,"28 km N of Hoj?i, India",earthquake,,13.4,,4,reviewed,us,us
1993-03-20T14:51:59.770Z,29.084,87.333,12.2,6.2,mw,,,,1.1,us,usp0005pv9,2022-04-28T18:19:03.777Z,"135 km NNE of Lobujya, Nepal",earthquake,,,,,reviewed,us,hrv
1993-03-20T21:26:39.450Z,28.994,87.383,21.1,5.2,mw,,,,1.1,us,usp0005pvs,2022-04-28T18:19:06.179Z,"128 km NNE of Lobujya, Nepal",earthquake,,,,,reviewed,us,hrv
1993-03-25T20:16:55.620Z,29.625,80.551,33,4.6,mb,,,,0.8,us,usp0005q48,2014-11-07T00:52:38.613Z,"22 km S of D?rchul?, Nepal",earthquake,,,,12,reviewed,us,us
1993-03-31T13:44:10.110Z,29.091,87.349,20.1,5.1,mb,,,,0.9,us,usp0005qey,2022-04-28T18:19:45.912Z,"136 km NNE of Lobujya, Nepal",earthquake,,,,76,reviewed,us,us
1993-04-12T00:57:57.980Z,28.314,82.799,33,4.7,mb,,,,1.4,us,usp0005r1g,2014-11-07T00:52:48.660Z,"38 km ENE of Besisahar, Nepal",earthquake,,,,7,reviewed,us,us
1993-04-12T03:48:10.640Z,28.704,95.38,17.3,4.5,mb,,,,1.2,us,usp0005r1p,2014-11-07T00:52:48.671Z,"Arunachal Pradesh, India",earthquake,,,,6,reviewed,us,us
1993-04-13T20:47:08.670Z,26.36,96.232,85.5,4.3,mb,,,,0.6,us,usp0005r4c,2014-11-07T00:52:48.956Z,"60 km WNW of Sarupathar, India",earthquake,,10.5,,7,reviewed,us,us
1993-04-14T20:04:09.990Z,26.519,96.479,22.8,4.6,mb,,,,1.3,us,usp0005r67,2014-11-07T00:52:49.159Z,"47 km NW of Sarupathar, India",earthquake,,,,38,reviewed,us,us
1993-05-08T08:46:38.050Z,28.731,95.872,33,4.7,mb,,,,1.4,us,usp0005sdr,2014-11-07T00:52:59.010Z,"91 km NE of P?sigh?t, India",earthquake,,,,6,reviewed,us,us
1993-05-24T05:02:28.720Z,28.835,96.082,33,5,mb,,,,0.8,us,usp0005tcj,2022-04-28T18:13:44.013Z,"95 km NNW of Hayuliang, India",earthquake,,,,52,reviewed,us,us
1993-05-28T14:20:28.620Z,26.795,93.301,33,4.6,mb,,,,0.4,us,usp0005tmx,2014-11-07T00:53:05.312Z,"32 km WSW of Gohpur, India",earthquake,,,,3,reviewed,us,us
1993-06-23T17:19:26.750Z,27.529,92.616,33,4.6,mb,,,,0.8,us,usp0005v2d,2014-11-07T00:53:18.789Z,"34 km NNE of Bomdila, India",earthquake,,,,26,reviewed,us,us
1993-07-03T02:00:22.230Z,28.357,86.63,33,4.7,mb,,,,1.1,us,usp0005vht,2014-11-07T00:53:23.993Z,"48 km NNW of Lobujya, Nepal",earthquake,,,,24,reviewed,us,us
1993-07-05T21:52:37.210Z,27.864,84.978,33,4.2,mb,,,,0.9,us,usp0005vnt,2014-11-07T00:53:25.392Z,"35 km NW of Kirtipur, Nepal",earthquake,,,,7,reviewed,us,us
1993-07-05T22:11:09.840Z,27.939,85.118,33,4.7,mb,,,,1.1,us,usp0005vnw,2014-11-07T00:53:25.404Z,"32 km NNW of Kirtipur, Nepal",earthquake,,,,31,reviewed,us,us
1993-07-06T20:07:49.880Z,31.952,82.22,33,4.8,mb,,,,1.1,us,usp0005vqh,2014-11-07T00:53:25.641Z,"208 km NNE of Burang, China",earthquake,,,,52,reviewed,us,us
1993-07-09T16:23:17.350Z,26.81,86.059,33,4.6,mb,,,,1.2,us,usp0005vvm,2014-11-07T00:53:26.784Z,"15 km NE of Janakpur, Nepal",earthquake,,,,2,reviewed,us,us
1993-07-17T17:55:34.410Z,31.801,81.731,33,4.5,mb,,,,0.8,us,usp0005wu9,2014-11-07T00:53:31.567Z,"175 km NNE of Burang, China",earthquake,,,,8,reviewed,us,us
1993-07-31T19:29:21.770Z,27.976,91.944,33,4.4,mb,,,,0.5,us,usp0005xre,2014-11-07T00:53:34.935Z,"44 km N of Tawang, India",earthquake,,,,9,reviewed,us,us
1993-08-16T02:09:14.700Z,30.955,78.955,33,4,mb,,,,1,us,usp0005ymr,2014-11-07T00:53:44.596Z,"54 km ENE of Uttark?shi, India",earthquake,,,,3,reviewed,us,us
1993-08-17T22:56:44.450Z,26.089,95.665,105.7,4.3,mb,,,,1.1,us,usp0005yrp,2014-11-07T00:53:45.688Z,"86 km ESE of Tuensang, India",earthquake,,8.4,,18,reviewed,us,us
1993-08-19T03:49:27.210Z,30.085,80.037,33,4.4,mb,,,,1.2,us,usp0005ytm,2014-11-07T00:53:45.985Z,"37 km NE of B?geshwar, India",earthquake,,,,22,reviewed,us,us
1993-09-01T08:22:43.330Z,27.546,97.152,59.2,4.7,mb,,,,1.2,us,usp0005zjp,2014-11-07T00:53:52.731Z,"83 km SE of Hayuliang, India",earthquake,,17.4,,5,reviewed,us,us
1993-09-04T17:25:10.110Z,30.34,94.831,10,5.1,mb,,,,1.1,us,usp0005zrk,2014-11-07T00:53:55.090Z,"205 km NNE of Shi Yomi, India",earthquake,,,,51,reviewed,us,us
1993-09-05T06:05:54.630Z,27.293,87.31,33,4.5,mb,,,,1.2,us,usp0005zs9,2014-11-07T00:53:55.359Z,"13 km SE of Kh??db?ri??, Nepal",earthquake,,,,27,reviewed,us,us
1993-09-06T20:57:22.410Z,30.282,94.809,33,4.7,mb,,,,1.2,us,usp0005zuw,2014-11-07T00:53:55.779Z,"198 km NNE of Shi Yomi, India",earthquake,,,,27,reviewed,us,us
1993-09-12T08:03:36.870Z,31.239,83.599,33,4.4,mb,,,,1.4,us,usp000606r,2014-11-07T00:53:57.262Z,"254 km ENE of Burang, China",earthquake,,,,11,reviewed,us,us
1993-09-13T03:04:53.810Z,31.033,83.676,15.8,4.7,mb,,,,1.6,us,usp0006088,2014-11-07T00:53:57.446Z,"241 km NW of Saga, China",earthquake,,,,19,reviewed,us,us
1993-09-16T20:42:54.620Z,31.256,83.937,33,4.4,mb,,,,1.6,us,usp00060g3,2014-11-07T00:53:58.665Z,"247 km NNW of Saga, China",earthquake,,,,5,reviewed,us,us
1993-09-20T07:40:54.980Z,27.821,92.938,33,4.7,mb,,,,0.8,us,usp00060p3,2014-11-07T00:53:59.422Z,"79 km NE of Bomdila, India",earthquake,,,,13,reviewed,us,us
1993-10-20T07:23:38.640Z,28.776,82.256,33,5,mb,,,,1.2,us,usp00062aa,2022-04-28T17:58:20.747Z,"53 km E of Dailekh, Nepal",earthquake,,,,37,reviewed,us,us
1993-10-20T16:15:59.680Z,28.723,82.28,37.4,5.1,mb,,,,0.9,us,usp00062b9,2022-04-28T17:58:25.871Z,"55 km NNW of Besisahar, Nepal",earthquake,,,,55,reviewed,us,us
1993-11-14T13:20:37.670Z,30.658,80.356,33,4.4,mb,,,,0.9,us,usp00063pv,2014-11-07T00:54:24.850Z,"76 km E of Josh?math, India",earthquake,,,,6,reviewed,us,us
1993-11-22T00:27:06.820Z,28.2,82.863,33,4.4,mb,,,,1.4,us,usp0006416,2014-11-07T00:54:26.290Z,"44 km E of Besisahar, Nepal",earthquake,,,,3,reviewed,us,us
1993-12-12T23:34:18.050Z,27.263,92.076,33,4.9,mb,,,,0.8,us,usp000652a,2014-11-07T00:54:35.607Z,"34 km W of Bomdila, India",earthquake,,,,41,reviewed,us,us
1993-12-14T02:27:44.390Z,28.489,86.844,33,4.6,mb,,,,1.2,us,usp000653p,2014-11-07T00:54:35.745Z,"59 km N of Lobujya, Nepal",earthquake,,,,9,reviewed,us,us
1993-12-31T08:54:00.410Z,29.332,95.291,33,4.8,mb,,,,1.1,us,usp00065va,2014-11-07T00:54:39.355Z,"126 km NE of Shi Yomi, India",earthquake,,,,7,reviewed,us,us
1994-01-04T16:51:22.250Z,26.37,95.939,88.1,4.5,mb,,,,1.4,us,usp000660n,2014-11-07T00:54:43.363Z,"80 km SSE of Khonsa, India",earthquake,,12.1,,7,reviewed,us,us
1994-01-05T06:15:54.260Z,27.012,96.584,33,4.1,mb,,,,0.7,us,usp000661t,2014-11-07T00:54:43.826Z,"92 km NNW of Sarupathar, India",earthquake,,,,2,reviewed,us,us
1994-01-23T01:58:39.780Z,30.003,95.753,33,4.6,mb,,,,1,us,usp000678f,2014-11-07T00:54:49.889Z,"185 km SW of Qamdo, China",earthquake,,,,12,reviewed,us,us
1994-01-31T08:38:46.940Z,29.552,81.79,35.2,4.7,mb,,,,1.2,us,usp00067sj,2014-11-07T00:54:51.775Z,"49 km NW of Jumla, Nepal",earthquake,,12.3,,22,reviewed,us,us
1994-03-24T13:51:31.430Z,26.371,91.27,33,4.3,mb,,,,1,us,usp0006a3z,2014-11-07T00:55:10.732Z,"26 km ENE of Barpeta, India",earthquake,,,,6,reviewed,us,us
1994-03-29T00:25:59.280Z,30.612,79.502,33,4.1,mb,,,,0.8,us,usp0006ab5,2014-11-07T00:55:11.416Z,"8 km NW of Josh?math, India",earthquake,,,,5,reviewed,us,us
1994-03-29T06:54:21.830Z,26.687,96.508,94.4,4.5,mb,,,,0.8,us,usp0006ab9,2014-11-07T00:55:11.422Z,"61 km NNW of Sarupathar, India",earthquake,,11.1,,17,reviewed,us,us
1994-04-06T07:03:27.610Z,26.188,96.867,33,5.9,mw,,,,1,us,usp0006aqe,2022-04-28T17:44:13.992Z,"6 km ESE of Sarupathar, India",earthquake,,,,,reviewed,us,hrv
1994-04-06T07:16:59.920Z,26.232,96.749,33,4.7,mb,,,,1,us,usp0006aqf,2014-11-07T00:55:16.521Z,"6 km WNW of Sarupathar, India",earthquake,,,,16,reviewed,us,us
1994-05-06T17:52:39.610Z,26.382,93.609,33,4.3,mb,,,,1.5,us,usp0006c6j,2014-11-07T00:55:26.908Z,"28 km S of Bok?kh?t, India",earthquake,,,,5,reviewed,us,us
1994-05-10T05:29:54.130Z,29.234,83.936,33,4.4,mb,,,,1.5,us,usp0006cbm,2014-11-07T00:55:27.639Z,"92 km NNE of Chitre, Nepal",earthquake,,,,4,reviewed,us,us
1994-05-20T10:13:53.050Z,30.115,95.004,33,4.3,mb,,,,1.1,us,usp0006cup,2014-11-07T00:55:29.772Z,"186 km NNE of Shi Yomi, India",earthquake,,,,1,reviewed,us,us
1994-05-25T07:38:53.710Z,27.65,87.792,47.9,4.6,mb,,,,0.7,us,usp0006d2t,2014-11-07T00:55:31.315Z,"60 km NW of Gyalshing, India",earthquake,,17,,5,reviewed,us,us
1994-06-25T04:18:20.940Z,28.345,94.673,33,4,mb,,,,1.1,us,usp0006esr,2014-11-07T00:55:44.459Z,"23 km NNW of Along, India",earthquake,,,,3,reviewed,us,us
1994-06-25T08:32:42.830Z,27.603,85.891,33,4.3,mb,,,,0.8,us,usp0006et2,2014-11-07T00:55:44.492Z,"34 km E of Dhulikhel, Nepal",earthquake,,,,7,reviewed,us,us
1994-07-17T17:40:48.300Z,29.149,81.371,29.2,5,mb,,,,0.7,us,usp0006ftz,2014-11-07T00:55:52.617Z,"43 km ESE of Dipayal, Nepal",earthquake,,,,42,reviewed,us,us
1994-07-23T20:57:59.060Z,31.068,86.549,15.9,5.4,mw,,,,1,us,usp0006g1u,2022-04-28T17:37:32.069Z,"231 km NNE of Saga, China",earthquake,,,,,reviewed,us,hrv
1994-07-31T23:53:36.580Z,31.682,80.266,35.1,4.8,mb,,,,0.9,us,usp0006gck,2014-11-07T00:55:55.990Z,"141 km NNE of Josh?math, India",earthquake,,19.3,,15,reviewed,us,us
1994-08-01T02:25:14.470Z,31.721,80.129,33,4.5,mb,,,,0.8,us,usp0006gcq,2014-11-07T00:55:57.418Z,"139 km NNE of Josh?math, India",earthquake,,,,10,reviewed,us,us
1994-08-04T05:08:20.940Z,30.332,86.843,33,4,mb,,,,0.6,us,usp0006gh5,2014-11-07T00:55:59.810Z,"192 km NE of Saga, China",earthquake,,,,2,reviewed,us,us
1994-08-05T11:19:10.410Z,26.651,92.522,33,4.8,mb,,,,0.9,us,usp0006gjn,2014-11-07T00:56:00.515Z,"7 km SE of Dhekiajuli, India",earthquake,,,,28,reviewed,us,us
1994-09-25T00:59:01.310Z,28.159,87.254,33,4,mb,,,,1.2,us,usp0006jyy,2014-11-07T00:56:19.740Z,"48 km ENE of Lobujya, Nepal",earthquake,,,,3,reviewed,us,us
1994-10-11T05:32:45.680Z,30.15,91.938,13.9,4.8,mb,,,,1.2,us,usp0006kya,2014-11-07T00:56:30.343Z,"98 km NE of Lhasa, China",earthquake,,,,25,reviewed,us,us
1994-10-24T16:06:37.060Z,27.168,92.361,33,4.2,mb,,,,0.5,us,usp0006mn6,2014-11-07T00:56:33.335Z,"12 km SSW of Bomdila, India",earthquake,,,,3,reviewed,us,us
1994-10-25T07:29:06.150Z,27.136,92.295,33,4.9,mb,,,,0.9,us,usp0006mp8,2014-11-07T00:56:33.610Z,"19 km SW of Bomdila, India",earthquake,,,,24,reviewed,us,us
1994-12-06T23:35:15.160Z,28.964,94.654,10,4.9,mb,,,,1,us,usp0006prj,2014-11-07T00:56:55.521Z,"55 km NNE of Shi Yomi, India",earthquake,,,,35,reviewed,us,us
1994-12-08T13:01:32.760Z,30.439,79.686,67.9,4.9,mb,,,,0.7,us,usp0006pta,2014-11-07T00:56:56.015Z,"17 km SE of Josh?math, India",earthquake,,24.1,,4,reviewed,us,us
1994-12-12T10:41:36.700Z,29.508,80.712,33,4.5,mb,,,,1.1,us,usp0006pyt,2014-11-07T00:56:57.470Z,"26 km NNE of Dadeldhur?, Nepal",earthquake,,,,3,reviewed,us,us
1994-12-30T10:28:26.280Z,30.348,88.26,33,4.3,mb,,,,1.4,us,usp0006qmh,2014-11-07T00:57:00.753Z,"135 km NNW of Rikaze, China",earthquake,,,,4,reviewed,us,us
1995-01-01T19:56:13.620Z,27.773,87.587,61.1,4.9,mb,,,,0.6,us,usp0006qr3,2014-11-07T00:57:03.912Z,"57 km NE of Kh??db?ri??, Nepal",earthquake,,17.3,,3,reviewed,us,us
1995-01-19T06:33:15.330Z,28.464,83.316,10,4.3,mb,,,,1,us,usp0006rk9,2014-11-07T00:57:09.581Z,"34 km NW of B?glung, Nepal",earthquake,,,,14,reviewed,us,us
1995-01-27T17:20:05.390Z,28.977,81.475,33,4.2,mb,,,,1.1,us,usp0006ryy,2014-11-07T00:57:11.285Z,"27 km WNW of Dailekh, Nepal",earthquake,,,,10,reviewed,us,us
1995-01-30T03:06:56.720Z,29.286,82.217,51.8,4.1,mb,,,,0.6,us,usp0006s38,2014-11-07T00:57:12.362Z,"3 km ENE of Jumla, Nepal",earthquake,,7.4,,11,reviewed,us,us
1995-01-30T13:56:46.970Z,28.349,82.457,80.6,4,mb,,,,1.1,us,usp0006s3s,2014-11-07T00:57:12.392Z,"13 km NNE of Besisahar, Nepal",earthquake,,11.6,,1,reviewed,us,us
1995-02-02T10:40:31.280Z,30.045,87.841,10,4.4,mb,,,,1.3,us,usp0006s8g,2014-11-07T00:57:15.593Z,"133 km NW of Rikaze, China",earthquake,,,,10,reviewed,us,us
1995-02-04T07:10:44.480Z,31.105,81.714,33,4.2,mb,,,,0.9,us,usp0006sbq,2014-11-07T00:57:16.848Z,"103 km NNE of Burang, China",earthquake,,,,7,reviewed,us,us
1995-02-10T05:43:45.850Z,26.103,96.193,93.4,4,mb,,,,1.2,us,usp0006spk,2014-11-07T00:57:18.612Z,"62 km W of Sarupathar, India",earthquake,,14.1,,7,reviewed,us,us
1995-02-17T02:44:25.050Z,27.635,92.371,39.3,5.5,mw,,,,1,us,usp0006t34,2022-04-29T17:40:42.377Z,"41 km N of Bomdila, India",earthquake,,,,,reviewed,us,hrv
1995-03-11T01:38:08.810Z,30.089,88.285,10,4.2,mb,,,,1,us,usp0006u1f,2014-11-07T00:57:29.696Z,"109 km NNW of Rikaze, China",earthquake,,,,16,reviewed,us,us
1995-03-16T23:03:48.000Z,30.203,88.048,33,4.2,mb,,,,1.1,us,usp0006u9w,2014-11-07T00:57:31.408Z,"133 km NW of Rikaze, China",earthquake,,,,7,reviewed,us,us
1995-03-16T23:25:55.970Z,29.94,87.954,16.7,4.4,mb,,,,0.8,us,usp0006u9x,2014-11-07T00:57:31.410Z,"118 km NW of Rikaze, China",earthquake,,7.9,,13,reviewed,us,us
1995-03-21T10:03:25.020Z,30.68,90.249,33,4.7,mb,,,,0.7,us,usp0006uh0,2014-11-07T00:57:32.632Z,"91 km NNW of Dêqên, China",earthquake,,,,29,reviewed,us,us
1995-03-24T08:12:39.960Z,28.859,87.767,33,4.5,mb,,,,1.3,us,usp0006und,2014-11-07T00:57:33.088Z,"117 km WSW of Rikaze, China",earthquake,,,,7,reviewed,us,us
1995-03-26T12:04:15.040Z,30.964,90.614,33,4.3,mb,,,,1.2,us,usp0006us3,2014-11-07T00:57:33.867Z,"111 km N of Dêqên, China",earthquake,,,,10,reviewed,us,us
1995-03-26T18:22:35.180Z,27.642,92.399,33,4.7,mb,,,,0.8,us,usp0006usq,2014-11-07T00:57:33.921Z,"41 km N of Bomdila, India",earthquake,,,,36,reviewed,us,us
1995-03-29T19:11:20.520Z,28.772,84.203,33,4.7,mb,,,,0.9,us,usp0006uwx,2014-11-07T00:57:34.318Z,"60 km NNE of Pokhara, Nepal",earthquake,,,,6,reviewed,us,us
1995-04-14T07:36:12.300Z,30.049,88.07,33,4.2,mb,,,,0.7,us,usp0006vn4,2014-11-07T00:57:41.939Z,"118 km NW of Rikaze, China",earthquake,,,,9,reviewed,us,us
1995-04-17T01:32:45.040Z,29.691,81.52,18.8,4.8,mb,,,,1.1,us,usp0006vss,2014-11-07T00:57:42.918Z,"73 km NE of Dipayal, Nepal",earthquake,,,,29,reviewed,us,us
1995-04-17T17:34:34.290Z,29.694,81.448,22.6,4.7,mb,,,,1,us,usp0006vu0,2014-11-07T00:57:43.126Z,"68 km NE of Dipayal, Nepal",earthquake,,,,9,reviewed,us,us
1995-04-18T19:47:44.900Z,30.288,88.085,33,4.2,mb,,,,1.2,us,usp0006vvn,2014-11-07T00:57:43.504Z,"138 km NW of Rikaze, China",earthquake,,,,12,reviewed,us,us
1995-04-24T04:29:01.470Z,29.889,88.253,33,4.6,mb,,,,1.1,us,usp0006w8w,2014-11-07T00:57:45.715Z,"western Xizang",earthquake,,,,30,reviewed,us,us
1995-04-24T11:07:55.650Z,30.002,88.181,38.8,4.1,mb,,,,0.6,us,usp0006w9c,2014-11-07T00:57:45.783Z,"107 km NW of Rikaze, China",earthquake,,21.7,,5,reviewed,us,us
1995-05-30T23:43:51.820Z,27.141,95.659,33,4.9,mb,,,,1.5,us,usp0006ybu,2014-11-07T00:58:01.313Z,"15 km S of Margherita, India",earthquake,,,,2,reviewed,us,us
1995-06-27T05:48:25.150Z,26.209,96.342,33,4.6,mb,,,,0.4,us,usp0006zsa,2014-11-07T00:58:12.062Z,"46 km W of Sarupathar, India",earthquake,,,,4,reviewed,us,us
1995-06-28T20:04:28.380Z,28.362,91.893,28.4,4.4,mb,,,,1.2,us,usp0006zur,2014-11-07T00:58:12.355Z,"87 km N of Tawang, India",earthquake,,,,15,reviewed,us,us
1995-06-28T21:46:52.200Z,31.128,86.834,33,4.5,mb,,,,1.1,us,usp0006zv0,2014-11-07T00:58:12.395Z,"252 km NE of Saga, China",earthquake,,,,40,reviewed,us,us
1995-07-03T00:59:47.960Z,27.361,92.42,33,4.7,mb,,,,1,us,usp000701u,2014-11-07T00:58:16.566Z,"10 km N of Bomdila, India",earthquake,,,,44,reviewed,us,us
1995-07-04T16:40:36.350Z,30.302,94.883,44.6,4.8,mb,,,,1,us,usp000704d,2014-11-07T00:58:17.737Z,"202 km NNE of Shi Yomi, India",earthquake,,7.3,,50,reviewed,us,us
1995-07-04T18:29:45.490Z,30.386,94.797,33,4,mb,,,,0.8,us,usp000704p,2014-11-07T00:58:17.789Z,"209 km NNE of Shi Yomi, India",earthquake,,,,8,reviewed,us,us
1995-07-06T05:25:10.790Z,30.194,94.836,62.1,4.5,mb,,,,0.9,us,usp0007079,2014-11-07T00:58:18.296Z,"189 km NNE of Shi Yomi, India",earthquake,,8.7,,19,reviewed,us,us
1995-07-16T09:27:12.550Z,30.317,94.828,33,4.9,mb,,,,1.1,us,usp00070nf,2014-11-07T00:58:21.598Z,"202 km NNE of Shi Yomi, India",earthquake,,,,63,reviewed,us,us
1995-07-19T16:08:22.670Z,30.321,94.866,33,4.9,mb,,,,1.1,us,usp00070s2,2014-11-07T00:58:22.178Z,"204 km NNE of Shi Yomi, India",earthquake,,,,60,reviewed,us,us
1995-07-28T07:57:27.340Z,30.733,86.414,69.8,4.3,mb,,,,1.1,us,usp000712g,2014-11-07T00:58:23.631Z,"193 km NE of Saga, China",earthquake,,9.2,,17,reviewed,us,us
1995-07-30T07:04:02.530Z,30.266,88.229,45,4.8,mb,,,,1.1,us,usp000715c,2022-04-29T20:18:29.119Z,"129 km NNW of Rikaze, China",earthquake,,6.5,,55,reviewed,us,us
1995-07-30T12:54:10.190Z,26.94,92.647,33,4.3,mb,,,,1.1,us,usp000716m,2014-11-07T00:58:24.395Z,"11 km N of Rang?p?ra, India",earthquake,,,,8,reviewed,us,us
1995-08-03T03:05:44.440Z,29.968,81.538,26.5,4.7,ms,,,,1.3,us,usp00071cq,2014-11-07T00:58:28.503Z,"50 km SE of Burang, China",earthquake,,,,1,reviewed,us,us
1995-08-07T00:12:21.770Z,29.862,81.536,30.1,4.1,mb,,,,1.3,us,usp00071hy,2014-11-07T00:58:30.024Z,"59 km SE of Burang, China",earthquake,,7,,12,reviewed,us,us
1995-08-08T16:52:48.010Z,26.223,90.202,28.1,4.4,mb,,,,1.1,us,usp00071ky,2014-11-07T00:58:30.373Z,"3 km WSW of Bil?sip?ra, India",earthquake,,,,10,reviewed,us,us
1995-08-08T19:09:57.430Z,30.09,81.746,33,4.2,mb,,,,0.4,us,usp00071m4,2014-11-07T00:58:30.405Z,"59 km ESE of Burang, China",earthquake,,,,4,reviewed,us,us
1995-08-22T00:46:53.300Z,30.257,97.203,33,4.2,mb,,,,1.2,us,usp0007286,2014-11-07T00:58:34.404Z,"96 km S of Qamdo, China",earthquake,,,,10,reviewed,us,us
1995-09-05T16:19:17.050Z,27.094,96.68,33,4.3,mb,,,,1.4,us,usp00072yd,2014-11-07T00:58:41.342Z,"99 km N of Sarupathar, India",earthquake,,,,3,reviewed,us,us
1995-09-24T22:51:52.540Z,28.967,97.595,33,4.6,mb,,,,1.3,us,usp00073xv,2014-11-07T00:58:46.802Z,"142 km NE of Hayuliang, India",earthquake,,,,15,reviewed,us,us
1995-09-26T04:56:56.030Z,27.138,96.832,33,4.6,mb,,,,1.2,us,usp000740b,2014-11-07T00:58:47.229Z,"103 km N of Sarupathar, India",earthquake,,,,36,reviewed,us,us
1995-09-29T09:47:54.520Z,26.769,91.601,33,4.4,mb,,,,1.3,us,usp0007458,2014-11-07T00:58:47.959Z,"10 km ESE of Samdrup Jongkhar, Bhutan",earthquake,,,,7,reviewed,us,us
1995-09-30T16:36:59.410Z,30.243,86.056,33,4,mb,,,,1.4,us,usp000747k,2014-11-07T00:58:48.228Z,"129 km NE of Saga, China",earthquake,,,,5,reviewed,us,us
1995-10-02T20:42:19.080Z,26.256,96.356,116.7,4.2,mb,,,,1.3,us,usp00074bn,2014-11-07T00:58:52.323Z,"45 km W of Sarupathar, India",earthquake,,11.8,,15,reviewed,us,us
1995-10-04T14:39:53.860Z,28.253,84.328,33,4.4,mb,,,,1,us,usp00074gc,2014-11-07T00:58:53.689Z,"35 km E of Pokhara, Nepal",earthquake,,,,12,reviewed,us,us
1995-10-05T17:40:16.770Z,30.163,88.233,57.8,4.8,mb,,,,1.3,us,usp00074js,2014-11-07T00:58:54.045Z,"119 km NNW of Rikaze, China",earthquake,,5.4,,53,reviewed,us,us
1995-10-21T19:39:39.830Z,31.432,78.963,33,4.9,mb,,,,0.5,us,usp00075hk,2014-11-07T00:58:59.941Z,"92 km NNE of Uttark?shi, India",earthquake,,,,1,reviewed,us,us
1995-10-27T11:33:23.450Z,28.734,83.52,33,4.3,mb,,,,1,us,usp00075v7,2014-11-07T00:59:01.454Z,"37 km NNW of Chitre, Nepal",earthquake,,,,10,reviewed,us,us
1995-11-09T19:35:46.960Z,27.503,96.816,65.8,4.3,mb,,,,1,us,usp00076j7,2014-11-07T00:59:08.760Z,"68 km SSE of Hayuliang, India",earthquake,,17.5,,2,reviewed,us,us
1995-11-25T20:49:17.380Z,31.105,86.8,33,4.7,mb,,,,1.1,us,usp00077gx,2014-11-07T00:59:13.905Z,"248 km NE of Saga, China",earthquake,,,,55,reviewed,us,us
1995-11-26T04:37:44.890Z,31.106,86.724,33,4.5,ms,,,,1.2,us,usp00077hn,2014-11-07T00:59:13.992Z,"244 km NE of Saga, China",earthquake,,,,2,reviewed,us,us
1995-11-26T20:21:29.890Z,31.999,78.534,30.4,4.2,mb,,,,0.7,us,usp00077k7,2014-11-07T00:59:14.111Z,"88 km NE of Sar?han, India",earthquake,,7,,16,reviewed,us,us
1995-11-27T21:44:02.090Z,30.693,79.232,37.5,4.6,mb,,,,0.9,us,usp00077nd,2014-11-07T00:59:14.394Z,"35 km NNW of P?palkoti, India",earthquake,,8,,32,reviewed,us,us
1995-12-01T20:09:21.400Z,26.195,92.237,57.6,4.4,mb,,,,1,us,usp00077x9,2014-11-07T00:59:18.549Z,"12 km WSW of Morigaon, India",earthquake,,10.7,,26,reviewed,us,us
1995-12-04T17:54:56.490Z,27.26,92.01,62.3,4.6,mb,,,,0.8,us,usp000788b,2014-11-07T00:59:21.830Z,"35 km SSE of Tawang, India",earthquake,,13.5,,18,reviewed,us,us
1995-12-11T09:49:29.890Z,28.707,88.14,33,4.1,mb,,,,1.5,us,usp00078te,2014-11-07T00:59:25.453Z,"94 km SW of Rikaze, China",earthquake,,,,7,reviewed,us,us
1995-12-12T05:42:32.260Z,26.852,96.059,33,5.1,mb,,,,1,us,usp00078v5,2014-11-07T00:59:25.719Z,"52 km ESE of Khonsa, India",earthquake,,,,2,reviewed,us,us
1995-12-24T19:02:07.220Z,27.527,86.265,33,4.2,mb,,,,1.3,us,usp00079jd,2014-11-07T00:59:29.039Z,"53 km SW of Namche Bazar, Nepal",earthquake,,,,10,reviewed,us,us
1995-12-25T16:56:09.440Z,31.152,89.379,33,4.2,mb,,,,1,us,usp00079m2,2014-11-07T00:59:29.314Z,"184 km NW of Dêqên, China",earthquake,,,,14,reviewed,us,us
1995-12-27T04:15:01.130Z,30.232,88.265,33,4.4,mb,,,,1.2,us,usp00079ph,2014-11-07T00:59:29.699Z,"124 km NNW of Rikaze, China",earthquake,,,,23,reviewed,us,us
1996-01-19T12:26:17.220Z,28.991,86.575,33,4.1,ml,,,,1.1,us,usp0007bbz,2014-11-07T00:59:41.839Z,"117 km NNW of Lobujya, Nepal",earthquake,,,,,reviewed,us,dmn
1996-01-23T17:34:41.000Z,30.483,79.413,33,4.3,mb,,,,1,us,usp0007bkj,2014-11-07T00:59:42.841Z,"6 km NNW of P?palkoti, India",earthquake,,,,28,reviewed,us,us
1996-01-25T07:15:13.930Z,28.696,87.223,33,4.4,mb,,,,1.5,us,usp0007bpf,2014-11-07T00:59:43.167Z,"91 km NNE of Lobujya, Nepal",earthquake,,,,21,reviewed,us,us
1996-01-26T02:21:11.280Z,30.905,91.523,33,5.1,mb,,,,0.8,us,usp0007br3,2022-04-29T20:07:04.067Z,"81 km SW of Nagqu, China",earthquake,,,,93,reviewed,us,us
1996-01-27T00:35:04.210Z,28.106,84.352,10,4.3,ml,,,,0.8,us,usp0007bt4,2014-11-07T00:59:43.766Z,"41 km ESE of Pokhara, Nepal",earthquake,,,,,reviewed,us,dmn
1996-02-07T10:57:00.280Z,29.596,80.49,50.3,4.2,mb,,,,1.4,us,usp0007cgu,2014-11-07T00:59:51.478Z,"26 km SSW of D?rchul?, Nepal",earthquake,,8.2,,12,reviewed,us,us
1996-02-12T09:32:05.340Z,28.458,88.282,33,4.2,mb,,,,0.9,us,usp0007ct2,2014-11-07T00:59:52.946Z,"105 km SSW of Rikaze, China",earthquake,,,,3,reviewed,us,us
1996-02-16T03:02:23.500Z,28.634,91.934,33,4.4,mb,,,,1.3,us,usp0007d03,2014-11-07T00:59:53.907Z,"117 km N of Tawang, India",earthquake,,,,7,reviewed,us,us
1996-02-17T06:59:56.980Z,26.138,90.687,50,4.3,mb,,,,0.5,us,usp0007d2d,2014-11-07T00:59:54.345Z,"7 km SE of Go?lp?ra, India",earthquake,,,,3,reviewed,us,us
1996-02-18T19:19:24.080Z,29.952,83.968,33,4.2,mb,,,,1.2,us,usp0007dcy,2014-11-07T00:59:55.830Z,"140 km WNW of Saga, China",earthquake,,,,17,reviewed,us,us
1996-02-22T01:11:27.330Z,28.008,87.23,33,4.1,ml,,,,1.3,us,usp0007dnn,2014-11-07T00:59:57.068Z,"41 km E of Lobujya, Nepal",earthquake,,,,,reviewed,us,dmn
1996-02-26T20:29:15.540Z,30.283,84.1,33,4.1,mb,,,,1,us,usp0007dzu,2014-11-07T00:59:59.011Z,"152 km NW of Saga, China",earthquake,,,,2,reviewed,us,us
1996-03-05T09:27:33.610Z,26.48,92.96,33,4.1,mb,,,,1,us,usp0007ebz,2014-11-07T01:00:03.877Z,"23 km SE of Tezpur, India",earthquake,,,,6,reviewed,us,us
1996-03-12T21:20:15.270Z,30.014,88.151,11.9,4.9,mb,,,,0.8,us,usp0007enp,2014-11-07T01:00:05.726Z,"110 km NW of Rikaze, China",earthquake,,,,38,reviewed,us,us
1996-03-20T12:51:05.620Z,30.104,88.469,33,4,mb,,,,1.4,us,usp0007f0n,2014-11-07T01:00:07.450Z,"102 km NNW of Rikaze, China",earthquake,,,,4,reviewed,us,us
1996-03-21T06:04:15.730Z,30.187,87.933,33,4,mb,,,,0.5,us,usp0007f1p,2014-11-07T01:00:07.560Z,"138 km NW of Rikaze, China",earthquake,,,,8,reviewed,us,us
1996-03-23T16:07:34.230Z,27.167,88.302,33,4,mb,,,,0.3,us,usp0007f6e,2014-11-07T01:00:08.154Z,"6 km W of Namchi, India",earthquake,,,,7,reviewed,us,us
1996-03-26T08:30:25.270Z,30.651,79.102,47.4,4.8,mb,,,,0.8,us,usp0007fab,2022-04-29T20:14:45.212Z,"40 km NW of P?palkoti, India",earthquake,,,,46,reviewed,us,us
1996-04-22T04:43:21.690Z,30.048,92.074,33,4.5,mb,,,,0.6,us,usp0007gfa,2014-11-07T01:00:18.556Z,"103 km ENE of Lhasa, China",earthquake,,,,19,reviewed,us,us
1996-04-26T16:30:58.490Z,27.825,87.821,33,5,mb,,,,0.9,us,usp0007gmx,2022-04-29T20:18:25.790Z,"73 km NW of Gyalshing, India",earthquake,,,,35,reviewed,us,us
1996-05-10T04:26:49.620Z,30.01,88.072,33,4.5,mb,,,,0.9,us,usp0007h6d,2014-11-07T01:00:26.391Z,"115 km NW of Rikaze, China",earthquake,,,,28,reviewed,us,us
1996-05-10T09:07:01.870Z,30.001,88.069,33,4.8,mb,,,,0.8,us,usp0007h6s,2022-04-29T20:20:09.974Z,"114 km NW of Rikaze, China",earthquake,,,,42,reviewed,us,us
1996-05-10T09:10:13.390Z,30.117,88.248,33,4.1,mb,,,,0.6,us,usp0007h6t,2014-11-07T01:00:26.452Z,"114 km NNW of Rikaze, China",earthquake,,,,11,reviewed,us,us
1996-05-10T21:34:57.620Z,30.133,88.314,33,4,mb,,,,1,us,usp0007h7e,2014-11-07T01:00:26.523Z,"112 km NNW of Rikaze, China",earthquake,,,,8,reviewed,us,us
1996-05-11T03:58:50.290Z,29.984,88.077,33,4.8,mb,,,,1,us,usp0007h7t,2022-04-29T17:51:29.981Z,"112 km NW of Rikaze, China",earthquake,,,,56,reviewed,us,us
1996-05-11T04:48:32.230Z,30.156,88.111,33,4.3,mb,,,,0.8,us,usp0007h7x,2014-11-07T01:00:26.614Z,"125 km NW of Rikaze, China",earthquake,,,,14,reviewed,us,us
1996-05-11T07:27:11.280Z,29.965,88.087,33,4.3,mb,,,,1,us,usp0007h81,2014-11-07T01:00:26.624Z,"110 km NW of Rikaze, China",earthquake,,,,18,reviewed,us,us
1996-05-14T05:41:08.930Z,29.682,87.935,33,4.1,mb,,,,1.4,us,usp0007hcq,2014-11-07T01:00:27.195Z,"103 km WNW of Rikaze, China",earthquake,,,,12,reviewed,us,us
1996-05-14T19:05:30.550Z,26.551,92.397,36.8,4.6,mb,,,,1.4,us,usp0007hdj,2014-11-07T01:00:27.356Z,"11 km NW of Dhing, India",earthquake,,,,34,reviewed,us,us
1996-05-17T17:03:48.280Z,30.221,88.21,33,4.3,mb,,,,0.8,us,usp0007hgv,2014-11-07T01:00:27.774Z,"125 km NNW of Rikaze, China",earthquake,,,,13,reviewed,us,us
1996-05-17T17:04:39.810Z,30.058,88.143,33,4.6,mb,,,,0.8,us,usp0007hgw,2014-11-07T01:00:27.777Z,"114 km NW of Rikaze, China",earthquake,,,,35,reviewed,us,us
1996-05-17T17:05:39.750Z,30.164,88.188,33,4.3,mb,,,,0.9,us,usp0007hgx,2014-11-07T01:00:27.782Z,"121 km NW of Rikaze, China",earthquake,,,,12,reviewed,us,us
1996-05-21T00:35:44.410Z,29.221,91.996,33,4.1,mb,,,,0.6,us,usp0007hmj,2014-11-07T01:00:28.282Z,"99 km ESE of Lhasa, China",earthquake,,,,11,reviewed,us,us
1996-05-21T19:51:38.140Z,26.794,92.77,33,4.2,mb,,,,1,us,usp0007hne,2014-11-07T01:00:28.352Z,"11 km ESE of Rang?p?ra, India",earthquake,,,,12,reviewed,us,us
1996-06-03T04:17:01.370Z,27.92,93.79,33,4.1,mb,,,,1.4,us,usp0007j33,2014-11-07T01:00:33.475Z,"36 km N of Ziro, India",earthquake,,,,15,reviewed,us,us
1996-06-09T23:25:18.500Z,28.325,92.201,83.2,5.2,mwc,,,,0.9,us,usp0007jcg,2025-12-19T22:39:54.661Z,"87 km NNE of Tawang, India",earthquake,,,,,reviewed,us,hrv
1996-06-18T01:29:37.280Z,30.123,86.706,33,4,mb,,,,1.3,us,usp0007jxa,2014-11-07T01:00:38.604Z,"168 km ENE of Saga, China",earthquake,,,,9,reviewed,us,us
1996-06-18T02:46:10.970Z,30.525,79.266,33,4,mb,,,,0.6,us,usp0007jxd,2014-11-07T01:00:38.609Z,"19 km NW of P?palkoti, India",earthquake,,,,2,reviewed,us,us
1996-06-27T16:21:21.820Z,27.048,92.211,33,4.2,mb,,,,1.1,us,usp0007kc9,2014-11-07T01:00:41.026Z,"32 km SW of Bomdila, India",earthquake,,,,14,reviewed,us,us
1996-07-03T06:44:45.550Z,30.147,88.189,33,5.7,mwb,,,,1,us,usp0007kna,2022-04-29T20:24:08.372Z,"120 km NW of Rikaze, China",earthquake,,,,,reviewed,us,us
1996-07-03T07:00:28.980Z,29.862,88.113,33,4.1,mb,,,,1.2,us,usp0007knb,2014-11-07T01:00:45.080Z,"100 km NW of Rikaze, China",earthquake,,,,10,reviewed,us,us
1996-07-03T07:10:15.930Z,30.468,88.187,33,4.1,mb,,,,1.3,us,usp0007knc,2014-11-07T01:00:45.085Z,"150 km NNW of Rikaze, China",earthquake,,,,11,reviewed,us,us
1996-07-03T07:15:42.960Z,29.993,87.944,33,4,mb,,,,1.2,us,usp0007kne,2014-11-07T01:00:45.093Z,"122 km NW of Rikaze, China",earthquake,,,,6,reviewed,us,us
1996-07-03T10:10:33.860Z,29.923,88.187,33,5,mwc,,,,0.9,us,usp0007knp,2022-04-29T20:24:19.655Z,"100 km NW of Rikaze, China",earthquake,,,,,reviewed,us,hrv
1996-07-03T10:19:42.950Z,30.017,88.214,33,4.3,mb,,,,1.2,us,usp0007knq,2014-11-07T01:00:45.173Z,"106 km NW of Rikaze, China",earthquake,,,,15,reviewed,us,us
1996-07-03T10:49:50.520Z,29.873,87.846,33,4.1,mb,,,,0.8,us,usp0007knr,2014-11-07T01:00:45.182Z,"121 km NW of Rikaze, China",earthquake,,,,8,reviewed,us,us
1996-07-03T16:57:40.470Z,29.955,88.061,33,4.2,mb,,,,0.7,us,usp0007kp3,2014-11-07T01:00:45.310Z,"111 km NW of Rikaze, China",earthquake,,,,10,reviewed,us,us
1996-07-04T03:38:23.680Z,30.069,88.219,33,4.3,mb,,,,0.5,us,usp0007kpr,2014-11-07T01:00:45.601Z,"111 km NW of Rikaze, China",earthquake,,,,11,reviewed,us,us
1996-07-04T18:11:04.670Z,30.009,88.077,33,4.9,mb,,,,1,us,usp0007kqg,2022-04-29T20:24:30.617Z,"114 km NW of Rikaze, China",earthquake,,,,33,reviewed,us,us
1996-07-05T13:09:56.180Z,30.06,88.08,33,4.2,mb,,,,1,us,usp0007krh,2014-11-07T01:00:46.280Z,"118 km NW of Rikaze, China",earthquake,,,,11,reviewed,us,us
1996-07-08T00:18:36.200Z,30.05,88.155,33,4.5,mb,,,,1,us,usp0007kua,2014-11-07T01:00:46.899Z,"113 km NW of Rikaze, China",earthquake,,,,27,reviewed,us,us
1996-07-08T23:28:29.910Z,30.385,88.207,33,4,mb,,,,1.5,us,usp0007kve,2014-11-07T01:00:47.050Z,"141 km NNW of Rikaze, China",earthquake,,,,7,reviewed,us,us
1996-07-08T23:57:55.280Z,30.298,88.24,33,4.1,mb,,,,1.3,us,usp0007kvg,2014-11-07T01:00:47.055Z,"131 km NNW of Rikaze, China",earthquake,,,,10,reviewed,us,us
1996-07-10T17:41:35.230Z,29.148,81.674,33,4,mb,,,,0.7,us,usp0007kxu,2014-11-07T01:00:47.351Z,"33 km N of Dailekh, Nepal",earthquake,,,,5,reviewed,us,us
1996-07-12T02:09:17.950Z,30.06,87.887,33,4.3,mb,,,,1.1,us,usp0007kyw,2014-11-07T01:00:47.434Z,"131 km NW of Rikaze, China",earthquake,,,,13,reviewed,us,us
1996-07-12T03:47:39.980Z,30.384,88.456,33,4.2,mb,,,,0.7,us,usp0007kz0,2014-11-07T01:00:47.445Z,"132 km NNW of Rikaze, China",earthquake,,,,9,reviewed,us,us
1996-07-12T11:54:31.560Z,30.066,88.103,33,4.2,mb,,,,0.6,us,usp0007kz8,2014-11-07T01:00:47.491Z,"117 km NW of Rikaze, China",earthquake,,,,14,reviewed,us,us
1996-07-12T12:38:38.200Z,27.007,92.105,33,4.5,mb,,,,1.3,us,usp0007kza,2014-11-07T01:00:47.495Z,"28 km N of Udalguri, India",earthquake,,,,18,reviewed,us,us
1996-07-13T08:29:03.880Z,29.988,88.059,33,4.3,mb,,,,0.8,us,usp0007m0c,2014-11-07T01:00:47.579Z,"114 km NW of Rikaze, China",earthquake,,,,11,reviewed,us,us
1996-07-13T13:19:44.180Z,30.11,88.215,33,4.1,mb,,,,1.2,us,usp0007m0k,2014-11-07T01:00:47.614Z,"115 km NW of Rikaze, China",earthquake,,,,10,reviewed,us,us
1996-07-17T05:23:47.620Z,26.039,91.935,33,4.3,mb,,,,0.9,us,usp0007m5c,2014-11-07T01:00:48.175Z,"16 km NNE of Nongpoh, India",earthquake,,,,7,reviewed,us,us
1996-07-17T06:56:06.950Z,31.391,78.551,33,4.6,mb,,,,1.4,us,usp0007m5d,2014-11-07T01:00:48.177Z,"72 km NNE of Barkot, India",earthquake,,,,6,reviewed,us,us
1996-07-18T10:25:02.420Z,30.093,88.173,33,4.6,mb,,,,0.7,us,usp0007m73,2014-11-07T01:00:48.390Z,"116 km NW of Rikaze, China",earthquake,,,,30,reviewed,us,us
1996-07-22T15:54:07.110Z,30.017,88.02,33,4.5,mb,,,,0.8,us,usp0007mea,2014-11-07T01:00:49.370Z,"119 km NW of Rikaze, China",earthquake,,,,30,reviewed,us,us
1996-07-23T21:51:37.640Z,31.368,87.788,33,4.1,mb,,,,1,us,usp0007mgs,2014-11-07T01:00:49.971Z,"257 km NNW of Rikaze, China",earthquake,,,,13,reviewed,us,us
1996-07-24T13:39:25.830Z,31.322,87.608,33,4.2,mb,,,,1.2,us,usp0007mj7,2014-11-07T01:00:50.135Z,"260 km NNW of Rikaze, China",earthquake,,,,7,reviewed,us,us
1996-07-31T08:00:27.580Z,30.174,88.178,33,5.5,mwc,,,,1.1,us,usp0007mwx,2022-04-29T20:27:08.347Z,"123 km NW of Rikaze, China",earthquake,,,,,reviewed,us,hrv
1996-07-31T08:02:52.700Z,30.111,88.143,33,5.1,mb,,,,0.8,us,usp0007mwy,2022-04-29T20:27:09.573Z,"119 km NW of Rikaze, China",earthquake,,,,70,reviewed,us,us
1996-08-03T07:12:06.420Z,30.076,88.255,33,4.1,mb,,,,0.5,us,usp0007n1u,2014-11-07T01:00:55.107Z,"109 km NW of Rikaze, China",earthquake,,,,10,reviewed,us,us
1996-08-04T13:51:28.330Z,26.419,93.064,33,4.3,mb,,,,0.9,us,usp0007n3m,2014-11-07T01:00:55.640Z,"35 km SE of Tezpur, India",earthquake,,,,12,reviewed,us,us
1996-08-25T21:46:08.620Z,30.139,87.736,33,4.5,mb,,,,1.2,us,usp0007p24,2014-11-07T01:01:01.602Z,"148 km NW of Rikaze, China",earthquake,,,,3,reviewed,us,us
1996-08-29T08:38:25.150Z,30.089,88.18,33,4.7,mb,,,,0.88,us,usp0007p6m,2014-11-07T01:01:02.219Z,"115 km NW of Rikaze, China",earthquake,,,,7,reviewed,us,us
1996-09-10T09:13:38.060Z,30.854,94.502,33,4.2,mb,,,,1.3,us,usp0007ps9,2014-11-07T01:01:09.543Z,"243 km ESE of Nagqu, China",earthquake,,,,1,reviewed,us,us
1996-09-11T23:14:14.950Z,27.454,92.616,33,4.6,mb,,,,1.41,us,usp0007pum,2014-11-07T01:01:09.969Z,"28 km NE of Bomdila, India",earthquake,,,,2,reviewed,us,us
1996-09-12T18:04:47.760Z,27.007,92.492,48.9,4.6,mb,,,,0.77,us,usp0007pvs,2014-11-07T01:01:10.101Z,"25 km NW of Rang?p?ra, India",earthquake,,,,31,reviewed,us,us
1996-09-13T03:41:08.660Z,27.033,88.234,33,4.5,mb,,,,0.84,us,usp0007pwa,2014-11-07T01:01:10.167Z,"3 km W of D?rjiling, India",earthquake,,,,3,reviewed,us,us
1996-09-14T02:09:19.180Z,27.635,92.638,33,4.7,mb,,,,0.85,us,usp0007px9,2014-11-07T01:01:10.295Z,"46 km NNE of Bomdila, India",earthquake,,,,21,reviewed,us,us
1996-09-14T02:12:07.230Z,30.748,78.307,33,4.8,mb,,,,0.9,us,usp0007pxa,2014-11-07T01:01:10.299Z,"11 km SE of Barkot, India",earthquake,,,,2,reviewed,us,us
1996-09-25T07:12:23.060Z,30.44,78.584,33,4.6,mb,,,,1.2,us,usp0007qep,2014-11-07T01:01:13.140Z,"11 km ENE of Tehri, India",earthquake,,,,4,reviewed,us,us
1996-09-25T17:41:17.240Z,27.433,88.552,33,5,mb,,,,1.12,us,usp0007qfr,2022-04-29T20:34:39.904Z,"8 km SSE of Mangan, India",earthquake,,,,22,reviewed,us,us
1996-10-03T01:29:03.110Z,28.209,87.489,33,4.5,mb,,,,1.31,us,usp0007qvu,2014-11-07T01:01:19.046Z,"72 km ENE of Lobujya, Nepal",earthquake,,,,2,reviewed,us,us
1996-10-14T14:49:12.740Z,29.944,88.166,33,4.4,mb,,,,1.28,us,usp0007rd9,2014-11-07T01:01:22.644Z,"103 km NW of Rikaze, China",earthquake,,,,2,reviewed,us,us
1996-10-27T01:54:10.490Z,30.051,94.98,33,4.5,mb,,,,0.81,us,usp0007s04,2014-11-07T01:01:26.291Z,"178 km NNE of Shi Yomi, India",earthquake,,,,14,reviewed,us,us
1996-11-04T20:43:55.170Z,29.244,81.775,76.7,4.6,mb,,,,1.19,us,usp0007ses,2014-11-07T01:01:32.508Z,"39 km W of Jumla, Nepal",earthquake,,20.8,,7,reviewed,us,us
1996-11-08T00:54:13.290Z,29.345,81.637,33,5,mb,,,,1.4,us,usp0007snm,2014-11-07T01:01:33.631Z,"53 km W of Jumla, Nepal",earthquake,,,,1,reviewed,us,us
1996-11-19T10:37:49.610Z,26.543,93.373,47.1,4,mb,,,,0.65,us,usp0007t7k,2014-11-07T01:01:36.674Z,"25 km WSW of Bok?kh?t, India",earthquake,,,,1,reviewed,us,us
1996-11-20T23:27:07.350Z,28.853,96.021,33,5,mb,,,,0.98,us,usp0007tad,2022-04-29T20:40:21.357Z,"100 km NNW of Hayuliang, India",earthquake,,,,20,reviewed,us,us
1996-11-24T00:52:08.560Z,26.72,92.573,33,4.5,mb,,,,0.62,us,usp0007tfg,2014-11-07T01:01:37.693Z,"9 km E of Dhekiajuli, India",earthquake,,,,3,reviewed,us,us
1996-12-29T21:51:32.730Z,29.528,81.671,33,4,mb,,,,1.08,us,usp0007v5w,2014-11-07T01:01:50.779Z,"57 km WNW of Jumla, Nepal",earthquake,,,,2,reviewed,us,us
1996-12-30T11:08:18.920Z,27.435,86.638,33,5,mb,,,,1.08,us,usp0007v6h,2022-04-29T16:39:22.326Z,"41 km S of Namche Bazar, Nepal",earthquake,,,,56,reviewed,us,us
1997-01-05T08:47:25.400Z,29.845,80.532,33,5.6,mwc,,,,0.9,us,usp0007vgp,2022-04-29T16:40:01.014Z,"1 km E of Dh?rchula, India",earthquake,,,,,reviewed,us,hrv
1997-01-16T01:27:50.200Z,31.518,85.05,33,4.5,mb,,,,1.18,us,usp0007vx5,2014-11-07T01:01:58.091Z,"243 km N of Saga, China",earthquake,,,,17,reviewed,us,us
1997-01-18T23:59:09.770Z,30.272,96.787,33,4.7,mb,,,,1.12,us,usp0007w1t,2014-11-07T01:01:58.606Z,"102 km SSW of Qamdo, China",earthquake,,,,8,reviewed,us,us
1997-01-25T20:08:28.740Z,30.074,88.087,33,4.4,mb,,,,0.87,us,usp0007wbv,2014-11-07T01:02:00.247Z,"119 km NW of Rikaze, China",earthquake,,,,12,reviewed,us,us
1997-01-31T17:09:15.910Z,27.998,85.218,10,4.4,mb,,,,1.09,us,usp0007wka,2014-11-07T01:02:01.280Z,"34 km NNW of Kathmandu, Nepal",earthquake,,,,7,reviewed,us,us
1997-01-31T20:02:16.640Z,27.946,85.127,22.2,5.2,mb,,,,1.02,us,usp0007wkg,2022-04-29T16:42:42.333Z,"33 km NW of Kathmandu, Nepal",earthquake,,,,71,reviewed,us,us
1997-03-03T09:29:39.970Z,27.244,86.082,44.8,4.7,mb,,,,1.06,us,usp0007y6j,2014-11-07T01:02:16.317Z,"59 km NNE of Janakpur, Nepal",earthquake,,,,11,reviewed,us,us
1997-03-05T15:13:17.110Z,30.747,90.273,33,4.7,mb,,,,0.99,us,usp0007yb0,2014-11-07T01:02:17.825Z,"97 km NNW of Dêqên, China",earthquake,,,,18,reviewed,us,us
1997-03-10T17:50:36.950Z,27.382,92.71,33,4.4,mb,,,,1.08,us,usp0007yms,2014-11-07T01:02:18.981Z,"31 km ENE of Bomdila, India",earthquake,,,,13,reviewed,us,us
1997-03-10T17:55:14.440Z,27.217,92.417,33,4.5,mb,,,,1.36,us,usp0007ymt,2014-11-07T01:02:18.984Z,"5 km S of Bomdila, India",earthquake,,,,19,reviewed,us,us
1997-03-22T21:16:04.850Z,29.895,88.151,33,4.4,mb,,,,1.38,us,usp0007z9g,2014-11-07T01:02:22.022Z,"100 km NW of Rikaze, China",earthquake,,,,4,reviewed,us,us
1997-03-24T21:28:06.090Z,27.887,84.987,33,4.5,mb,,,,1.2,us,usp0007zcb,2014-11-07T01:02:22.445Z,"36 km NW of Kirtipur, Nepal",earthquake,,,,6,reviewed,us,us
1997-04-05T17:31:51.200Z,30.093,86.059,33,4.5,mb,,,,1.12,us,usp0008009,2014-11-07T01:02:30.491Z,"117 km NE of Saga, China",earthquake,,,,8,reviewed,us,us
1997-04-07T13:00:42.180Z,27.427,86.545,33,4.4,mb,,,,1.41,us,usp000803z,2014-11-07T01:02:31.177Z,"44 km SSW of Namche Bazar, Nepal",earthquake,,,,2,reviewed,us,us
1997-04-13T22:14:38.130Z,30.468,97.414,33,4.5,mb,,,,1.34,us,usp00080g9,2014-11-07T01:02:33.944Z,"76 km SSE of Qamdo, China",earthquake,,,,5,reviewed,us,us
1997-04-25T01:45:08.660Z,26.521,96.202,100,4.5,mb,,,,0.84,us,usp0008175,2014-11-07T01:02:38.205Z,"70 km WNW of Sarupathar, India",earthquake,,,,7,reviewed,us,us
1997-05-02T20:09:28.810Z,29.434,80.426,33,4.6,mb,,,,0.61,us,usp00081n5,2014-11-07T01:02:43.130Z,"21 km NW of Dadeldhur?, Nepal",earthquake,,,,3,reviewed,us,us
1997-05-16T11:18:07.730Z,30.285,96.993,33,5.2,mb,,,,0.84,us,usp00082ck,2022-04-29T16:54:01.908Z,"95 km S of Qamdo, China",earthquake,,,,69,reviewed,us,us
1997-05-16T13:44:26.160Z,30.092,96.866,33,4.2,mb,,,,1.37,us,usp00082cq,2014-11-07T01:02:47.233Z,"118 km SSW of Qamdo, China",earthquake,,,,4,reviewed,us,us
1997-06-02T19:30:09.670Z,28.045,92.625,33,4.8,mb,,,,1.3,us,usp000832z,2014-11-07T01:02:52.976Z,"86 km NE of Tawang, India",earthquake,,,,1,reviewed,us,us
1997-06-24T01:55:20.050Z,30.275,96.808,33,4.7,mb,,,,0.91,us,usp00083vy,2014-11-07T01:02:59.482Z,"101 km SSW of Qamdo, China",earthquake,,,,2,reviewed,us,us
1997-06-24T02:57:24.260Z,30.271,97.111,33,4.7,mb,,,,1.01,us,usp00083w0,2014-11-07T01:02:59.488Z,"95 km S of Qamdo, China",earthquake,,,,2,reviewed,us,us
1997-06-24T04:29:57.400Z,30.432,96.912,33,4.4,mb,,,,1.32,us,usp00083w4,2014-11-07T01:02:59.496Z,"81 km SSW of Qamdo, China",earthquake,,,,4,reviewed,us,us
1997-06-24T17:53:15.960Z,26.43,96.15,33,4.2,mb,,,,1.03,us,usp00083xc,2014-11-07T01:02:59.639Z,"70 km WNW of Sarupathar, India",earthquake,,,,1,reviewed,us,us
1997-06-26T01:32:01.700Z,30.255,96.749,33,4.5,mb,,,,1.04,us,usp00083zc,2014-11-07T01:02:59.967Z,"105 km SSW of Qamdo, China",earthquake,,,,3,reviewed,us,us
1997-06-27T11:49:19.280Z,30.321,96.811,33,4.2,mb,,,,1.08,us,usp000841j,2014-11-07T01:03:00.222Z,"96 km SSW of Qamdo, China",earthquake,,,,1,reviewed,us,us
1997-07-04T12:44:57.020Z,30.383,96.877,33,4,mb,,,,1.12,us,usp00084bn,2014-11-07T01:03:05.199Z,"87 km SSW of Qamdo, China",earthquake,,,,2,reviewed,us,us
1997-07-04T13:13:59.600Z,30.333,96.977,33,4.4,mb,,,,1.09,us,usp00084bq,2014-11-07T01:03:05.209Z,"90 km SSW of Qamdo, China",earthquake,,,,4,reviewed,us,us
1997-07-05T06:22:53.530Z,28.803,86.862,33,4.8,mb,,,,1.52,us,usp00084d1,2014-11-07T01:03:05.496Z,"94 km N of Lobujya, Nepal",earthquake,,,,1,reviewed,us,us
1997-07-09T07:18:52.920Z,29.896,88.397,33,4.1,mb,,,,0.94,us,usp00084k9,2014-11-07T01:03:06.857Z,"85 km NNW of Rikaze, China",earthquake,,,,3,reviewed,us,us
1997-07-10T13:59:54.780Z,29.814,94.923,33,4.8,mb,,,,0.92,us,usp00084nh,2022-04-29T16:57:36.693Z,"152 km NNE of Shi Yomi, India",earthquake,,,,27,reviewed,us,us
1997-07-18T19:39:23.420Z,26.811,91.793,46.9,5,mb,,,,0.8,us,usp000850y,2014-11-07T01:03:09.185Z,"28 km E of Samdrup Jongkhar, Bhutan",earthquake,,,,47,reviewed,us,us
1997-07-24T21:06:10.470Z,30.022,96.019,33,4.1,mb,,,,1.23,us,usp000859v,2014-11-07T01:03:10.417Z,"165 km SW of Qamdo, China",earthquake,,,,1,reviewed,us,us
1997-07-24T23:19:33.770Z,26.075,95.723,92.2,4.5,mb,,,,1.07,us,usp00085a0,2014-11-07T01:03:10.569Z,"92 km ESE of Tuensang, India",earthquake,,,,4,reviewed,us,us
1997-08-04T22:31:36.300Z,28.229,91.445,33,4.5,mb,,,,0.77,us,usp00085ta,2014-11-07T01:03:15.786Z,"67 km NNE of Lhuentse, Bhutan",earthquake,,,,19,reviewed,us,us
1997-08-09T04:48:00.700Z,30.291,96.978,33,5.2,mwc,,,,0.83,us,usp00085z8,2022-04-29T20:02:57.959Z,"95 km SSW of Qamdo, China",earthquake,,,,,reviewed,us,hrv
1997-08-09T16:46:02.760Z,30.549,96.931,33,4.4,mb,,,,0.78,us,usp0008601,2014-11-07T01:03:17.199Z,"68 km SSW of Qamdo, China",earthquake,,,,2,reviewed,us,us
1997-08-10T09:03:54.610Z,30.537,97.485,33,4.5,mb,,,,1.41,us,usp0008611,2014-11-07T01:03:17.708Z,"71 km SSE of Qamdo, China",earthquake,,,,3,reviewed,us,us
1997-08-14T06:45:06.960Z,30.318,96.909,33,4.1,mb,,,,0.71,us,usp0008672,2014-11-07T01:03:18.669Z,"93 km SSW of Qamdo, China",earthquake,,,,1,reviewed,us,us
1997-08-14T19:22:12.500Z,30.382,96.881,33,4.4,mb,,,,0.9,us,usp000867p,2014-11-07T01:03:18.755Z,"87 km SSW of Qamdo, China",earthquake,,,,5,reviewed,us,us
1997-08-16T20:30:55.060Z,30.022,86.224,33,4.4,mb,,,,0.78,us,usp00086au,2014-11-07T01:03:19.069Z,"123 km NE of Saga, China",earthquake,,,,2,reviewed,us,us
1997-08-17T00:10:22.230Z,30.347,96.922,64.7,4.8,mb,,,,0.47,us,usp00086b1,2014-11-07T01:03:19.081Z,"90 km SSW of Qamdo, China",earthquake,,14.8,,1,reviewed,us,us
1997-09-13T18:38:09.500Z,30.119,88.193,33,4.3,mb,,,,1.41,us,usp00087gq,2014-11-07T01:03:28.788Z,"117 km NW of Rikaze, China",earthquake,,,,2,reviewed,us,us
1997-09-17T01:22:14.040Z,29.74,83.7,33,4.3,mb,,,,1.2,us,usp00087md,2014-11-07T01:03:29.450Z,"145 km N of Chitre, Nepal",earthquake,,,,2,reviewed,us,us
1997-09-18T07:37:10.010Z,28.872,88.148,33,4.6,mb,,,,0.87,us,usp00087p5,2014-11-07T01:03:29.688Z,"82 km WSW of Rikaze, China",earthquake,,,,1,reviewed,us,us
1997-10-11T10:11:10.340Z,27.733,86.498,33,4.3,mb,,,,0.83,us,usp00088vg,2014-11-07T01:03:41.062Z,"22 km WSW of Namche Bazar, Nepal",earthquake,,,,1,reviewed,us,us
1997-10-24T12:06:51.820Z,28.536,82.345,33,4.8,mb,,,,1.03,us,usp00089j1,2014-11-07T01:03:45.362Z,"34 km N of Besisahar, Nepal",earthquake,,,,23,reviewed,us,us
1997-10-30T02:02:52.060Z,29.552,89.698,33,5.3,mb,,,,0.86,us,usp00089sb,2022-04-29T17:06:18.145Z,"70 km N of Jiangzi, China",earthquake,,,,77,reviewed,us,us
1997-11-03T02:29:51.820Z,29.078,85.383,33,5.5,mwc,,,,1.07,us,usp0008a01,2022-04-29T17:06:41.619Z,"31 km SSE of Saga, China",earthquake,,,,,reviewed,us,hrv
1997-11-08T09:04:46.850Z,28.774,95.853,57.6,4.7,mb,,,,0.89,us,usp0008a94,2014-11-07T01:03:52.635Z,"93 km NNE of P?sigh?t, India",earthquake,,,,12,reviewed,us,us
1997-11-08T11:51:23.640Z,30.305,96.93,33,4.7,mb,,,,0.71,us,usp0008a9m,2014-11-07T01:03:52.711Z,"94 km SSW of Qamdo, China",earthquake,,,,17,reviewed,us,us
1997-11-08T16:40:41.140Z,26.301,96.033,118.2,4.5,mb,,,,1,us,usp0008aa8,2014-11-07T01:03:52.785Z,"78 km W of Sarupathar, India",earthquake,,14.1,,6,reviewed,us,us
1997-11-11T03:47:09.840Z,26.423,95.194,102.5,4,mb,,,,0.82,us,usp0008afe,2014-11-07T01:03:53.441Z,"37 km SSE of Mon, India",earthquake,,18.6,,2,reviewed,us,us
1997-11-19T23:23:36.800Z,31.925,82.923,33,4.2,mb,,,,1.03,us,usp0008b03,2014-11-07T01:03:56.124Z,"245 km NE of Burang, China",earthquake,,,,1,reviewed,us,us
1997-11-23T12:57:56.590Z,26.192,96.064,54.7,4.7,mb,,,,0.83,us,usp0008b7e,2014-11-07T01:03:56.950Z,"74 km W of Sarupathar, India",earthquake,,7.5,,25,reviewed,us,us
1997-11-27T16:11:57.070Z,27.618,87.347,33,5.1,mb,,,,1.09,us,usp0008be2,2022-04-29T17:09:20.125Z,"30 km NNE of Kh??db?ri??, Nepal",earthquake,,,,62,reviewed,us,us
1997-11-27T16:55:52.110Z,27.74,87.761,33,4.2,mb,,,,1.16,us,usp0008be6,2014-11-07T01:03:57.764Z,"67 km NE of Kh??db?ri??, Nepal",earthquake,,,,3,reviewed,us,us
1997-12-08T02:03:55.840Z,27.475,87.175,33,5,mb,,,,0.91,us,usp0008c80,2022-04-29T17:11:50.453Z,"11 km NNW of Kh??db?ri??, Nepal",earthquake,,,,45,reviewed,us,us
1997-12-28T12:22:24.940Z,26.43,96.237,100,4,mb,,,,1.14,us,usp0008dba,2014-11-07T01:04:11.508Z,"62 km WNW of Sarupathar, India",earthquake,,,,7,reviewed,us,us
1998-01-06T03:09:47.510Z,26.045,91.839,33,4.5,mb,,,,1.2,us,usp0008dtu,2014-11-07T01:04:17.593Z,"10 km SSE of Dispur, India",earthquake,,,,8,reviewed,us,us
1998-01-10T20:26:20.010Z,26.462,96.827,150,4,mb,,,,1.44,us,usp0008e2e,2014-11-07T01:04:19.118Z,"28 km N of Sarupathar, India",earthquake,,,,1,reviewed,us,us
1998-01-13T20:48:43.460Z,28.655,93.668,33,4.5,mb,,,,1.39,us,usp0008e9e,2014-11-07T01:04:19.969Z,"70 km W of Shi Yomi, India",earthquake,,,,3,reviewed,us,us
1998-01-16T18:06:42.510Z,30.006,86.027,33,4,mb,,,,1.15,us,usp0008efh,2014-11-07T01:04:20.733Z,"108 km NE of Saga, China",earthquake,,,,4,reviewed,us,us
1998-02-01T17:32:48.220Z,28.19,87.122,33,4.5,mb,,,,0.98,us,usp0008fa6,2014-11-07T01:04:27.309Z,"40 km NE of Lobujya, Nepal",earthquake,,,,1,reviewed,us,us
1998-02-12T02:40:29.130Z,26.517,88.199,33,4.6,mb,,,,1.15,us,usp0008fuu,2014-11-07T01:04:32.204Z,"10 km ESE of Bhadrapur, Nepal",earthquake,,,,2,reviewed,us,us
1998-02-22T02:40:38.050Z,28.453,85.435,33,4.8,mb,,,,0.88,us,usp0008gdp,2022-04-29T17:19:54.855Z,"74 km NW of Kod?ri??, Nepal",earthquake,,,,34,reviewed,us,us
1998-02-22T22:45:24.880Z,30.117,88.156,33,4.1,mb,,,,1.44,us,usp0008gep,2014-11-07T01:04:34.911Z,"119 km NW of Rikaze, China",earthquake,,,,4,reviewed,us,us
1998-02-22T22:47:44.140Z,30.215,88.047,33,4.6,mb,,,,0.96,us,usp0008geq,2014-11-07T01:04:34.914Z,"134 km NW of Rikaze, China",earthquake,,,,12,reviewed,us,us
1998-02-28T04:59:30.750Z,27.024,87.561,33,4.4,mb,,,,1.01,us,usp0008gqd,2014-11-07T01:04:35.910Z,"23 km E of Dhankut?, Nepal",earthquake,,,,7,reviewed,us,us
1998-03-15T20:35:29.300Z,28.554,86.886,33,4.4,mb,,,,0.98,us,usp0008hhn,2014-11-07T01:04:46.154Z,"67 km N of Lobujya, Nepal",earthquake,,,,4,reviewed,us,us
1998-03-18T18:12:18.930Z,27.368,88.334,33,4,mb,,,,1.1,us,usp0008hnn,2014-11-07T01:04:46.662Z,"11 km NE of Gyalshing, India",earthquake,,,,1,reviewed,us,us
1998-04-25T22:50:58.300Z,28.945,95.343,33,4.2,mb,,,,0.98,us,usp0008kyr,2014-11-07T01:05:04.560Z,"97 km N of P?sigh?t, India",earthquake,,,,6,reviewed,us,us
1998-05-01T11:57:36.440Z,30.04,79.537,41.9,4.4,mb,,,,1.43,us,usp0008m8j,2014-11-07T01:05:08.339Z,"30 km NNE of Dw?r?h?t, India",earthquake,,,,8,reviewed,us,us
1998-05-04T20:18:52.810Z,29.341,96.763,33,4.6,mb,,,,0.78,us,usp0008mfn,2014-11-07T01:05:10.361Z,"142 km N of Hayuliang, India",earthquake,,,,2,reviewed,us,us
1998-05-10T14:56:22.950Z,29.408,82.016,33,4.1,mb,,,,0.96,us,usp0008mug,2014-11-07T01:05:12.116Z,"21 km NW of Jumla, Nepal",earthquake,,,,4,reviewed,us,us
1998-05-16T10:31:01.250Z,26.644,84.667,33,4.2,mb,,,,0.62,us,usp0008n6e,2014-11-07T01:05:13.667Z,"15 km SSW of Sagauli, India",earthquake,,,,4,reviewed,us,us
1998-06-06T11:06:27.170Z,30.379,89.286,33,4.8,mb,,,,1.16,us,usp0008pea,2022-04-29T17:30:24.246Z,"131 km NNE of Rikaze, China",earthquake,,,,36,reviewed,us,us
1998-06-06T11:13:08.330Z,30.372,89.221,33,4.8,mb,,,,1.15,us,usp0008peb,2014-11-07T01:05:22.668Z,"128 km NNE of Rikaze, China",earthquake,,,,30,reviewed,us,us
1998-06-27T09:05:59.270Z,27.675,85.568,33,4.9,mb,,,,0.68,us,usp0008qjx,2022-04-29T16:37:10.100Z,"6 km NNE of Dhulikhel, Nepal",earthquake,,,,44,reviewed,us,us
1998-07-08T03:44:59.330Z,27.325,91.027,33,5.2,mb,,,,0.85,us,usp0008r54,2022-04-29T17:34:06.286Z,"21 km WNW of Mongar, Bhutan",earthquake,,,,74,reviewed,us,us
1998-07-15T04:36:01.080Z,29.576,81.466,33,4.7,mb,,,,1.22,us,usp0008rhm,2014-11-07T01:05:35.923Z,"61 km NE of Dipayal, Nepal",earthquake,,,,11,reviewed,us,us
1998-07-20T01:05:58.350Z,30.134,88.173,33.2,5.8,mwb,,,,1.02,us,usp0008rwg,2022-04-29T17:36:06.493Z,"119 km NW of Rikaze, China",earthquake,,5.4,,,reviewed,us,us
1998-07-20T01:07:56.150Z,30.435,88.191,33,4.8,mb,,,,0.83,us,usp0008rwh,2014-11-07T01:05:37.358Z,"147 km NNW of Rikaze, China",earthquake,,,,3,reviewed,us,us
1998-07-20T01:18:14.510Z,30.202,88.055,33,4.7,mb,,,,1.01,us,usp0008rwj,2014-11-07T01:05:37.360Z,"132 km NW of Rikaze, China",earthquake,,,,32,reviewed,us,us
1998-07-20T01:29:18.200Z,30.127,88.133,33,4.2,mb,,,,1.38,us,usp0008rwk,2014-11-07T01:05:37.366Z,"121 km NW of Rikaze, China",earthquake,,,,4,reviewed,us,us
1998-07-20T01:31:19.130Z,30.141,88.03,33,4.6,mb,,,,1.25,us,usp0008rwm,2014-11-07T01:05:37.368Z,"128 km NW of Rikaze, China",earthquake,,,,18,reviewed,us,us
1998-07-20T02:35:26.600Z,30.241,87.934,33,4.1,mb,,,,1.06,us,usp0008rwr,2014-11-07T01:05:37.377Z,"143 km NW of Rikaze, China",earthquake,,,,2,reviewed,us,us
1998-07-20T03:27:06.680Z,30.213,87.98,33,4,mb,,,,1.03,us,usp0008rwv,2014-11-07T01:05:37.384Z,"137 km NW of Rikaze, China",earthquake,,,,4,reviewed,us,us
1998-07-20T12:31:27.600Z,30.293,87.925,33,4.2,mb,,,,0.85,us,usp0008rx5,2014-11-07T01:05:37.401Z,"148 km NW of Rikaze, China",earthquake,,,,1,reviewed,us,us
1998-07-20T12:31:54.960Z,30.364,87.949,33,4.3,mb,,,,1.23,us,usp0008rx7,2014-11-07T01:05:37.403Z,"152 km NW of Rikaze, China",earthquake,,,,3,reviewed,us,us
1998-07-20T23:41:11.000Z,30.025,88.167,33,4,mb,,,,1.11,us,usp0008rxy,2014-11-07T01:05:37.462Z,"110 km NW of Rikaze, China",earthquake,,,,2,reviewed,us,us
1998-07-21T14:40:44.670Z,30.375,88.192,15.7,5.1,mwc,,,,1.11,us,usp0008rz0,2022-04-29T16:37:19.308Z,"western Xizang",earthquake,,,,,reviewed,us,hrv
1998-07-21T16:48:46.280Z,30.435,87.955,33,4,mb,,,,0.88,us,usp0008rz6,2014-11-07T01:05:37.607Z,"159 km NW of Rikaze, China",earthquake,,,,1,reviewed,us,us
1998-07-31T17:50:18.330Z,28.01,87.73,33,4.1,mb,,,,1.09,us,usp0008sjd,2014-11-07T01:05:39.972Z,"87 km NE of Kh??db?ri??, Nepal",earthquake,,,,3,reviewed,us,us
1998-08-07T21:08:37.750Z,30.213,88.162,33,4.3,mb,,,,1.22,us,usp0008sxr,2014-11-07T01:05:47.653Z,"127 km NNW of Rikaze, China",earthquake,,,,12,reviewed,us,us
1998-08-18T04:10:20.690Z,27.555,90.977,22.3,5.2,mb,,,,0.9,us,usp0008tek,2022-04-29T17:37:58.018Z,"22 km E of Jakar, Bhutan",earthquake,,,,101,reviewed,us,us
1998-08-25T07:41:40.190Z,30.079,88.109,33,5.9,mwc,,,,0.99,us,usp0008tua,2022-04-29T17:38:49.112Z,"118 km NW of Rikaze, China",earthquake,,,,,reviewed,us,hrv
1998-08-25T07:59:00.740Z,30.024,88.188,33,4.6,mb,,,,0.88,us,usp0008tub,2014-11-07T01:05:53.096Z,"109 km NW of Rikaze, China",earthquake,,,,6,reviewed,us,us
1998-08-25T08:01:45.680Z,30.061,88.172,33,4.1,mb,,,,0.62,us,usp0008tud,2014-11-07T01:05:53.106Z,"113 km NW of Rikaze, China",earthquake,,,,1,reviewed,us,us
1998-08-25T09:43:06.020Z,29.998,88.099,33,4.1,mb,,,,0.63,us,usp0008tuk,2014-11-07T01:05:53.122Z,"112 km NW of Rikaze, China",earthquake,,,,2,reviewed,us,us
1998-08-25T09:56:44.070Z,29.831,87.91,33,4.4,mb,,,,0.88,us,usp0008tup,2014-11-07T01:05:53.129Z,"114 km NW of Rikaze, China",earthquake,,,,5,reviewed,us,us
1998-08-25T10:25:06.080Z,29.983,88.103,33,4.4,mb,,,,0.84,us,usp0008tut,2014-11-07T01:05:53.138Z,"110 km NW of Rikaze, China",earthquake,,,,4,reviewed,us,us
1998-08-25T12:29:45.130Z,30.022,88.06,33,4.6,mb,,,,0.98,us,usp0008tux,2014-11-07T01:05:53.146Z,"116 km NW of Rikaze, China",earthquake,,,,7,reviewed,us,us
1998-08-25T12:43:04.300Z,29.961,88.091,33,4.4,mb,,,,1.1,us,usp0008tuz,2014-11-07T01:05:53.150Z,"110 km NW of Rikaze, China",earthquake,,,,5,reviewed,us,us
1998-08-25T13:50:06.160Z,30.099,88.054,33,4.1,mb,,,,0.95,us,usp0008tv2,2014-11-07T01:05:53.156Z,"123 km NW of Rikaze, China",earthquake,,,,3,reviewed,us,us
1998-08-25T15:16:02.760Z,29.976,88.105,33,4.4,mb,,,,0.99,us,usp0008tv9,2014-11-07T01:05:53.175Z,"110 km NW of Rikaze, China",earthquake,,,,5,reviewed,us,us
1998-08-25T23:23:34.880Z,30.299,88.112,33,4.6,mb,,,,1.19,us,usp0008tw4,2014-11-07T01:05:53.289Z,"138 km NNW of Rikaze, China",earthquake,,,,2,reviewed,us,us
1998-08-28T22:01:55.790Z,30.191,88.15,33,5,mwc,,,,0.91,us,usp0008u0u,2022-04-29T17:39:06.309Z,"126 km NW of Rikaze, China",earthquake,,,,,reviewed,us,hrv
1998-08-29T19:52:29.010Z,30.283,94.73,33,4.1,mb,,,,0.6,us,usp0008u24,2014-11-07T01:05:54.401Z,"197 km N of Shi Yomi, India",earthquake,,,,1,reviewed,us,us
1998-08-30T03:37:48.980Z,30.044,88.077,33,5,ms,,,,1.1,us,usp0008u2y,2022-04-29T17:39:18.233Z,"117 km NW of Rikaze, China",earthquake,,,,1,reviewed,us,us
1998-08-30T03:49:48.110Z,29.904,87.989,33,4,mb,,,,1.17,us,usp0008u2z,2014-11-07T01:05:54.524Z,"112 km NW of Rikaze, China",earthquake,,,,2,reviewed,us,us
1998-08-30T04:11:35.070Z,30.034,88.081,33,4.6,mb,,,,1.09,us,usp0008u31,2014-11-07T01:05:54.527Z,"116 km NW of Rikaze, China",earthquake,,,,30,reviewed,us,us
1998-09-03T18:15:56.560Z,27.85,86.941,33,5.6,mb,,,,0.98,us,usp0008uc8,2022-04-29T17:41:14.060Z,"16 km SE of Lobujya, Nepal",earthquake,,,,137,reviewed,us,us
1998-09-03T18:51:38.600Z,27.65,86.802,33,4.4,mb,,,,1.19,us,usp0008ucc,2014-11-07T01:06:00.022Z,"19 km SSE of Namche Bazar, Nepal",earthquake,,,,1,reviewed,us,us
1998-09-03T21:00:53.590Z,27.729,86.88,33,4.1,mb,,,,1.44,us,usp0008uck,2014-11-07T01:06:00.135Z,"18 km ESE of Namche Bazar, Nepal",earthquake,,,,1,reviewed,us,us
1998-09-03T23:02:28.330Z,27.6,86.733,33,4.6,mb,,,,0.73,us,usp0008ucq,2014-11-07T01:06:00.153Z,"22 km S of Namche Bazar, Nepal",earthquake,,,,28,reviewed,us,us
1998-09-04T00:36:17.990Z,27.455,86.464,33,4.1,mb,,,,1.04,us,usp0008ucv,2014-11-07T01:06:00.216Z,"45 km SSW of Namche Bazar, Nepal",earthquake,,,,2,reviewed,us,us
1998-09-04T01:10:18.460Z,27.777,86.793,33,4.2,mb,,,,1.04,us,usp0008ucx,2014-11-07T01:06:00.222Z,"8 km ESE of Namche Bazar, Nepal",earthquake,,,,1,reviewed,us,us
1998-09-06T21:35:49.470Z,27.859,86.895,33,4.6,mb,,,,1.04,us,usp0008uj0,2014-11-07T01:06:01.020Z,"12 km SE of Lobujya, Nepal",earthquake,,,,18,reviewed,us,us
1998-09-07T10:44:39.060Z,30.27,88.129,33,4.7,mb,,,,1.13,us,usp0008ujr,2014-11-07T01:06:01.137Z,"134 km NNW of Rikaze, China",earthquake,,,,23,reviewed,us,us
1998-09-08T02:03:29.740Z,30.344,88.141,33,4.4,mb,,,,0.78,us,usp0008ukr,2014-11-07T01:06:01.263Z,"140 km NNW of Rikaze, China",earthquake,,,,2,reviewed,us,us
1998-09-10T22:57:16.900Z,27.199,88.341,33,4.7,mb,,,,1.37,us,usp0008urc,2014-11-07T01:06:01.784Z,"4 km NNW of Namchi, India",earthquake,,,,14,reviewed,us,us
1998-09-12T05:08:52.140Z,27.852,86.9,33,4.2,mb,,,,1.37,us,usp0008utg,2014-11-07T01:06:01.974Z,"13 km SE of Lobujya, Nepal",earthquake,,,,3,reviewed,us,us
1998-09-21T23:24:40.670Z,29.94,88.005,33,4.1,mb,,,,0.97,us,usp0008vb5,2014-11-07T01:06:05.206Z,"114 km NW of Rikaze, China",earthquake,,,,3,reviewed,us,us
1998-09-26T18:27:05.470Z,27.77,92.812,33,5,mwc,,,,0.9,us,usp0008vje,2022-04-29T17:43:18.873Z,"67 km NE of Bomdila, India",earthquake,,,,,reviewed,us,hrv
1998-09-28T21:31:05.610Z,27.742,92.709,33,4.7,mb,,,,0.98,us,usp0008vp9,2014-11-07T01:06:06.873Z,"59 km NNE of Bomdila, India",earthquake,,,,33,reviewed,us,us
1998-09-30T02:29:55.140Z,29.948,88.117,33,5.2,mwc,,,,1.18,us,usp0008vr9,2022-04-29T17:43:53.999Z,"107 km NW of Rikaze, China",earthquake,,,,,reviewed,us,hrv
1998-10-02T17:36:44.620Z,29.17,85.136,33,4.2,mb,,,,1.12,us,usp0008vw5,2014-11-07T01:06:10.866Z,"19 km SSW of Saga, China",earthquake,,,,3,reviewed,us,us
1998-10-05T10:24:48.790Z,30.203,88.298,33,5.2,mwc,,,,1.09,us,usp0008w0v,2022-04-29T17:52:32.036Z,"119 km NNW of Rikaze, China",earthquake,,,,,reviewed,us,hrv
1998-10-24T13:19:53.200Z,30.405,88.155,45.9,4.1,mb,,,,1.06,us,usp0008wzv,2014-11-07T01:06:17.122Z,"146 km NNW of Rikaze, China",earthquake,,16.8,,1,reviewed,us,us
1998-11-14T04:11:29.090Z,31.081,86.514,33,4.2,mb,,,,1.18,us,usp0008y5y,2014-11-07T01:06:26.948Z,"230 km NNE of Saga, China",earthquake,,,,3,reviewed,us,us
1998-11-19T16:34:16.350Z,30.42,79.163,33,4.5,mb,,,,1.11,us,usp0008yf7,2014-11-07T01:06:28.067Z,"22 km NE of Rudrapray?g, India",earthquake,,,,16,reviewed,us,us
1998-11-24T16:22:15.210Z,26.377,94.634,60.2,4.1,mb,,,,0.82,us,usp0008ypd,2014-11-07T01:06:28.812Z,"Assam - Nagaland region, India",earthquake,,15.1,,4,reviewed,us,us
1998-11-26T10:14:27.630Z,27.753,87.894,73.1,5.1,mb,,,,0.76,us,usp0008ys2,2014-11-07T01:06:29.427Z,"62 km NW of Gyalshing, India",earthquake,,,,102,reviewed,us,us
1998-12-01T05:35:09.200Z,27.935,87.649,33,4.8,mb,,,,0.88,us,usp0008z0r,2014-11-07T01:06:34.045Z,"75 km NE of Kh??db?ri??, Nepal",earthquake,,,,12,reviewed,us,us
1998-12-02T13:25:04.240Z,26.345,93.499,33,5,mb,,,,0.7,us,usp0008z2e,2022-04-29T17:57:37.538Z,"34 km SSW of Bok?kh?t, India",earthquake,,,,46,reviewed,us,us
1998-12-14T09:27:23.830Z,31.459,90.9,71.7,4.1,mb,,,,1.37,us,usp0008zkv,2014-11-07T01:06:39.126Z,"110 km W of Nagqu, China",earthquake,,24.4,,1,reviewed,us,us
1998-12-25T10:44:40.140Z,30.328,86.472,33,4.4,mb,,,,0.8,us,usp0009056,2014-11-07T01:06:41.668Z,"164 km NE of Saga, China",earthquake,,,,4,reviewed,us,us
1999-01-20T02:13:01.560Z,26.682,96.473,85.9,4.5,mb,,,,0.6,us,usp00091cj,2014-11-07T01:06:49.986Z,"62 km NNW of Sarupathar, India",earthquake,,10.2,,28,reviewed,us,us
1999-01-20T07:58:55.060Z,26.495,92.725,33,4.5,mb,,,,0.61,us,usp00091cy,2014-11-07T01:06:50.033Z,"17 km SSW of Tezpur, India",earthquake,,,,3,reviewed,us,us
1999-02-01T01:25:43.510Z,28.492,83.188,33,4.2,mb,,,,1.06,us,usp000921r,2014-11-07T01:06:54.328Z,"46 km WNW of B?glung, Nepal",earthquake,,,,4,reviewed,us,us
1999-02-03T12:46:32.430Z,28.85,95.914,110.9,4.4,mb,,,,0.76,us,usp000926m,2014-11-07T01:06:57.042Z,"104 km NNE of P?sigh?t, India",earthquake,,,,8,reviewed,us,us
1999-02-19T02:32:50.380Z,29.955,96.131,33,4.2,mb,,,,1.24,us,usp000931u,2014-11-07T01:07:02.730Z,"164 km SW of Qamdo, China",earthquake,,,,4,reviewed,us,us
1999-02-21T21:04:06.880Z,26.414,93.662,33,4,mb,,,,1.1,us,usp000936g,2014-11-07T01:07:03.286Z,"23 km SSW of Num?ligarh, India",earthquake,,,,3,reviewed,us,us
1999-02-25T11:13:54.290Z,30.657,78.878,33,4,mb,,,,0.92,us,usp00093dd,2014-11-07T01:07:04.861Z,"42 km E of Uttark?shi, India",earthquake,,,,3,reviewed,us,us
1999-03-13T06:04:00.810Z,30.272,90.37,33,4.4,mb,,,,1.54,us,usp00094e7,2014-11-07T01:07:13.501Z,"48 km NW of Dêqên, China",earthquake,,,,1,reviewed,us,us
1999-03-16T22:27:52.740Z,28.517,78.229,33,4.2,mb,,,,0.52,us,usp00094mv,2014-11-07T01:07:14.137Z,"16 km E of Kh?npur, India",earthquake,,,,1,reviewed,us,us
1999-03-19T05:53:40.650Z,27.748,85.609,33,4.5,mb,,,,1.09,us,usp00094sf,2014-11-07T01:07:14.949Z,"9 km ENE of Nagarkot, Nepal",earthquake,,,,11,reviewed,us,us
1999-03-28T19:05:11.030Z,30.512,79.403,15,6.6,mwb,,,,1.03,us,usp00095cb,2022-04-29T18:05:29.400Z,"9 km NNW of P?palkoti, India",earthquake,,,,,reviewed,us,us
1999-03-28T19:36:05.510Z,30.315,79.387,10,5.4,mb,,,,1.02,us,usp00095cg,2022-04-29T18:05:34.967Z,"12 km SSW of P?palkoti, India",earthquake,,,,76,reviewed,us,us
1999-03-28T19:47:04.590Z,30.342,79.31,10,4.7,mb,,,,0.74,us,usp00095cj,2014-11-07T01:07:17.302Z,"14 km SW of P?palkoti, India",earthquake,,,,35,reviewed,us,us
1999-03-28T23:04:35.440Z,30.357,79.481,10,4.4,mb,,,,0.93,us,usp00095d1,2014-11-07T01:07:17.369Z,"9 km SSE of P?palkoti, India",earthquake,,,,14,reviewed,us,us
1999-03-28T23:20:26.390Z,30.385,79.494,10,4.5,mb,,,,1.07,us,usp00095d2,2014-11-07T01:07:17.372Z,"7 km SE of P?palkoti, India",earthquake,,,,2,reviewed,us,us
1999-03-29T08:49:44.570Z,30.213,79.245,10,4.6,mb,,,,1.06,us,usp00095dy,2014-11-07T01:07:17.497Z,"26 km ESE of Rudrapray?g, India",earthquake,,,,7,reviewed,us,us
1999-03-29T13:20:57.410Z,30.286,79.286,10,4.6,mb,,,,1.21,us,usp00095e7,2014-11-07T01:07:17.537Z,"20 km SW of P?palkoti, India",earthquake,,,,3,reviewed,us,us
1999-03-30T15:51:49.060Z,30.187,79.305,10,4.5,mb,,,,1,us,usp00095gb,2014-11-07T01:07:17.745Z,"29 km SSW of P?palkoti, India",earthquake,,,,3,reviewed,us,us
1999-03-30T21:02:10.340Z,30.376,79.335,10,5.3,mb,,,,0.8,us,usp00095gs,2022-04-29T18:06:01.904Z,"10 km WSW of P?palkoti, India",earthquake,,,,107,reviewed,us,us
1999-04-01T02:48:51.440Z,30.528,79.407,10,4.5,mb,,,,1.04,us,usp00095k5,2014-11-07T01:07:19.641Z,"11 km NNW of P?palkoti, India",earthquake,,,,5,reviewed,us,us
1999-04-06T19:37:24.050Z,30.414,79.321,10,5.1,mb,,,,0.77,us,usp00095ws,2022-04-29T18:06:44.861Z,"10 km W of P?palkoti, India",earthquake,,,,87,reviewed,us,us
1999-04-06T20:46:40.050Z,30.33,79.343,10,4.6,mb,,,,0.93,us,usp00095wv,2014-11-07T01:07:24.768Z,"13 km SW of P?palkoti, India",earthquake,,,,33,reviewed,us,us
1999-04-07T15:49:12.620Z,30.249,79.316,10,4.9,mb,,,,0.67,us,usp00095xy,2022-04-29T18:06:47.248Z,"22 km SSW of P?palkoti, India",earthquake,,,,40,reviewed,us,us
1999-04-07T16:23:26.940Z,30.257,79.295,10,4.7,mb,,,,0.96,us,usp00095xz,2014-11-07T01:07:25.089Z,"22 km SW of P?palkoti, India",earthquake,,,,17,reviewed,us,us
1999-04-07T17:17:33.410Z,26.607,96.474,100,4.5,mb,,,,0.66,us,usp00095y2,2014-11-07T01:07:25.214Z,"55 km NW of Sarupathar, India",earthquake,,,,9,reviewed,us,us
1999-04-14T17:24:27.880Z,30.256,79.305,10,4.9,mb,,,,0.71,us,usp00096a1,2022-04-29T18:06:57.108Z,"22 km SSW of P?palkoti, India",earthquake,,,,37,reviewed,us,us
1999-04-18T17:16:36.590Z,30.243,79.298,10,4.9,mb,,,,0.79,us,usp00096hk,2022-04-29T18:07:01.723Z,"23 km SSW of P?palkoti, India",earthquake,,,,50,reviewed,us,us
1999-04-24T19:48:35.920Z,28.379,81.161,33,4.3,mb,,,,1.33,us,usp00096u2,2014-11-07T01:07:30.101Z,"17 km SSE of ?ik?pur, Nepal",earthquake,,,,2,reviewed,us,us
1999-05-07T17:12:01.830Z,30.109,79.346,10,4.5,mb,,,,0.93,us,usp00097ha,2014-11-07T01:07:38.554Z,"36 km SSW of P?palkoti, India",earthquake,,,,7,reviewed,us,us
1999-05-11T16:39:19.050Z,26.307,92.788,33,4.4,mb,,,,0.84,us,usp00097t0,2014-11-07T01:07:39.920Z,"28 km ENE of Rah?, India",earthquake,,,,3,reviewed,us,us
1999-05-14T08:31:03.600Z,30.32,79.318,33,4.6,mb,,,,1.04,us,usp00097xn,2014-11-07T01:07:40.388Z,"15 km SW of P?palkoti, India",earthquake,,,,3,reviewed,us,us
1999-05-28T19:00:11.610Z,29.356,81.003,33,4.3,mb,,,,0.84,us,usp00098xk,2014-11-07T01:07:43.990Z,"12 km NNE of Dipayal, Nepal",earthquake,,,,7,reviewed,us,us
1999-06-20T01:14:55.470Z,26.204,92.779,33,4.3,mb,,,,0.95,us,usp0009a6j,2014-11-07T01:07:55.134Z,"23 km NNW of Hoj?i, India",earthquake,,,,11,reviewed,us,us
1999-06-26T21:36:31.100Z,26.796,91.806,51.6,4.4,mb,,,,1.22,us,usp0009akz,2014-11-07T01:07:57.386Z,"29 km W of Udalguri, India",earthquake,,15.5,,4,reviewed,us,us
1999-08-01T08:24:46.170Z,28.442,86.733,40.2,5.2,mb,,,,0.68,us,usp0009cdv,2014-11-07T01:08:11.461Z,"55 km N of Lobujya, Nepal",earthquake,,6.8,,103,reviewed,us,us
1999-09-05T02:28:16.980Z,28.159,87.413,33,4.5,mb,,,,0.97,us,usp0009e17,2014-11-07T01:08:26.237Z,"63 km ENE of Lobujya, Nepal",earthquake,,,,20,reviewed,us,us
1999-10-03T06:38:41.980Z,30.172,88.116,33,4.3,mb,,,,1.55,us,usp0009fcj,2014-11-07T01:08:39.387Z,"126 km NW of Rikaze, China",earthquake,,,,4,reviewed,us,us
1999-10-05T17:04:44.890Z,26.26,91.926,33,5.2,mwc,,,,0.84,us,usp0009fg3,2022-04-29T18:08:02.031Z,"18 km NE of Dispur, India",earthquake,,,,,reviewed,us,hrv
1999-10-09T01:39:45.160Z,26.398,91.926,40.9,4.2,mb,,,,0.97,us,usp0009fm6,2014-11-07T01:08:41.000Z,"11 km WSW of Mangaldai, India",earthquake,,,,2,reviewed,us,us
1999-10-10T05:20:18.640Z,27.538,97.399,72.2,4.5,mb,,,,0.8,us,usp0009fnf,2014-11-07T01:08:41.139Z,"103 km SE of Hayuliang, India",earthquake,,11.5,,20,reviewed,us,us
1999-10-15T07:33:01.060Z,29.608,90.061,33,4.7,mb,,,,0.77,us,usp0009fuq,2014-11-07T01:08:41.887Z,"74 km WSW of Dêqên, China",earthquake,,,,2,reviewed,us,us
1999-11-16T11:41:33.660Z,30.385,82.773,33,4.6,mb,,,,1.15,us,usp0009hq2,2014-11-07T01:08:58.419Z,"135 km NNE of Jumla, Nepal",earthquake,,,,13,reviewed,us,us
1999-12-01T13:56:43.750Z,30.024,81.444,33,4.5,mb,,,,1.43,us,usp0009jc5,2014-11-07T01:09:03.958Z,"39 km SE of Burang, China",earthquake,,,,11,reviewed,us,us
1999-12-21T17:17:30.820Z,30.938,86.224,33,4,mb,,,,1.54,us,usp0009k3x,2014-11-07T01:09:10.600Z,"203 km NNE of Saga, China",earthquake,,,,2,reviewed,us,us
1999-12-25T00:45:24.350Z,30.314,87.689,33,4.1,mb,,,,0.46,us,usp0009k8n,2014-11-07T01:09:11.197Z,"165 km NW of Rikaze, China",earthquake,,,,2,reviewed,us,us
2000-01-02T10:23:58.980Z,27.559,92.498,33,5,mb,,,,0.86,us,usp0009kn5,2022-04-29T19:37:55.502Z,"33 km NNE of Bomdila, India",earthquake,,,,52,reviewed,us,us
2000-01-11T09:40:09.960Z,31.336,86.573,33,4,mb,,,,1.03,us,usp0009m0x,2014-11-07T01:09:19.091Z,"257 km NNE of Saga, China",earthquake,,,,3,reviewed,us,us
2000-01-20T12:54:24.340Z,27.785,85.813,33,4.4,mb,,,,1.18,us,usp0009mdv,2014-11-07T01:09:21.043Z,"24 km SW of Kod?ri??, Nepal",earthquake,,,,9,reviewed,us,us
2000-01-22T09:36:55.670Z,31.05,95.454,33,4.6,mb,,,,0.93,us,usp0009mgk,2014-11-07T01:09:21.314Z,"164 km W of Qamdo, China",earthquake,,,,15,reviewed,us,us
2000-01-25T04:09:36.340Z,31.167,86.627,33,4,mb,,,,0.65,us,usp0009mmn,2014-11-07T01:09:21.860Z,"244 km NE of Saga, China",earthquake,,,,3,reviewed,us,us
2000-01-25T16:37:33.930Z,27.208,92.018,33,4.3,mb,,,,1.01,us,usp0009mnb,2014-11-07T01:09:21.937Z,"Arunachal Pradesh, India",earthquake,,,,1,reviewed,us,us
2000-01-25T16:43:22.950Z,27.663,92.631,33,5.2,mb,,,,0.77,us,usp0009mnc,2022-04-29T18:29:55.984Z,"48 km NNE of Bomdila, India",earthquake,,,,73,reviewed,us,us
2000-01-25T17:29:56.880Z,27.609,92.67,33,4.2,mb,,,,1.21,us,usp0009mnh,2014-11-07T01:09:21.960Z,"45 km NNE of Bomdila, India",earthquake,,,,5,reviewed,us,us
2000-01-26T21:11:55.600Z,27.566,92.492,33,4.3,mb,,,,0.93,us,usp0009mq8,2014-11-07T01:09:22.138Z,"34 km NNE of Bomdila, India",earthquake,,,,3,reviewed,us,us
2000-01-26T21:37:57.770Z,30.973,95.502,33,5.2,mwc,,,,0.98,us,usp0009mq9,2022-04-29T18:30:11.444Z,"161 km W of Qamdo, China",earthquake,,,,,reviewed,us,hrv
2000-01-30T06:35:04.570Z,29.249,91.981,33,4.8,mb,,,,1.09,us,usp0009mue,2014-11-07T01:09:22.742Z,"96 km ESE of Lhasa, China",earthquake,,,,11,reviewed,us,us
2000-02-03T08:33:44.930Z,26.435,96.758,122.4,4.3,mb,,,,1.05,us,usp0009mzt,2014-11-07T01:09:26.101Z,"25 km NNW of Sarupathar, India",earthquake,,18.7,,9,reviewed,us,us
2000-02-20T00:19:59.990Z,31.078,95.478,33,4.3,mb,,,,1.08,us,usp0009npz,2014-11-07T01:09:31.810Z,"162 km W of Qamdo, China",earthquake,,,,7,reviewed,us,us
2000-02-20T16:15:36.110Z,30.962,95.17,33,4,mb,,,,0.6,us,usp0009nr8,2014-11-07T01:09:31.941Z,"192 km W of Qamdo, China",earthquake,,,,1,reviewed,us,us
2000-02-21T18:21:36.160Z,28.442,86.578,33,4.1,mb,,,,1.16,us,usp0009nsy,2014-11-07T01:09:32.327Z,"59 km NNW of Lobujya, Nepal",earthquake,,,,3,reviewed,us,us
2000-02-26T04:04:34.870Z,28.494,82.145,33,4.6,mb,,,,1.13,us,usp0009nzd,2014-11-07T01:09:33.842Z,"38 km NW of Besisahar, Nepal",earthquake,,,,42,reviewed,us,us
2000-03-13T20:44:31.520Z,27.656,87.852,33,4.3,mb,,,,1.16,us,usp0009pnw,2014-11-07T01:09:41.300Z,"57 km NW of Gyalshing, India",earthquake,,,,5,reviewed,us,us
2000-03-17T15:44:04.800Z,26.684,91.89,33,4.1,mb,,,,0.8,us,usp0009pu7,2014-11-07T01:09:42.693Z,"22 km WSW of Udalguri, India",earthquake,,,,6,reviewed,us,us
2000-04-09T12:00:10.760Z,30.211,95.007,33,4.6,mb,,,,1.2,us,usp0009r23,2014-11-07T01:09:52.646Z,"196 km NNE of Shi Yomi, India",earthquake,,,,6,reviewed,us,us
2000-04-09T21:48:57.100Z,26.735,97.022,65.7,4.2,mb,,,,1.16,us,usp0009r2p,2014-11-07T01:09:52.705Z,"62 km NNE of Sarupathar, India",earthquake,,24.1,,5,reviewed,us,us
2000-04-21T06:35:56.880Z,26.145,93.009,33,4,mb,,,,0.49,us,usp0009rmx,2014-11-07T01:09:55.440Z,"21 km NE of Hoj?i, India",earthquake,,,,3,reviewed,us,us
2000-04-28T00:17:17.980Z,31.601,78.305,33,4.6,mb,,,,0.98,us,usp0009rz9,2014-11-07T01:09:57.403Z,"49 km ENE of Sar?han, India",earthquake,,,,8,reviewed,us,us
2000-05-05T22:48:19.830Z,29.398,81.573,81.3,4.4,mb,,,,1.15,us,usp0009sfd,2014-11-07T01:10:04.351Z,"60 km WNW of Jumla, Nepal",earthquake,,25.8,,2,reviewed,us,us
2000-05-11T15:52:55.300Z,26.003,96.952,47.8,4.4,mb,,,,1.26,us,usp0009ssw,2014-11-07T01:10:07.024Z,"26 km SSE of Sarupathar, India",earthquake,,15.2,,21,reviewed,us,us
2000-05-14T17:18:24.050Z,28.135,91.682,33,4.7,mb,,,,0.84,us,usp0009syc,2014-11-07T01:10:08.099Z,"60 km NNE of Trashi Yangtse, Bhutan",earthquake,,,,36,reviewed,us,us
2000-05-29T02:14:01.860Z,30.944,87.111,33,4.1,mb,,,,1.45,us,usp0009tkm,2014-11-07T01:10:12.154Z,"253 km NW of Rikaze, China",earthquake,,,,5,reviewed,us,us
2000-05-29T03:06:10.550Z,30.759,86.984,33,4.4,mb,,,,1.3,us,usp0009tks,2014-11-07T01:10:12.164Z,"232 km NE of Saga, China",earthquake,,,,7,reviewed,us,us
2000-06-03T02:39:08.890Z,31.185,87.188,33,4.5,mb,43,,,0.98,us,usp0009tuz,2014-11-07T01:10:17.243Z,"269 km NW of Rikaze, China",earthquake,,,,12,reviewed,us,us
2000-06-05T08:34:31.350Z,30.571,97.216,33,4.6,mb,22,,,1.25,us,usp0009u1k,2014-11-07T01:10:19.173Z,"62 km S of Qamdo, China",earthquake,,,,4,reviewed,us,us
2000-06-07T21:46:55.900Z,26.856,97.238,33,6.3,mwc,402,,,0.86,us,usp0009u6j,2022-04-29T18:40:16.269Z,"83 km NNE of Sarupathar, India",earthquake,,,,,reviewed,us,hrv
2000-06-08T09:44:35.930Z,26.507,96.904,33,4,mb,8,,,1.26,us,usp0009u81,2014-11-07T01:10:20.232Z,"34 km NNE of Sarupathar, India",earthquake,,,,3,reviewed,us,us
2000-06-08T12:21:09.990Z,26.587,97.018,33,5.1,mwc,156,,,1.18,us,usp0009u87,2022-04-29T18:40:22.344Z,"47 km NNE of Sarupathar, India",earthquake,,,,,reviewed,us,hrv
2000-06-14T21:12:02.930Z,26.844,97.114,33,4.2,mb,22,,,0.84,us,usp0009uk9,2014-11-07T01:10:22.518Z,"76 km NNE of Sarupathar, India",earthquake,,,,1,reviewed,us,us
2000-06-29T09:45:13.410Z,26.823,97.251,52,4.1,mb,13,,,0.41,us,usp0009vdb,2014-11-07T01:10:26.043Z,"81 km NNE of Sarupathar, India",earthquake,,14.5,,4,reviewed,us,us
2000-07-03T07:09:53.720Z,31.471,84.714,33,4.5,mb,39,,,0.92,us,usp0009vp0,2014-11-07T01:10:31.064Z,"243 km NNW of Saga, China",earthquake,,,,16,reviewed,us,us
2000-07-12T22:23:59.600Z,31.508,83.506,33,4.8,mb,23,,,1.2,us,usp0009wcm,2014-11-07T01:10:35.812Z,"260 km ENE of Burang, China",earthquake,,,,3,reviewed,us,us
2000-07-17T06:52:11.620Z,27.071,92.304,33,4.3,mb,31,,,1.23,us,usp0009wnh,2014-11-07T01:10:37.101Z,"24 km SSW of Bomdila, India",earthquake,,,,3,reviewed,us,us
2000-08-05T15:01:44.350Z,31.855,94.427,33,4.2,mb,34,,,1.17,us,usp0009xyu,2014-11-07T01:10:49.274Z,"228 km E of Nagqu, China",earthquake,,,,9,reviewed,us,us
2000-08-16T23:06:29.210Z,26.535,92.416,33,4.4,mb,28,,,1.42,us,usp0009ym3,2014-11-07T01:10:52.295Z,"9 km NW of Dhing, India",earthquake,,,,4,reviewed,us,us
2000-09-10T23:32:37.960Z,28.402,92.726,33,4.2,mb,33,,,1.29,us,usp000a01s,2014-11-07T01:11:04.179Z,"120 km NE of Tawang, India",earthquake,,,,6,reviewed,us,us
2000-09-17T19:46:40.340Z,26.275,91.496,33,4,mb,8,,,0.54,us,usp000a0e5,2014-11-07T01:11:05.783Z,"4 km NW of H?jo, India",earthquake,,,,2,reviewed,us,us
2000-09-26T07:22:44.060Z,30.998,78.13,33,4.5,mb,17,,,0.73,us,usp000a0u8,2014-11-07T01:11:07.660Z,"22 km NNW of Barkot, India",earthquake,,,,4,reviewed,us,us
2000-10-08T06:14:57.420Z,30.193,88.115,33,4.7,mb,53,,,1.31,us,usp000a1ep,2014-11-07T01:11:15.177Z,"128 km NW of Rikaze, China",earthquake,,,,33,reviewed,us,us
2000-10-09T01:21:10.850Z,29.332,81.479,33,4.1,mb,11,,,1.09,us,usp000a1gg,2014-11-07T01:11:15.593Z,"52 km E of Dipayal, Nepal",earthquake,,,,1,reviewed,us,us
2000-10-15T15:32:30.570Z,26.89,96.753,107.7,4.2,mb,17,,,0.61,us,usp000a1tv,2014-11-07T01:11:16.646Z,"75 km N of Sarupathar, India",earthquake,,16.9,,3,reviewed,us,us
2000-10-25T13:22:17.920Z,28.78,95.894,33,4.4,mb,6,,,0.6,us,usp000a2cy,2014-11-07T01:11:18.856Z,"96 km NE of P?sigh?t, India",earthquake,,,,1,reviewed,us,us
2000-10-26T15:22:34.920Z,29.211,81.875,33,4.8,mb,58,,,0.99,us,usp000a2f5,2014-11-07T01:11:19.063Z,"30 km WSW of Jumla, Nepal",earthquake,,,,28,reviewed,us,us
2000-12-28T10:30:58.810Z,30.666,96.667,33,4,mb,8,,,1.22,us,usp000a6ud,2014-11-07T01:11:46.962Z,"71 km SW of Qamdo, China",earthquake,,,,3,reviewed,us,us
2001-01-24T23:57:18.740Z,27.439,92.491,20.9,4.3,mb,22,,,0.88,us,usp000a8bt,2014-11-07T01:11:58.731Z,"20 km NNE of Bomdila, India",earthquake,,,,4,reviewed,us,us
2001-02-23T22:54:32.560Z,30.998,78.066,21.2,4.5,mb,24,,,1.07,us,usp000aa7m,2014-11-07T01:12:11.316Z,"24 km NNW of Barkot, India",earthquake,,,,9,reviewed,us,us
2001-02-27T01:46:05.310Z,26.486,90.616,20.2,4.9,mb,84,,,0.75,us,usp000aaff,2014-11-07T01:12:12.386Z,"5 km E of Bongaigaon, India",earthquake,,,,38,reviewed,us,us
2001-03-10T00:20:17.350Z,27.878,91.826,33,4.7,mb,40,,,0.81,us,usp000ab61,2014-11-07T01:12:19.786Z,"35 km NNW of Tawang, India",earthquake,,,,21,reviewed,us,us
2001-03-12T11:34:18.010Z,30.406,79.022,33,4.5,mb,25,,,1.12,us,usp000ab9e,2014-11-07T01:12:20.222Z,"13 km NNE of Rudrapray?g, India",earthquake,,,,11,reviewed,us,us
2001-03-16T04:38:18.560Z,30.337,94.881,33,4.9,mb,59,,,0.84,us,usp000abgj,2022-04-29T19:15:00.766Z,"206 km NNE of Shi Yomi, India",earthquake,,,,25,reviewed,us,us
2001-03-26T13:00:34.670Z,31.376,85.526,33,4.3,mb,26,,,1.12,us,usp000ac2a,2014-11-07T01:12:25.782Z,"229 km N of Saga, China",earthquake,,,,8,reviewed,us,us
2001-04-03T23:08:35.920Z,27.801,86.127,33,4.6,mb,68,,,0.99,us,usp000ach7,2014-11-07T01:12:31.411Z,"24 km SE of Kod?ri??, Nepal",earthquake,,,,21,reviewed,us,us
2001-04-06T03:32:07.930Z,26.385,92.69,42.7,4.4,mb,49,,,0.82,us,usp000acp4,2014-11-07T01:12:32.317Z,"23 km ESE of Dhing, India",earthquake,,,,16,reviewed,us,us
2001-04-07T11:57:09.850Z,31.779,94.379,33,4,mb,27,,,1.44,us,usp000acrb,2014-11-07T01:12:32.595Z,"Eastern Xizang",earthquake,,,,7,reviewed,us,us
2001-04-12T22:08:51.540Z,29.94,88.114,33,4.6,mb,47,,,1.1,us,usp000ad48,2014-11-07T01:12:34.352Z,"106 km NW of Rikaze, China",earthquake,,,,24,reviewed,us,us
2001-04-15T08:36:34.310Z,29.248,81.321,33,4.3,mb,33,,,0.99,us,usp000ad9m,2014-11-07T01:12:35.011Z,"37 km E of Dipayal, Nepal",earthquake,,,,12,reviewed,us,us
2001-04-27T12:28:34.410Z,26.09,91.489,33,4.1,mb,16,,,1.42,us,usp000ae1g,2014-11-07T01:12:38.587Z,"6 km SW of Pal?sb?ri, India",earthquake,,,,4,reviewed,us,us
2001-04-28T10:37:56.570Z,28.872,87.162,33,5.2,mb,260,,,0.86,us,usp000ae39,2022-04-29T19:15:23.881Z,"107 km NNE of Lobujya, Nepal",earthquake,,,,135,reviewed,us,us
2001-04-29T10:39:05.170Z,28.912,87.222,33,4.7,mb,73,,,1,us,usp000ae5k,2014-11-07T01:12:39.277Z,"113 km NNE of Lobujya, Nepal",earthquake,,,,33,reviewed,us,us
2001-05-03T16:02:59.640Z,27.63,90.47,33,4.1,mb,19,,,1.22,us,usp000aecq,2014-11-07T01:12:43.948Z,"14 km NNW of Trongsa, Bhutan",earthquake,,,,4,reviewed,us,us
2001-05-18T19:26:15.890Z,26.458,92.936,33,4,mb,10,,,1.43,us,usp000af54,2014-11-07T01:12:48.562Z,"23 km SE of Tezpur, India",earthquake,,,,3,reviewed,us,us
2001-06-13T11:07:02.780Z,31.439,85.753,54.3,4.1,mb,22,,,0.9,us,usp000agjb,2014-11-07T01:13:03.420Z,"239 km NNE of Saga, China",earthquake,,13,,6,reviewed,us,us
2001-06-13T11:09:52.220Z,31.379,85.756,72.4,4.5,mb,33,,,0.57,us,usp000agjd,2014-11-07T01:13:03.425Z,"233 km NNE of Saga, China",earthquake,,12.6,,15,reviewed,us,us
2001-06-20T14:44:24.420Z,26.356,92.634,60.5,4.3,mb,15,,,0.95,us,usp000agza,2014-11-07T01:13:05.515Z,"17 km NE of Rah?, India",earthquake,,,,7,reviewed,us,us
2001-07-02T15:24:50.610Z,30.549,86.538,33,4.5,mb,28,,,1.25,us,usp000ahvj,2014-11-07T01:13:12.885Z,"185 km NE of Saga, China",earthquake,,,,9,reviewed,us,us
2001-07-16T16:12:46.750Z,27.957,85.178,33,5,mb,124,,,1,us,usp000ajnb,2022-04-29T19:26:34.041Z,"31 km NNW of Kathmandu, Nepal",earthquake,,,,65,reviewed,us,us
2001-07-16T23:01:41.000Z,28.133,84,33,4.1,mb,26,,,0.86,us,usp000ajnu,2014-11-07T01:13:17.918Z,"15 km SSE of Pokhara, Nepal",earthquake,,,,8,reviewed,us,us
2001-07-29T16:48:53.470Z,30.008,95.315,33,4.4,mb,26,,,1.08,us,usp000akf1,2014-11-07T01:13:22.937Z,"187 km NNE of Shi Yomi, India",earthquake,,,,8,reviewed,us,us
2001-08-06T06:23:29.050Z,27.66,87.427,33,4.4,mb,12,,,1,us,usp000akx3,2014-11-07T01:13:30.208Z,"38 km NE of Kh??db?ri??, Nepal",earthquake,,,,1,reviewed,us,us
2001-08-07T21:21:56.580Z,26.432,96.346,111.7,4.5,mb,19,,,0.9,us,usp000am07,2014-11-07T01:13:30.549Z,"52 km WNW of Sarupathar, India",earthquake,,,,1,reviewed,us,us
2001-08-09T05:56:22.860Z,30.486,79.167,39.3,4.3,mb,31,,,0.93,us,usp000am34,2014-11-07T01:13:30.914Z,"Uttaranchal, India",earthquake,,8.8,,6,reviewed,us,us
2001-08-29T19:26:40.450Z,27.083,92.201,50.1,4.3,mb,36,,,1.15,us,usp000an92,2014-11-07T01:13:39.186Z,"29 km SW of Bomdila, India",earthquake,,9.8,,7,reviewed,us,us
2001-08-31T06:30:15.250Z,26.641,95.936,51.2,4.5,mb,33,,,1.01,us,usp000anbk,2014-11-07T01:13:39.517Z,"55 km SE of Khonsa, India",earthquake,,,,10,reviewed,us,us
2001-09-10T08:16:34.480Z,28.885,96.856,33,4.4,mb,37,,,1.25,us,usp000any2,2014-11-07T01:13:45.951Z,"95 km NNE of Hayuliang, India",earthquake,,,,8,reviewed,us,us
2001-09-11T02:08:14.750Z,26.324,93.221,33,4,mb,9,,,0.62,us,usp000anzg,2014-11-07T01:13:46.452Z,"50 km NE of Hoj?i, India",earthquake,,,,2,reviewed,us,us
2001-09-13T06:20:35.340Z,29.762,80.488,36,4.4,mb,41,,,1.07,us,usp000ap34,2014-11-07T01:13:47.609Z,"9 km SW of D?rchul?, Nepal",earthquake,,8.3,,8,reviewed,us,us
2001-09-27T22:40:11.220Z,26.817,87.593,33,4.3,mb,35,,,1.24,us,usp000apws,2014-11-07T01:13:51.374Z,"31 km E of Dhar?n, Nepal",earthquake,,,,8,reviewed,us,us
2001-10-26T08:22:54.660Z,26.273,92.985,10,4.5,mb,26,,,1.22,us,usp000arnt,2014-11-07T01:14:03.654Z,"32 km NNE of Hoj?i, India",earthquake,,,,8,reviewed,us,us
2001-11-06T14:09:25.390Z,27.268,91.919,33,5.2,mb,144,,,0.85,us,usp000asbg,2022-04-29T19:45:37.849Z,"33 km S of Tawang, India",earthquake,,,,75,reviewed,us,us
2001-11-07T04:58:06.240Z,30.106,85.452,33,4.1,mb,11,,,1.39,us,usp000ascz,2014-11-07T01:14:12.708Z,"89 km NNE of Saga, China",earthquake,,,,1,reviewed,us,us
2001-11-23T18:55:57.540Z,31.286,87.414,33,4.1,mb,8,,,1.42,us,usp000atc7,2014-11-07T01:14:17.743Z,"266 km NNW of Rikaze, China",earthquake,,,,1,reviewed,us,us
2001-11-27T07:31:52.330Z,29.606,81.752,33,5.5,mwc,348,,,0.88,us,usp000atjx,2022-04-29T19:42:06.756Z,"55 km NW of Jumla, Nepal",earthquake,,,,,reviewed,us,hrv
2001-11-27T08:46:19.160Z,29.39,81.631,33,4.8,mb,32,,,0.89,us,usp000atk0,2014-11-07T01:14:19.280Z,"55 km WNW of Jumla, Nepal",earthquake,,,,9,reviewed,us,us
2001-11-27T08:53:54.080Z,29.548,81.745,33,5.4,mwc,295,,,0.95,us,usp000atk2,2022-04-29T19:43:20.062Z,"52 km NW of Jumla, Nepal",earthquake,,,,,reviewed,us,hrv
2001-11-27T17:56:55.110Z,29.51,81.739,33,5.1,mb,148,,,1.13,us,usp000atkf,2022-04-29T19:42:12.877Z,"50 km WNW of Jumla, Nepal",earthquake,,,,93,reviewed,us,us
2001-11-28T10:05:33.840Z,29.344,81.601,33,4.2,mb,15,,,0.94,us,usp000atmk,2014-11-07T01:14:19.455Z,"56 km N of Dailekh, Nepal",earthquake,,,,2,reviewed,us,us
2001-11-30T21:46:04.570Z,29.327,81.638,33,4.7,mb,37,,,0.81,us,usp000ats9,2014-11-07T01:14:20.335Z,"53 km W of Jumla, Nepal",earthquake,,,,16,reviewed,us,us
2001-12-02T11:00:36.740Z,31.427,86.401,33,4.4,mb,12,,,0.77,us,usp000atvs,2014-11-07T01:14:24.166Z,"259 km NNE of Saga, China",earthquake,,,,2,reviewed,us,us
2001-12-02T22:41:13.790Z,27.15,88.171,33,5.1,mb,147,,,0.95,us,usp000atwn,2022-04-29T19:42:41.626Z,"7 km WNW of Naya B?z?r, India",earthquake,,,,63,reviewed,us,us
2001-12-03T06:38:26.120Z,31.422,86.288,33,4,mb,12,,,1.01,us,usp000atxc,2014-11-07T01:14:24.919Z,"254 km NNE of Saga, China",earthquake,,,,2,reviewed,us,us
2001-12-18T02:22:00.070Z,29.612,81.78,33,4.9,mb,64,,,0.86,us,usp000ausp,2014-11-07T01:14:29.636Z,"54 km NW of Jumla, Nepal",earthquake,,,,34,reviewed,us,us
2002-01-17T14:42:56.900Z,26.276,96.41,96,4.5,mb,44,,,0.68,us,usp000awnc,2014-11-07T01:14:42.386Z,"40 km W of Sarupathar, India",earthquake,,9.5,,22,reviewed,us,us
2002-01-31T02:11:01.040Z,29.901,87.899,39.6,4.3,mb,17,,,0.61,us,usp000axgd,2014-11-07T01:14:47.060Z,"119 km NW of Rikaze, China",earthquake,,9.8,,2,reviewed,us,us
2002-02-06T07:53:29.620Z,31.309,88.065,33,4.2,mb,15,,,1.15,us,usp000axwt,2014-11-07T01:14:53.015Z,"241 km NNW of Rikaze, China",earthquake,,,,4,reviewed,us,us
2002-03-07T15:50:18.920Z,29.625,84.419,70,4.6,mb,16,,,0.88,us,usp000azw0,2014-11-07T01:15:05.714Z,"85 km WNW of Saga, China",earthquake,,12,,4,reviewed,us,us
2002-03-09T18:43:02.360Z,29.955,79.966,33,4.6,mb,20,,,0.68,us,usp000b00g,2014-11-07T01:15:07.088Z,"22 km NE of B?geshwar, India",earthquake,,,,4,reviewed,us,us
2002-03-21T13:03:21.700Z,29.766,88.053,53.4,4.2,mb,23,,,1.29,us,usp000b0su,2014-11-07T01:15:12.694Z,"98 km NW of Rikaze, China",earthquake,,16,,8,reviewed,us,us
2002-03-23T04:56:25.890Z,29.863,87.928,33,4.7,mb,61,,,1.03,us,usp000b0w4,2014-11-07T01:15:13.119Z,"114 km NW of Rikaze, China",earthquake,,,,31,reviewed,us,us
2002-03-27T16:49:03.740Z,26.514,93.041,43.7,4.5,mb,55,,,0.9,us,usp000b16k,2014-11-07T01:15:14.741Z,"27 km ESE of Tezpur, India",earthquake,,,,25,reviewed,us,us
2002-03-28T03:01:20.670Z,29.899,88.095,33,4.3,mb,9,,,0.82,us,usp000b17v,2014-11-07T01:15:14.997Z,"104 km NW of Rikaze, China",earthquake,,,,1,reviewed,us,us
2002-03-31T12:40:28.000Z,29.873,87.983,33,4.4,mb,25,,,1.37,us,usp000b1eg,2014-11-07T01:15:16.615Z,"111 km NW of Rikaze, China",earthquake,,,,3,reviewed,us,us
2002-04-02T19:34:14.790Z,29.043,86.873,33,4.2,mb,13,,,0.9,us,usp000b1m5,2014-11-07T01:15:20.206Z,"121 km N of Lobujya, Nepal",earthquake,,,,2,reviewed,us,us
2002-04-02T19:57:21.290Z,29.287,87.009,33,4.6,mb,16,,,1.14,us,usp000b1m8,2014-11-07T01:15:20.220Z,"149 km N of Lobujya, Nepal",earthquake,,,,2,reviewed,us,us
2002-04-09T02:09:42.040Z,29.826,87.909,33,4,mb,14,,,1.14,us,usp000b20m,2014-11-07T01:15:23.235Z,"113 km NW of Rikaze, China",earthquake,,,,2,reviewed,us,us
2002-04-27T09:07:01.900Z,30.34,96.964,33,4,mb,15,,,1.16,us,usp000b397,2014-11-07T01:15:29.041Z,"Eastern Xizang",earthquake,,,,3,reviewed,us,us
2002-05-03T13:55:45.050Z,30.876,86.387,33,4.1,mb,24,,,1.23,us,usp000b3nd,2014-11-07T01:15:33.756Z,"205 km NNE of Saga, China",earthquake,,,,5,reviewed,us,us
2002-05-08T17:57:01.420Z,28.659,86.584,115.6,4,mb,12,,,1.13,us,usp000b3z7,2014-11-07T01:15:35.801Z,"81 km NNW of Lobujya, Nepal",earthquake,,22.1,,2,reviewed,us,us
2002-05-09T01:09:20.620Z,29.826,87.837,33.6,4.6,mb,37,,,1.12,us,usp000b3zs,2014-11-07T01:15:35.907Z,"119 km WNW of Rikaze, China",earthquake,,14,,19,reviewed,us,us
2002-05-22T19:28:15.460Z,29.442,81.928,33,4.3,mb,25,,,0.88,us,usp000b4t7,2014-11-07T01:15:39.168Z,"30 km NW of Jumla, Nepal",earthquake,,,,5,reviewed,us,us
2002-05-27T01:36:11.330Z,31.505,85.421,33,4.3,mb,22,,,1.34,us,usp000b51k,2014-11-07T01:15:40.550Z,"242 km N of Saga, China",earthquake,,,,5,reviewed,us,us
2002-06-04T14:36:05.800Z,30.595,81.44,33,5.6,mwc,273,,,0.83,us,usp000b5h4,2022-05-02T16:00:00.552Z,"western Xizang",earthquake,,,,,reviewed,us,hrv
2002-06-04T14:47:16.310Z,30.473,81.447,33,4.6,mb,45,,,1.03,us,usp000b5h5,2014-11-07T01:15:45.908Z,"32 km NE of Burang, China",earthquake,,,,22,reviewed,us,us
2002-06-04T15:27:07.270Z,30.323,81.243,33,4,mb,21,,,1.02,us,usp000b5h6,2014-11-07T01:15:45.916Z,"7 km ENE of Burang, China",earthquake,,,,4,reviewed,us,us
2002-06-04T17:27:07.180Z,30.425,81.398,33,4.4,mb,23,,,1.27,us,usp000b5hd,2014-11-07T01:15:45.991Z,"25 km ENE of Burang, China",earthquake,,,,7,reviewed,us,us
2002-06-05T05:35:43.480Z,30.392,81.264,33,4.4,mb,17,,,1.23,us,usp000b5jb,2014-11-07T01:15:46.191Z,"13 km NE of Burang, China",earthquake,,,,5,reviewed,us,us
2002-06-06T01:35:52.320Z,30.457,81.251,33,4.7,mb,29,,,1.33,us,usp000b5m1,2014-11-07T01:15:46.533Z,"western Xizang",earthquake,,,,11,reviewed,us,us
2002-06-09T16:17:13.440Z,30.501,81.457,33,4,mb,22,,,0.78,us,usp000b5v2,2014-11-07T01:15:48.265Z,"35 km NE of Burang, China",earthquake,,,,4,reviewed,us,us
2002-06-16T20:35:43.860Z,29.845,87.853,12.8,4.3,mb,11,,,0.94,us,usp000b6a2,2014-11-07T01:15:50.696Z,"119 km WNW of Rikaze, China",earthquake,,,,2,reviewed,us,us
2002-07-09T03:08:05.280Z,29.889,87.995,33,4.7,mb,58,,,1.07,us,usp000b7sh,2014-11-07T01:16:02.004Z,"111 km NW of Rikaze, China",earthquake,,,,27,reviewed,us,us
2002-07-16T18:39:24.490Z,27.774,87.468,33,4,mb,11,,,1.22,us,usp000b87v,2014-11-07T01:16:04.481Z,"Nepal",earthquake,,,,1,reviewed,us,us
2002-08-01T15:17:17.960Z,29.895,87.948,33,4.4,mb,18,,,0.84,us,usp000b94k,2014-11-07T01:16:10.466Z,"115 km NW of Rikaze, China",earthquake,,,,6,reviewed,us,us
2002-08-06T23:30:01.020Z,29.912,87.87,33,4.6,mb,51,,,1.13,us,usp000b9ef,2014-11-07T01:16:13.932Z,"122 km NW of Rikaze, China",earthquake,,,,34,reviewed,us,us
2002-08-16T07:14:34.880Z,30.059,87.887,33,4.1,mb,7,,,1.55,us,usp000ba05,2014-11-07T01:16:16.332Z,"131 km NW of Rikaze, China",earthquake,,,,1,reviewed,us,us
2002-08-20T08:46:26.900Z,27.287,92.86,86.1,4.4,mb,22,,,0.69,us,usp000ba8w,2014-11-07T01:16:17.987Z,"43 km E of Bomdila, India",earthquake,,9.5,,8,reviewed,us,us
2002-08-22T04:50:14.270Z,29.818,88.087,38.5,4.5,mb,36,,,1.13,us,usp000bacy,2014-11-07T01:16:18.431Z,"99 km NW of Rikaze, China",earthquake,,13.6,,18,reviewed,us,us
2002-08-31T12:40:35.370Z,29.871,87.878,33,5,mb,123,,,1.16,us,usp000bb00,2022-05-02T16:07:09.485Z,"119 km NW of Rikaze, China",earthquake,,,,82,reviewed,us,us
2002-09-10T01:27:03.620Z,26.605,96.19,100.1,4.1,mb,21,,,0.86,us,usp000bbvd,2014-11-07T01:16:29.478Z,"76 km NW of Sarupathar, India",earthquake,,11.9,,4,reviewed,us,us
2002-09-27T09:51:07.180Z,29.784,87.885,33,4.4,mb,20,,,1.12,us,usp000bd7k,2014-11-07T01:16:35.112Z,"113 km WNW of Rikaze, China",earthquake,,,,9,reviewed,us,us
2002-10-11T21:07:10.090Z,31.229,88.229,60.9,4.7,mb,48,,,1.08,us,usp000beak,2014-11-07T01:16:44.219Z,"228 km NNW of Rikaze, China",earthquake,,13.5,,19,reviewed,us,us
2002-10-11T22:24:29.790Z,29.919,88.009,33,4.4,mb,33,,,1.36,us,usp000beas,2014-11-07T01:16:44.240Z,"112 km NW of Rikaze, China",earthquake,,,,4,reviewed,us,us
2002-10-17T16:31:46.770Z,29.661,97.797,80.9,4.4,mb,21,,,1.1,us,usp000berc,2014-11-07T01:16:46.124Z,"173 km SSE of Qamdo, China",earthquake,,13.5,,10,reviewed,us,us
2002-10-29T17:26:33.450Z,28.007,87.423,33,4.1,mb,11,,,1.32,us,usp000bfm8,2014-11-07T01:16:50.619Z,"59 km E of Lobujya, Nepal",earthquake,,,,1,reviewed,us,us
2002-11-04T10:59:35.240Z,28.855,82.208,33,4.2,mb,12,,,0.99,us,usp000bg9x,2014-11-07T01:16:58.311Z,"46 km S of Jumla, Nepal",earthquake,,,,1,reviewed,us,us
2002-11-05T23:39:45.440Z,31.014,86.576,41.3,4.8,mb,64,,,1.05,us,usp000bgqz,2014-11-07T01:17:01.405Z,"228 km NE of Saga, China",earthquake,,12.7,,25,reviewed,us,us
2002-11-13T11:58:17.350Z,30.744,84.145,33,4.1,mb,14,,,0.97,us,usp000bhky,2014-11-07T01:17:07.580Z,"188 km NW of Saga, China",earthquake,,,,1,reviewed,us,us
2002-11-14T02:59:22.370Z,27.552,92.639,61,4.6,mb,27,,,0.93,us,usp000bhn4,2014-11-07T01:17:07.923Z,"38 km NNE of Bomdila, India",earthquake,,12.2,,11,reviewed,us,us
2002-11-16T08:52:21.060Z,29.667,90.409,10,4.6,mb,32,,,0.86,us,usp000bhsz,2014-11-07T01:17:08.462Z,"44 km SW of Dêqên, China",earthquake,,,,14,reviewed,us,us
2002-11-16T09:40:13.070Z,29.768,90.523,10,4.7,mb,18,,,1.11,us,usp000bht3,2014-11-07T01:17:08.472Z,"28 km SW of Dêqên, China",earthquake,,,,3,reviewed,us,us
2002-11-16T09:44:52.720Z,29.768,90.48,10,4.6,mb,19,,,1.11,us,usp000bht4,2014-11-07T01:17:08.474Z,"31 km SW of Dêqên, China",earthquake,,,,5,reviewed,us,us
2002-11-16T18:04:41.390Z,29.694,90.407,10,4.3,mb,13,,,0.71,us,usp000bhtv,2014-11-07T01:17:08.579Z,"42 km SW of Dêqên, China",earthquake,,,,3,reviewed,us,us
2002-11-29T16:49:07.840Z,29.676,90.395,10,4.9,mb,35,,,0.83,us,usp000bjqm,2014-11-07T01:17:12.345Z,"44 km SW of Dêqên, China",earthquake,,,,11,reviewed,us,us
2002-11-30T02:52:03.510Z,28.64,95.082,38.2,5.1,mb,164,,,0.66,us,usp000bjrf,2022-05-02T16:18:20.983Z,"58 km NNE of Along, India",earthquake,,5.7,,85,reviewed,us,us
2002-12-16T11:56:58.570Z,29.725,87.822,33,4.2,mb,19,,,1.15,us,usp000bktj,2014-11-07T01:17:22.065Z,"115 km WNW of Rikaze, China",earthquake,,,,3,reviewed,us,us
2002-12-24T10:23:37.440Z,30.445,96.634,33,4.6,mb,37,,,0.92,us,usp000bmap,2014-11-07T01:17:25.419Z,"92 km SW of Qamdo, China",earthquake,,,,14,reviewed,us,us
2002-12-27T03:28:32.590Z,29.662,87.725,33,4.2,mb,12,,,1.36,us,usp000bmgb,2014-11-07T01:17:26.107Z,"121 km WNW of Rikaze, China",earthquake,,,,1,reviewed,us,us
2002-12-30T16:46:27.570Z,30.717,86.272,51.3,4.2,mb,29,,,1.06,us,usp000bmr9,2014-11-07T01:17:26.866Z,"184 km NNE of Saga, China",earthquake,,13.8,,9,reviewed,us,us
2003-01-01T16:52:45.750Z,26.478,96.292,98,4.1,mb,27,,,1.02,us,usp000bmwb,2014-11-07T01:17:30.479Z,"59 km WNW of Sarupathar, India",earthquake,,14.4,,8,reviewed,us,us
2003-01-16T11:36:49.140Z,29.8,88.006,12.2,5.1,mb,115,,,0.83,us,usp000bnnc,2022-05-02T16:23:08.457Z,"104 km NW of Rikaze, China",earthquake,,,,63,reviewed,us,us
2003-01-18T10:31:48.640Z,28.622,81.95,33,4.3,mb,17,,,1.08,us,usp000bnry,2014-11-07T01:17:36.208Z,"32 km E of Birendranagar, Nepal",earthquake,,,,3,reviewed,us,us
2003-02-26T19:58:13.150Z,28.347,86.449,33,4.6,mb,15,,,0.46,us,usp000brj5,2014-11-07T01:17:52.666Z,"56 km NW of Lobujya, Nepal",earthquake,,,,5,reviewed,us,us
2003-02-26T23:40:50.710Z,29.906,87.893,33,4.2,mb,15,,,1.27,us,usp000brjk,2014-11-07T01:17:52.739Z,"120 km NW of Rikaze, China",earthquake,,,,3,reviewed,us,us
2003-03-05T08:22:35.710Z,31.519,78.62,18.9,4.7,mb,18,195.1,,0.91,us,usp000brzn,2014-11-07T01:17:59.387Z,"78 km E of Sar?han, India",earthquake,,,,4,reviewed,us,us
2003-03-21T12:25:11.360Z,29.748,80.566,33,4.2,mb,29,71.4,,1.07,us,usp000bt65,2014-11-07T01:18:07.215Z,"9 km S of D?rchul?, Nepal",earthquake,,,,12,reviewed,us,us
2003-03-25T18:51:26.340Z,27.264,89.331,47.1,5.5,mwc,165,34.4,,1.21,us,usp000btge,2022-05-02T16:28:21.750Z,"14 km SSE of Ha, Bhutan",earthquake,,,,,reviewed,us,hrv
2003-04-04T07:02:32.020Z,30.026,80.008,33,4.7,mb,51,80.1,,0.83,us,usp000bub0,2014-11-07T01:18:16.473Z,"30 km NE of B?geshwar, India",earthquake,,,,22,reviewed,us,us
2003-04-08T16:55:08.370Z,26.128,93.193,40.5,4.6,mb,72,70.6,,0.98,us,usp000buqn,2014-11-07T01:18:18.799Z,"36 km ENE of Hoj?i, India",earthquake,,,,43,reviewed,us,us
2003-05-03T17:43:06.280Z,30.325,81.331,33,4.3,mb,27,105.1,,1,us,usp000bwhn,2014-11-07T01:18:32.459Z,"15 km ENE of Burang, China",earthquake,,,,7,reviewed,us,us
2003-05-18T19:58:50.490Z,29.511,81.86,33,4.4,mb,15,177.2,,0.71,us,usp000bxfx,2014-11-07T01:18:38.062Z,"40 km NW of Jumla, Nepal",earthquake,,,,3,reviewed,us,us
2003-05-27T04:23:28.960Z,30.547,79.293,33,4.9,mb,151,108.7,,0.73,us,usp000by91,2022-05-02T16:34:52.179Z,"18 km NW of P?palkoti, India",earthquake,,,,98,reviewed,us,us
2003-05-27T10:14:58.870Z,30.383,79.087,33,4.1,mb,17,89.7,,1.25,us,usp000by9k,2014-11-07T01:18:43.453Z,"14 km NE of Rudrapray?g, India",earthquake,,,,1,reviewed,us,us
2003-05-29T00:33:29.090Z,27.272,92.772,76.1,4.1,mb,36,97.7,,0.9,us,usp000byed,2014-11-07T01:18:44.163Z,"34 km E of Bomdila, India",earthquake,,11.1,,18,reviewed,us,us
2003-06-03T03:33:31.840Z,30.629,86.033,33,4.4,mb,27,170.7,,1.48,us,usp000byxc,2014-11-07T01:18:49.586Z,"164 km NNE of Saga, China",earthquake,,,,5,reviewed,us,us
2003-06-23T12:30:54.080Z,27.79,88.168,80.3,4.2,mb,22,82.2,,0.9,us,usp000c0rf,2014-11-07T01:18:59.140Z,"46 km NW of Mangan, India",earthquake,,,,2,reviewed,us,us
2003-07-01T05:13:53.580Z,30.924,86.377,33,4.3,mb,21,110.5,,1.27,us,usp000c1d3,2014-11-07T01:19:03.580Z,"209 km NNE of Saga, China",earthquake,,,,4,reviewed,us,us
2003-07-28T02:44:59.980Z,28.698,82.045,33,4.2,mb,20,114.8,,0.93,us,usp000c3jd,2014-11-07T01:19:19.085Z,"36 km ESE of Dailekh, Nepal",earthquake,,,,2,reviewed,us,us
2003-07-29T06:25:40.190Z,26.213,96.004,63.5,4.7,mb,49,85.1,,0.91,us,usp000c3mr,2014-11-07T01:19:19.309Z,"80 km W of Sarupathar, India",earthquake,,12.7,,20,reviewed,us,us
2003-08-08T09:59:23.530Z,26.687,97.036,11.5,5,mb,130,64.7,,1.1,us,usp000c4dx,2022-05-02T16:40:20.117Z,"57 km NNE of Sarupathar, India",earthquake,,,,71,reviewed,us,us
2003-08-18T09:03:03.520Z,29.573,95.605,33,5.5,mwb,344,34.7,,0.92,us,usp000c58m,2022-05-02T16:41:13.182Z,"166 km NE of Shi Yomi, India",earthquake,,,,,reviewed,us,us
2003-08-18T09:37:25.790Z,29.688,95.97,33,4.5,mb,23,115,,1.32,us,usp000c58s,2014-11-07T01:19:32.752Z,"187 km NNW of Hayuliang, India",earthquake,,,,8,reviewed,us,us
2003-08-20T03:34:54.190Z,30.169,82.219,33,4.6,mb,33,110,,0.54,us,usp000c5dy,2014-11-07T01:19:33.285Z,"99 km N of Jumla, Nepal",earthquake,,,,16,reviewed,us,us
2003-09-03T23:21:03.990Z,30.583,80.432,33,4.8,mb,21,73.9,,0.84,us,usp000c6p9,2014-11-07T01:19:43.800Z,"78 km WNW of Burang, China",earthquake,,,,11,reviewed,us,us
2003-09-29T13:40:30.450Z,27.358,87.738,33,4.6,mb,35,97.1,,0.68,us,usp000c927,2014-11-07T01:19:59.493Z,"51 km W of Gyalshing, India",earthquake,,,,15,reviewed,us,us
2003-10-06T10:01:09.290Z,29.782,95.283,33,4.5,mb,20,107,,1.16,us,usp000c9rs,2014-11-07T01:20:08.935Z,"164 km NNE of Shi Yomi, India",earthquake,,,,2,reviewed,us,us
2003-10-29T10:02:51.500Z,26.037,95.93,70.9,4.7,mb,20,114,,0.87,us,usp000cbhx,2014-11-07T01:20:17.084Z,"89 km WSW of Sarupathar, India",earthquake,,13.9,,1,reviewed,us,us
2003-11-14T08:17:55.610Z,30.495,86.08,33,4,mb,22,111.1,,1.18,us,usp000ccun,2014-11-07T01:20:28.608Z,"153 km NNE of Saga, China",earthquake,,,,2,reviewed,us,us
2003-11-15T14:43:59.540Z,30.24,83.103,33,4.2,mb,13,82.8,,0.7,us,usp000ccx7,2014-11-07T01:20:29.185Z,"139 km NE of Jumla, Nepal",earthquake,,,,1,reviewed,us,us
2003-11-22T05:07:05.740Z,28.277,83.767,30.9,4.3,mb,28,95.6,,1.21,us,usp000cdn1,2014-11-07T01:20:32.516Z,"17 km E of B?glung, Nepal",earthquake,,4.7,,3,reviewed,us,us
2003-11-22T23:31:56.360Z,28.202,83.767,33,4.3,mb,15,101.6,,0.83,us,usp000cdpz,2014-11-07T01:20:32.671Z,"19 km ESE of B?glung, Nepal",earthquake,,,,4,reviewed,us,us
2003-11-23T19:15:05.590Z,28.297,83.773,32.3,4,mb,21,121.5,,1.24,us,usp000cds3,2014-11-07T01:20:32.952Z,"16 km SSE of Chitre, Nepal",earthquake,,5.5,,1,reviewed,us,us
2003-12-10T17:17:37.330Z,30.469,83.278,33,4.5,mb,30,63,,0.89,us,usp000cez1,2014-11-07T01:20:44.045Z,"169 km NE of Jumla, Nepal",earthquake,,,,7,reviewed,us,us
2003-12-15T22:54:20.320Z,31.622,78.203,33,4.5,mb,20,125.8,,1.35,us,usp000cfbq,2014-11-07T01:20:46.062Z,"40 km ENE of Sar?han, India",earthquake,,,,2,reviewed,us,us
2003-12-15T23:56:07.980Z,31.527,78.151,33,4.4,mb,15,146.9,,1.08,us,usp000cfbu,2014-11-07T01:20:46.082Z,"33 km E of Sar?han, India",earthquake,,,,1,reviewed,us,us
2003-12-23T15:43:06.500Z,31.397,89.478,33,4,mb,13,171.9,,0.93,us,usp000cfw4,2014-11-07T01:20:48.297Z,"198 km NW of Dêqên, China",earthquake,,,,2,reviewed,us,us
2004-01-03T13:14:28.680Z,27.739,85.931,17.1,4.9,mb,83,80.7,,0.68,us,usp000cgyy,2014-11-07T01:20:57.875Z,"24 km S of Kod?ri??, Nepal",earthquake,,14.8,,33,reviewed,us,us
2004-01-06T03:13:28.930Z,30.539,86.042,46.2,4.6,mb,54,75.3,,0.66,us,usp000ch8b,2014-11-07T01:20:59.568Z,"156 km NNE of Saga, China",earthquake,,8.2,,23,reviewed,us,us
2004-02-02T12:42:03.600Z,26.504,96.564,108.7,4.4,mb,26,90.4,,0.66,us,usp000ck8b,2014-11-07T01:21:16.036Z,"41 km NW of Sarupathar, India",earthquake,,,,7,reviewed,us,us
2004-02-18T01:23:43.820Z,27.361,87.758,20.7,4.7,mb,40,88.3,,0.55,us,usp000cmew,2014-11-07T01:21:22.123Z,"50 km W of Gyalshing, India",earthquake,,14.4,,12,reviewed,us,us
2004-02-27T12:53:14.600Z,28.127,87.66,68.1,4.8,mb,76,85.7,,0.73,us,usp000cnh0,2014-11-07T01:21:31.351Z,"85 km ENE of Lobujya, Nepal",earthquake,,8.7,,25,reviewed,us,us
2004-03-01T17:41:18.600Z,30.368,80.496,58.6,4.8,mb,52,71.5,,0.8,us,usp000cnuh,2014-11-07T01:21:35.724Z,"57 km N of Dh?rchula, India",earthquake,,14.8,,27,reviewed,us,us
2004-03-01T17:59:04.890Z,30.744,80.963,93.9,4,mb,13,174.7,,1.33,us,usp000cnun,2014-11-07T01:21:35.770Z,"53 km NNW of Burang, China",earthquake,,36.7,,1,reviewed,us,us
2004-03-07T13:29:45.620Z,31.639,91.236,11,5.6,mwc,197,49.9,,0.77,us,usp000cpbk,2022-05-02T17:04:55.632Z,"80 km WNW of Nagqu, China",earthquake,,,,,reviewed,us,hrv
2004-03-11T14:39:39.940Z,30.467,82.631,27.9,4,mb,19,69.7,,0.78,us,usp000cpp0,2014-11-07T01:21:40.998Z,"139 km NNE of Jumla, Nepal",earthquake,,20.5,,5,reviewed,us,us
2004-04-03T02:51:10.610Z,29.846,81.118,76.5,4.6,mb,22,178.1,,0.96,us,usp000crhv,2014-11-07T01:21:53.112Z,"50 km S of Burang, China",earthquake,,29.5,,5,reviewed,us,us
2004-04-07T09:02:28.230Z,28.858,78.418,10,4.2,mb,13,182.8,,0.67,us,usp000crww,2014-11-07T01:21:55.584Z,"7 km SW of Amroha, India",earthquake,,0,,1,reviewed,us,us
2004-04-10T23:59:10.310Z,31.548,90.83,35.2,4.4,mb,9,139.8,,1.18,us,usp000cs6x,2014-11-07T01:21:57.576Z,"116 km W of Nagqu, China",earthquake,,19.6,,2,reviewed,us,us
2004-04-17T07:15:24.730Z,29.705,81.051,10,4.1,mb,11,182.2,,1.23,us,usp000csrg,2014-11-07T01:22:00.887Z,"50 km ESE of D?rchul?, Nepal",earthquake,,,,1,reviewed,us,us
2004-04-20T08:17:53.590Z,28.912,94.462,26.8,4.1,mb,17,113.1,,1.2,us,usp000csz9,2014-11-07T01:22:03.566Z,"43 km NNE of Shi Yomi, India",earthquake,,33.8,,3,reviewed,us,us
2004-05-21T15:29:04.240Z,30.623,85.116,15.9,4.2,mb,23,192.4,,0.86,us,usp000cvsw,2014-11-07T01:22:22.090Z,"western Xizang",earthquake,,29.1,,5,reviewed,us,us
2004-05-24T22:01:02.400Z,27.099,97.219,35,5,mwc,124,70.5,,1.03,us,usp000cw44,2016-11-10T00:35:51.855Z,"106 km NNE of Sarupathar, India",earthquake,,,,,reviewed,us,hrv
2004-05-25T13:07:40.240Z,27.186,97.229,41.7,4.1,mb,18,127.2,,1.04,us,usp000cw6f,2014-11-07T01:22:24.132Z,"116 km NNE of Sarupathar, India",earthquake,,11,,4,reviewed,us,us
2004-05-27T00:22:17.300Z,26.301,89.521,10,4.5,mb,25,102.6,,1.09,us,usp000cwb3,2014-11-07T01:22:24.917Z,"India-Bangladesh border region",earthquake,,,,9,reviewed,us,us
2004-05-29T12:22:15.630Z,28.512,82.702,25,4.1,mb,26,88.1,,0.94,us,usp000cwhc,2014-11-07T01:22:25.816Z,"41 km NE of Besisahar, Nepal",earthquake,,18.9,,2,reviewed,us,us
2004-06-05T08:47:30.760Z,29.86,89.698,8.7,4.3,mb,23,127.4,,1.1,us,usp000cx5k,2014-11-07T01:22:33.118Z,"99 km W of Dêqên, China",earthquake,,33.5,,4,reviewed,us,us
2004-06-15T04:53:58.890Z,26.242,96.163,35.9,4.5,mb,23,119.3,,0.53,us,usp000cxy1,2014-11-07T01:22:37.899Z,"64 km W of Sarupathar, India",earthquake,,10.2,,2,reviewed,us,us
2004-06-20T08:34:44.990Z,27.815,96.67,28.5,4.4,mb,44,75.1,,0.92,us,usp000cyag,2014-11-07T01:22:39.266Z,"31 km SSE of Hayuliang, India",earthquake,,,,12,reviewed,us,us
2004-06-24T10:03:28.600Z,29.868,87.905,20,4.3,mb,26,132,,1.21,us,usp000cynd,2014-11-07T01:22:41.001Z,"116 km NW of Rikaze, China",earthquake,,0,,7,reviewed,us,us
2004-06-26T02:59:28.540Z,30.038,88.052,56.8,4.2,mb,26,88.7,,0.91,us,usp000cytu,2014-11-07T01:22:41.598Z,"118 km NW of Rikaze, China",earthquake,,8.8,,2,reviewed,us,us
2004-06-28T08:18:33.330Z,26.54,96.457,89.4,4.7,mb,100,59.4,,0.91,us,usp000cz1u,2014-11-07T01:22:43.002Z,"51 km NW of Sarupathar, India",earthquake,,,,41,reviewed,us,us
2004-06-30T15:33:04.410Z,29.848,87.871,25.1,4.3,mb,36,78.9,,0.89,us,usp000cz8y,2014-11-07T01:22:44.482Z,"118 km NW of Rikaze, China",earthquake,,17.2,,9,reviewed,us,us
2004-07-01T19:14:39.700Z,29.878,87.915,35,4.2,mb,11,132.9,,0.64,us,usp000czcj,2014-11-07T01:22:48.582Z,"116 km NW of Rikaze, China",earthquake,,,,2,reviewed,us,us
2004-07-08T21:50:00.520Z,29.844,87.997,32.6,4.2,mb,33,59,,0.94,us,usp000czt4,2014-11-07T01:22:52.204Z,"108 km NW of Rikaze, China",earthquake,,18.5,,12,reviewed,us,us
2004-07-11T23:08:44.180Z,30.694,83.672,13,6.2,mwb,431,21.3,,1.04,us,usp000czza,2022-05-02T17:17:20.781Z,"213 km NE of Jumla, Nepal",earthquake,,,,,reviewed,us,us
2004-07-11T23:24:03.580Z,30.82,83.673,10,4.5,mb,25,58.6,,0.88,us,usp000czzb,2014-11-07T01:22:53.069Z,"223 km NW of Saga, China",earthquake,,,,2,reviewed,us,us
2004-07-11T23:57:53.360Z,30.714,83.639,10,4.9,mb,80,29.6,,0.81,us,usp000czze,2022-05-02T17:17:24.158Z,"212 km NE of Jumla, Nepal",earthquake,,,,27,reviewed,us,us
2004-07-12T14:38:20.840Z,30.746,83.773,10,4.6,mb,48,48.9,,1.17,us,usp000d00y,2014-11-07T01:22:53.325Z,"210 km NW of Saga, China",earthquake,,,,18,reviewed,us,us
2004-07-12T17:58:51.590Z,30.561,83.569,10,4,mb,9,208.3,,1.32,us,usp000d01g,2014-11-07T01:22:53.392Z,"195 km NE of Jumla, Nepal",earthquake,,,,2,reviewed,us,us
2004-07-13T19:31:33.840Z,26.208,92.784,71.5,4.2,mb,9,195.5,,0.54,us,usp000d03w,2014-11-07T01:22:53.625Z,"23 km NNW of Hoj?i, India",earthquake,,,,1,reviewed,us,us
2004-07-16T20:33:53.980Z,28.232,83.944,16.6,4,mb,22,92.2,,1,us,usp000d0a0,2014-11-07T01:22:54.943Z,"4 km SSW of Pokhara, Nepal",earthquake,,6.7,,2,reviewed,us,us
2004-07-20T03:35:51.080Z,27.938,85.793,13.1,4.1,mb,24,93.1,,1.07,us,usp000d0ha,2014-11-07T01:22:56.081Z,"16 km W of Kod?ri??, Nepal",earthquake,,6,,1,reviewed,us,us
2004-07-23T01:25:32.600Z,30.175,88.118,11.2,4.8,mb,86,43.9,,1.01,us,usp000d0qg,2014-11-07T01:22:57.120Z,"126 km NW of Rikaze, China",earthquake,,,,31,reviewed,us,us
2004-07-28T22:22:13.140Z,30.714,83.633,10,5,mwc,186,36.4,,1.22,us,usp000d119,2022-05-02T17:18:19.737Z,"212 km NE of Jumla, Nepal",earthquake,,,,,reviewed,us,hrv
2004-08-09T08:18:18.490Z,27.58,91.797,16.1,4.1,mb,19,90.6,,1.04,us,usp000d1th,2014-11-07T01:23:10.417Z,"12 km W of Tawang, India",earthquake,,,,2,reviewed,us,us
2004-08-10T20:03:16.160Z,30.288,83.316,10,4,mb,9,196.9,,1.41,us,usp000d1wz,2014-11-07T01:23:10.934Z,"156 km NE of Jumla, Nepal",earthquake,,,,2,reviewed,us,us
2004-08-21T09:07:11.110Z,29.944,88.086,26.2,4.2,mb,31,115.1,,1.07,us,usp000d2kd,2014-11-07T01:23:14.910Z,"109 km NW of Rikaze, China",earthquake,,25.7,,5,reviewed,us,us
2004-08-21T09:08:52.370Z,29.887,88.032,48.3,4,mb,20,101.5,,0.98,us,usp000d2ke,2014-11-07T01:23:14.913Z,"108 km NW of Rikaze, China",earthquake,,16.1,,1,reviewed,us,us
2004-08-25T02:22:51.380Z,30.366,83.359,33.2,4.5,mb,10,127.3,,0.85,us,usp000d2tx,2014-11-07T01:23:15.721Z,"165 km NE of Jumla, Nepal",earthquake,,31.7,,3,reviewed,us,us
2004-08-25T18:50:47.700Z,30.214,86.066,47.7,4.4,mb,8,193,,0.47,us,usp000d2vf,2014-11-07T01:23:15.893Z,"127 km NE of Saga, China",earthquake,,22.2,,2,reviewed,us,us
2004-09-06T08:46:35.950Z,31.281,81.292,28.8,4.1,mb,16,142.9,,1.06,us,usp000d3qg,2014-11-07T01:23:26.327Z,"109 km N of Burang, China",earthquake,,39.9,,4,reviewed,us,us
2004-09-09T05:55:46.100Z,29.466,80.281,5.5,4.4,mb,18,123.1,,1.12,us,usp000d3yr,2014-11-07T01:23:27.518Z,"14 km SSE of Pithor?garh, India",earthquake,,36.2,,6,reviewed,us,us
2004-09-09T11:20:46.920Z,31.196,81.222,67.6,4.2,mb,18,142.9,,1.01,us,usp000d3z3,2014-11-07T01:23:27.565Z,"99 km N of Burang, China",earthquake,,18.3,,6,reviewed,us,us
2004-09-12T08:48:04.910Z,29.502,81.575,11.9,4.5,mb,45,71.2,,1.03,us,usp000d44j,2014-11-07T01:23:28.235Z,"64 km WNW of Jumla, Nepal",earthquake,,24.5,,17,reviewed,us,us
2004-09-23T17:28:38.870Z,31.116,96.308,31.6,4.7,mb,71,76.8,,1,us,usp000d4xr,2014-11-07T01:23:32.986Z,"83 km W of Qamdo, China",earthquake,,12.4,,37,reviewed,us,us
2004-09-24T04:19:32.450Z,27.463,96.34,70.8,4.4,mb,20,108.7,,1.41,us,usp000d4yp,2014-11-07T01:23:33.127Z,"53 km SSE of Tezu, India",earthquake,,14.1,,2,reviewed,us,us
2004-09-27T02:23:02.960Z,26.134,92.149,37.4,4.2,mb,9,153.3,,0.68,us,usp000d54n,2014-11-07T01:23:33.833Z,"23 km WSW of Morigaon, India",earthquake,,,,4,reviewed,us,us
2004-09-27T17:05:37.970Z,29.773,95.515,13.9,5,mwc,219,37.6,,0.71,us,usp000d55p,2016-11-10T00:47:03.476Z,"176 km NE of Shi Yomi, India",earthquake,,9.4,,,reviewed,us,hrv
2004-10-05T07:32:31.050Z,31.68,84.92,10,4.2,mb,9,110.7,,0.86,us,usp000d5tg,2014-11-07T01:23:42.087Z,"262 km N of Saga, China",earthquake,,,,3,reviewed,us,us
2004-10-12T07:18:24.650Z,29.527,97.268,49.7,4.5,mb,15,81.4,,0.99,us,usp000d686,2014-11-07T01:23:44.636Z,"176 km NNE of Hayuliang, India",earthquake,,15.6,,4,reviewed,us,us
2004-10-20T06:11:01.470Z,26.513,96.991,69.4,4,mb,7,134.2,,0.22,us,usp000d6qc,2014-11-07T01:23:47.210Z,"38 km NNE of Sarupathar, India",earthquake,,23.8,,3,reviewed,us,us
2004-10-25T00:58:19.230Z,31.409,96.58,95.3,4,mb,20,155.5,,1.03,us,usp000d70w,2014-11-07T01:23:48.878Z,"64 km WNW of Qamdo, China",earthquake,,17.6,,5,reviewed,us,us
2004-10-26T02:11:33.440Z,31.024,81.154,10.1,5.6,mwc,518,33.5,,0.85,us,usp000d738,2022-05-02T17:31:26.278Z,"80 km N of Burang, China",earthquake,,,,,reviewed,us,hrv
2004-10-26T02:30:41.800Z,31.034,81.228,10,4.8,mb,11,143,,1.07,us,usp000d73a,2014-11-07T01:23:49.257Z,"82 km N of Burang, China",earthquake,,,,2,reviewed,us,us
2004-10-26T11:13:02.660Z,31.754,92.893,10,4.8,mb,50,69.5,,0.94,us,usp000d743,2014-11-07T01:23:49.319Z,"85 km ENE of Nagqu, China",earthquake,,,,25,reviewed,us,us
2004-10-27T00:28:48.690Z,30.897,81.22,10,4.4,mb,25,108.4,,1.28,us,usp000d75a,2014-11-07T01:23:49.550Z,"66 km N of Burang, China",earthquake,,,,4,reviewed,us,us
2004-10-27T17:04:30.790Z,31.093,96.847,10,4.5,mb,7,155,,1.21,us,usp000d770,2014-11-07T01:23:49.776Z,"32 km W of Qamdo, China",earthquake,,,,1,reviewed,us,us
2004-10-30T11:12:53.660Z,30.576,83.504,10,4.2,mb,10,167.6,,1.4,us,usp000d7bh,2014-11-07T01:23:50.443Z,"192 km NE of Jumla, Nepal",earthquake,,,,1,reviewed,us,us
2004-11-02T08:23:24.050Z,26.442,92.584,48.3,4.2,mb,17,121.2,,0.79,us,usp000d7gt,2014-11-07T01:23:54.131Z,"11 km ESE of Dhing, India",earthquake,,16.9,,6,reviewed,us,us
2004-11-10T04:21:11.120Z,27.929,87.778,45,4.2,mb,28,162.6,,0.83,us,usp000d82d,2014-11-07T01:23:58.171Z,"83 km NE of Kh??db?ri??, Nepal",earthquake,,12.9,,9,reviewed,us,us
2004-11-12T01:59:10.850Z,27.274,92.076,45,4,mb,7,157.4,,0.45,us,usp000d872,2014-11-07T01:23:59.387Z,"34 km W of Bomdila, India",earthquake,,,,2,reviewed,us,us
2004-11-24T22:35:42.820Z,27.329,90.944,10,4,mb,19,93.3,,0.94,us,usp000d94h,2014-11-07T01:24:04.794Z,"29 km WNW of Mongar, Bhutan",earthquake,,,,5,reviewed,us,us
2004-12-02T23:45:55.200Z,30.607,83.373,40.7,4.2,mb,19,97.1,,1.28,us,usp000d9vb,2014-11-07T01:24:12.483Z,"187 km NE of Jumla, Nepal",earthquake,,15,,4,reviewed,us,us
2004-12-05T13:04:38.080Z,30.481,81.24,10,4.2,mb,26,105.5,,1.03,us,usp000da3n,2014-11-07T01:24:14.049Z,"21 km NNE of Burang, China",earthquake,,0,,6,reviewed,us,us
2005-01-15T22:32:48.190Z,29.439,80.965,10,4.6,mb,36,42.8,,0.83,us,usp000dddn,2014-11-07T01:24:39.661Z,"19 km N of Dipayal, Nepal",earthquake,,,,19,reviewed,us,us
2005-01-16T08:43:46.800Z,29.646,80.696,10,4.8,mb,105,58,,0.82,us,usp000ddf1,2014-11-07T01:24:39.790Z,"24 km SE of D?rchul?, Nepal",earthquake,,,,46,reviewed,us,us
2005-02-03T20:13:29.840Z,26.125,95.563,75.5,4.9,mwc,236,59.7,,0.75,us,usp000dffd,2016-11-10T01:00:54.327Z,"75 km ESE of Tuensang, India",earthquake,,,,,reviewed,us,hrv
2005-02-07T23:55:49.740Z,31.288,95.601,10,4.3,mb,9,109.9,,0.8,us,usp000dfpc,2014-11-07T01:24:57.143Z,"151 km W of Qamdo, China",earthquake,,,,3,reviewed,us,us
2005-02-08T01:51:35.940Z,27.82,86.033,14.4,4.2,mb,15,101.2,,1.89,us,usp000dfph,2014-11-07T01:24:57.154Z,"17 km SSE of Kod?ri??, Nepal",earthquake,,14.8,,8,reviewed,us,us
2005-02-08T03:35:04.840Z,27.738,86.092,10,4.9,mb,99,81.2,,0.86,us,usp000dfpt,2022-05-02T17:48:03.700Z,"28 km SSE of Kod?ri??, Nepal",earthquake,,,,63,reviewed,us,us
2005-02-08T04:13:56.390Z,27.76,86.072,14.6,4.1,mb,16,118.8,,1.2,us,usp000dfpv,2014-11-07T01:24:57.255Z,"24 km SSE of Kod?ri??, Nepal",earthquake,,6.1,,6,reviewed,us,us
2005-03-06T03:22:43.610Z,30.616,83.761,49.5,4.6,mb,54,50.6,,0.92,us,usp000dhmp,2014-11-07T01:25:11.505Z,"201 km NW of Saga, China",earthquake,,7,,20,reviewed,us,us
2005-03-11T05:08:39.160Z,27.336,90.486,52.6,4.4,mb,41,137.3,,0.64,us,usp000dhyy,2014-11-07T01:25:13.243Z,"18 km S of Trongsa, Bhutan",earthquake,,4.7,,13,reviewed,us,us
2005-03-19T10:54:40.990Z,28.126,84.282,10,4.4,mb,37,57,,0.98,us,usp000djj5,2014-11-07T01:25:16.442Z,"34 km ESE of Pokhara, Nepal",earthquake,,,,15,reviewed,us,us
2005-03-23T05:59:07.920Z,26.08,95.285,68.9,4.9,mwc,177,49.7,,0.65,us,usp000djvc,2016-11-10T01:03:12.232Z,"50 km ESE of Tuensang, India",earthquake,,,,,reviewed,us,hrv
2005-03-26T20:32:13.420Z,28.259,87.926,70.7,4.7,mwc,159,94.9,,0.73,us,usp000dk47,2016-11-10T01:03:24.491Z,"101 km NW of Mangan, India",earthquake,,9.4,,,reviewed,us,hrv
2005-04-07T01:40:45.850Z,29.299,81.451,22.7,4.1,mb,14,197.5,,0.93,us,usp000dmf9,2014-11-07T01:25:30.158Z,"49 km E of Dipayal, Nepal",earthquake,,,,3,reviewed,us,us
2005-04-07T20:04:41.060Z,30.491,83.662,11,6.3,mwc,468,18,,0.9,us,usp000dmht,2022-05-02T17:53:30.950Z,"196 km NE of Jumla, Nepal",earthquake,,,,,reviewed,us,hrv
2005-04-07T21:08:36.170Z,30.198,83.399,10,4.2,mb,20,116.9,,0.98,us,usp000dmhx,2014-11-07T01:25:30.885Z,"155 km NE of Jumla, Nepal",earthquake,,,,7,reviewed,us,us
2005-04-07T21:41:36.570Z,30.588,83.681,10,5.4,mwc,161,36,,0.99,us,usp000dmhy,2022-05-02T17:53:36.629Z,"204 km NW of Saga, China",earthquake,,,,,reviewed,us,hrv
2005-04-07T21:42:09.020Z,30.323,83.756,10,5.1,mb,49,63.5,,1.21,us,usp000dmhz,2022-05-02T17:53:42.207Z,"180 km NW of Saga, China",earthquake,,,,34,reviewed,us,us
2005-04-07T23:34:16.220Z,30.276,83.633,10,4.2,mb,14,90.7,,1.34,us,usp000dmj8,2014-11-07T01:25:30.966Z,"178 km NE of Jumla, Nepal",earthquake,,,,6,reviewed,us,us
2005-04-08T04:16:37.310Z,30.226,83.597,10,4.3,mb,23,84.7,,1.1,us,usp000dmk4,2014-11-07T01:25:31.075Z,"172 km NE of Jumla, Nepal",earthquake,,,,4,reviewed,us,us
2005-04-08T07:02:39.800Z,30.285,83.501,10,4.4,mb,22,68.4,,1.21,us,usp000dmkj,2014-11-07T01:25:31.149Z,"169 km NE of Jumla, Nepal",earthquake,,,,6,reviewed,us,us
2005-04-08T08:43:15.760Z,29.865,82.709,10,4.1,mb,12,145.1,,1.18,us,usp000dmkv,2014-11-07T01:25:31.172Z,"82 km NE of Jumla, Nepal",earthquake,,0,,3,reviewed,us,us
2005-04-08T13:04:10.490Z,30.249,83.311,10,4,mb,13,105.8,,0.9,us,usp000dmmj,2014-11-07T01:25:31.334Z,"153 km NE of Jumla, Nepal",earthquake,,,,1,reviewed,us,us
2005-04-08T19:51:35.550Z,30.527,83.67,10,5,mwc,123,27.3,,1.25,us,usp000dmnc,2022-05-02T17:54:03.697Z,"199 km NE of Jumla, Nepal",earthquake,,,,,reviewed,us,hrv
2005-04-08T22:02:40.200Z,30.406,83.439,10,4,mb,14,127.1,,0.84,us,usp000dmnp,2014-11-07T01:25:31.444Z,"174 km NE of Jumla, Nepal",earthquake,,,,3,reviewed,us,us
2005-04-09T09:20:26.150Z,30.494,83.599,10,4.4,mb,36,63.2,,0.98,us,usp000dmq7,2014-11-07T01:25:31.587Z,"192 km NE of Jumla, Nepal",earthquake,,,,10,reviewed,us,us
2005-04-09T23:39:15.310Z,30.434,83.381,10,4,mb,9,127.3,,1.4,us,usp000dms6,2014-11-07T01:25:31.824Z,"172 km NE of Jumla, Nepal",earthquake,,,,4,reviewed,us,us
2005-04-10T05:59:43.520Z,30.356,83.699,55.8,4.6,mb,39,62.8,,0.76,us,usp000dmt5,2014-11-07T01:25:31.909Z,"186 km NW of Saga, China",earthquake,,7.4,,11,reviewed,us,us
2005-05-08T16:42:24.060Z,30.097,90.261,97.7,4.6,mb,108,35.1,,0.61,us,usp000dq7d,2014-11-07T01:25:50.275Z,"46 km WNW of Dêqên, China",earthquake,,,,43,reviewed,us,us
2005-05-11T04:13:06.890Z,30.6,85.172,37.5,4.6,mb,43,96.8,,1.16,us,usp000dqf1,2014-11-07T01:25:51.399Z,"141 km N of Saga, China",earthquake,,13.6,,18,reviewed,us,us
2005-05-15T19:21:49.060Z,31.613,92.676,28.8,4.6,mb,92,61,,0.72,us,usp000dqwq,2014-11-07T01:25:54.805Z,"60 km ENE of Nagqu, China",earthquake,,11.5,,39,reviewed,us,us
2005-05-22T14:17:37.870Z,30.319,83.822,63.2,4.3,mb,36,110.2,,0.96,us,usp000drc7,2014-11-07T01:25:57.281Z,"174 km NW of Saga, China",earthquake,,9.2,,11,reviewed,us,us
2005-05-29T10:46:16.440Z,26.934,92.423,56,4.3,mb,9,170.2,,0.61,us,usp000drtf,2014-11-07T01:25:59.111Z,"26 km NNW of Dhekiajuli, India",earthquake,,12.1,,1,reviewed,us,us
2005-05-29T17:49:29.590Z,30.246,83.475,20.6,4.3,mb,15,96.6,,1.25,us,usp000drud,2014-11-07T01:25:59.199Z,"164 km NE of Jumla, Nepal",earthquake,,29.7,,2,reviewed,us,us
2005-05-30T10:57:29.930Z,31.568,88.18,10,4,mb,11,140.2,,1.25,us,usp000drwd,2014-11-07T01:25:59.461Z,"265 km NNW of Rikaze, China",earthquake,,,,2,reviewed,us,us
2005-06-01T20:06:41.450Z,28.881,94.626,25.8,5.8,mwc,362,35.9,,0.72,us,usp000ds10,2022-05-02T16:45:28.551Z,"46 km NNE of Shi Yomi, India",earthquake,,,,,reviewed,us,hrv
2005-06-03T14:57:27.040Z,31.696,92.635,10,4.3,mb,18,107.2,,0.83,us,usp000ds50,2014-11-07T01:26:05.499Z,"Eastern Xizang",earthquake,,,,1,reviewed,us,us
2005-06-05T16:49:43.100Z,30.427,83.488,6.2,4.1,mb,15,87.4,,0.48,us,usp000ds9z,2014-11-07T01:26:07.762Z,"179 km NE of Jumla, Nepal",earthquake,,22.2,,3,reviewed,us,us
2005-06-12T03:42:33.350Z,26.454,96.249,91.3,4.1,mb,21,105.2,,1.13,us,usp000dss2,2014-11-07T01:26:10.954Z,"62 km WNW of Sarupathar, India",earthquake,,9.9,,2,reviewed,us,us
2005-06-14T11:37:19.420Z,26.072,95.691,83.7,4.9,mb,49,54.9,,1.04,us,usp000dsye,2014-11-07T01:26:12.316Z,"89 km ESE of Tuensang, India",earthquake,,7.4,,15,reviewed,us,us
2005-06-14T14:23:18.470Z,27.205,87.92,44.4,4.6,mb,48,70.4,,0.89,us,usp000dsz4,2014-11-07T01:26:12.404Z,"32 km WNW of Naya B?z?r, India",earthquake,,5.6,,10,reviewed,us,us
2005-06-17T02:08:18.130Z,30.598,83.529,10,4,mb,14,83.5,,1.38,us,usp000dt7y,2014-11-07T01:26:14.406Z,"195 km NE of Jumla, Nepal",earthquake,,,,2,reviewed,us,us
2005-06-24T01:46:20.200Z,26.478,93.139,54.2,4.3,mb,55,89.9,,0.78,us,usp000dtsv,2014-11-07T01:26:17.054Z,"37 km ESE of Tezpur, India",earthquake,,5.2,,22,reviewed,us,us
2005-07-02T10:01:12.820Z,28.794,96.089,46.1,4.6,mb,23,100,,0.95,us,usp000duc5,2014-11-07T01:26:22.956Z,"91 km NNW of Hayuliang, India",earthquake,,8.3,,3,reviewed,us,us
2005-07-07T17:41:10.890Z,26.938,97.254,36,4.4,mb,29,70.5,,1.13,us,usp000duqm,2014-11-07T01:26:26.987Z,"92 km NNE of Sarupathar, India",earthquake,,10.5,,10,reviewed,us,us
2005-07-17T06:12:40.710Z,26.413,93.388,26.1,4.8,mb,157,41.3,,0.81,us,usp000dvcc,2014-11-07T01:26:30.436Z,"32 km SW of Bok?kh?t, India",earthquake,,,,78,reviewed,us,us
2005-08-16T03:45:54.190Z,30.924,78.56,42.6,4.4,mb,49,157.4,,0.81,us,usp000dxe6,2021-10-20T18:09:38.786Z,"24 km NNE of Uttark?shi, India",earthquake,,7.7,,12,reviewed,us,us
2005-08-20T12:50:51.710Z,31.223,88.168,54,4.9,mwc,137,61.1,,0.67,us,usp000dxqn,2016-11-10T01:10:29.241Z,"229 km NNW of Rikaze, China",earthquake,,5.2,,,reviewed,us,hrv
2005-08-20T14:07:09.120Z,31.144,88.206,10,4.4,mb,27,160.5,,0.99,us,usp000dxqu,2014-11-07T01:26:50.970Z,"219 km NNW of Rikaze, China",earthquake,,0,,8,reviewed,us,us
2005-08-28T13:14:08.270Z,27.636,87.419,38.8,4.8,mb,101,52.5,,0.86,us,usp000dy7b,2014-11-07T01:26:53.925Z,"35 km NE of Kh??db?ri??, Nepal",earthquake,,5.1,,37,reviewed,us,us
2005-09-05T01:45:43.000Z,30.406,79.151,10,4.6,mb,37,116.1,,0.76,us,usp000dysq,2014-11-07T01:27:00.528Z,"20 km NE of Rudrapray?g, India",earthquake,,,,16,reviewed,us,us
2005-10-10T19:51:54.520Z,30.242,83.389,35,4.4,mb,14,84.7,,0.8,us,usp000e1j7,2014-11-07T01:27:22.209Z,"158 km NE of Jumla, Nepal",earthquake,,,,2,reviewed,us,us
2005-10-25T01:51:26.540Z,30.146,81.208,49.9,4.9,mb,80,90,,0.7,us,usp000e2sv,2014-11-07T01:27:28.601Z,"16 km S of Burang, China",earthquake,,6.4,,33,reviewed,us,us
2005-10-29T23:32:10.440Z,29.525,81.577,48.5,4.6,mb,37,94.2,,0.85,us,usp000e346,2014-11-07T01:27:30.377Z,"65 km WNW of Jumla, Nepal",earthquake,,9.5,,8,reviewed,us,us
2005-10-31T05:51:16.370Z,29.731,81.857,47.1,4.7,mwc,95,59.1,,0.74,us,usp000e36n,2016-11-10T01:13:56.384Z,"59 km NNW of Jumla, Nepal",earthquake,,5.5,,,reviewed,us,hrv
2005-10-31T21:47:56.070Z,28.39,84.863,10,4.7,mwc,128,36,,0.79,us,usp000e38d,2016-11-10T01:13:58.553Z,"88 km NNW of Kathmandu, Nepal",earthquake,,0,,,reviewed,us,hrv
2005-11-06T01:36:56.670Z,29.731,81.868,49.5,5,mb,98,47.8,,0.61,us,usp000e3kt,2014-11-07T01:27:36.510Z,"59 km NNW of Jumla, Nepal",earthquake,,,,46,reviewed,us,us
2005-11-18T18:56:55.530Z,26.466,96.379,90.7,4.8,mb,141,34.6,,0.91,us,usp000e4f1,2014-11-07T01:27:40.601Z,"51 km WNW of Sarupathar, India",earthquake,,,,65,reviewed,us,us
2005-12-10T05:39:33.640Z,29.172,82.344,10,4.6,ml,18,116.6,,1.3,us,usp000e5wn,2014-11-07T01:27:52.395Z,"19 km SE of Jumla, Nepal",earthquake,,0,,,reviewed,us,dmn
2005-12-12T17:34:14.660Z,29.278,82.021,35,4.7,mb,36,78.5,,0.99,us,usp000e61h,2014-11-07T01:27:53.117Z,"15 km W of Jumla, Nepal",earthquake,,,,7,reviewed,us,us
2005-12-14T07:09:54.190Z,30.476,79.255,44,5.1,mwc,194,86.8,,0.68,us,usp000e647,2022-05-02T18:10:00.475Z,"17 km WNW of P?palkoti, India",earthquake,,8.2,,,reviewed,us,hrv
2005-12-25T18:08:07.630Z,28.576,86.087,54.9,4,mb,12,183.6,,0.9,us,usp000e6vq,2014-11-07T01:27:56.641Z,"69 km N of Kod?ri??, Nepal",earthquake,,23.6,,2,reviewed,us,us
2006-01-20T06:12:25.120Z,31.44,85.01,37.3,4.6,mb,54,61,,0.83,us,usp000e8h2,2014-11-07T01:28:07.310Z,"235 km N of Saga, China",earthquake,,8.9,,26,reviewed,us,us
2006-01-30T01:57:34.500Z,30.168,80.225,40.8,4.1,mb,26,69.8,,1.03,us,usp000e946,2014-11-07T01:28:10.620Z,"45 km NW of Dh?rchula, India",earthquake,,11.2,,3,reviewed,us,us
2006-02-01T22:24:15.920Z,30.288,80.483,50.6,4.7,mwc,150,61.4,,0.96,us,usp000e99p,2016-11-10T01:17:12.538Z,"49 km N of Dh?rchula, India",earthquake,,7.6,,,reviewed,us,hrv
2006-02-03T01:57:47.220Z,27.245,86.383,14.3,4.7,mwc,190,61.2,,0.65,us,usp000e9c4,2016-11-10T01:17:15.148Z,"58 km N of Lah?n, Nepal",earthquake,,3.1,,,reviewed,us,hrv
2006-02-06T20:53:15.720Z,31.307,90.406,44.9,4.5,mb,51,74.2,,0.8,us,usp000e9nm,2014-11-07T01:28:17.048Z,"152 km NNW of Dêqên, China",earthquake,,7.9,,19,reviewed,us,us
2006-02-11T05:04:21.270Z,27.233,92.145,49.3,4.7,mb,50,46.8,,0.83,us,usp000e9x4,2014-11-07T01:28:17.938Z,"27 km W of Bomdila, India",earthquake,,6.6,,20,reviewed,us,us
2006-02-14T00:55:25.060Z,27.382,88.388,30,5.3,mwc,260,45.6,,0.81,us,usp000ea1q,2022-07-14T12:29:57.071Z,"16 km NE of Gyalshing, India",earthquake,,,,,reviewed,us,hrv
2006-02-14T15:40:52.290Z,31.668,94.965,55.2,4.5,mb,40,89.1,,1.2,us,usp000ea2b,2014-11-07T01:28:18.498Z,"218 km WNW of Qamdo, China",earthquake,,9.9,,5,reviewed,us,us
2006-02-14T19:17:33.260Z,30.265,80.528,62.5,4.5,mb,48,95.5,,1.06,us,usp000ea2m,2014-11-07T01:28:18.517Z,"46 km N of Dh?rchula, India",earthquake,,10.1,,17,reviewed,us,us
2006-02-16T04:49:35.030Z,31.654,95.114,10,4.1,mb,15,113.6,,1.36,us,usp000ea4x,2014-11-07T01:28:18.777Z,"204 km WNW of Qamdo, China",earthquake,,0,,2,reviewed,us,us
2006-02-21T10:59:11.990Z,29.252,81.301,26.3,4.4,mb,40,62.3,,0.98,us,usp000eah4,2014-11-07T01:28:20.724Z,"35 km E of Dipayal, Nepal",earthquake,,16.6,,8,reviewed,us,us
2006-02-21T15:10:18.110Z,31.715,95.053,5.4,4.9,mwc,74,77.7,,0.81,us,usp000eahm,2016-11-10T01:17:53.828Z,"212 km WNW of Qamdo, China",earthquake,,12.7,,,reviewed,us,hrv
2006-02-23T20:04:53.550Z,26.912,91.705,10,5.8,mwb,263,30.2,,0.93,us,usp000eaq0,2022-05-02T18:13:03.968Z,"23 km ENE of Samdrup Jongkhar, Bhutan",earthquake,,,,,reviewed,us,us
2006-02-23T20:07:26.170Z,26.863,91.632,10,5.2,mb,134,80.2,,0.89,us,usp000eaq1,2022-05-02T18:13:07.423Z,"14 km ENE of Samdrup Jongkhar, Bhutan",earthquake,,,,66,reviewed,us,us
2006-02-23T20:36:59.800Z,26.78,91.494,10,4.2,mb,12,163.7,,1.08,us,usp000eaq6,2014-11-07T01:28:21.402Z,"2 km SSW of Samdrup Jongkhar, Bhutan",earthquake,,,,2,reviewed,us,us
2006-02-23T20:44:33.340Z,26.911,91.681,10,4.2,mb,21,97.7,,0.86,us,usp000eaq7,2014-11-07T01:28:21.404Z,"21 km NE of Samdrup Jongkhar, Bhutan",earthquake,,,,3,reviewed,us,us
2006-02-27T12:49:55.600Z,27.438,96.791,68.6,4.1,mb,18,137.4,,1.26,us,usp000eazp,2014-11-07T01:28:22.666Z,"74 km SSE of Hayuliang, India",earthquake,,,,3,reviewed,us,us
2006-03-03T07:22:56.210Z,29.099,95.275,10,4.1,mb,7,139.9,,0.36,us,usp000eb93,2014-11-07T01:28:27.512Z,"108 km NE of Shi Yomi, India",earthquake,,,,2,reviewed,us,us
2006-03-05T15:11:04.920Z,31.694,95.079,10,4.8,mb,59,103.6,,0.93,us,usp000ebfx,2014-11-07T01:28:28.772Z,"209 km WNW of Qamdo, China",earthquake,,0,,19,reviewed,us,us
2006-03-09T07:55:42.550Z,31.789,95.1,51.8,4.2,mb,17,109.8,,0.99,us,usp000ebqk,2014-11-07T01:28:29.691Z,"210 km WNW of Qamdo, China",earthquake,,13.4,,5,reviewed,us,us
2006-03-09T12:43:12.020Z,31.854,95.032,61.8,4.6,mb,58,88.8,,1.39,us,usp000ebr0,2014-11-07T01:28:29.841Z,"219 km WNW of Qamdo, China",earthquake,,13.7,,32,reviewed,us,us
2006-03-25T05:51:51.410Z,26.788,92.242,10,4.8,mb,110,99.1,,0.63,us,usp000ecw1,2014-11-07T01:28:35.011Z,"14 km ENE of Udalguri, India",earthquake,,,,59,reviewed,us,us
2006-04-04T07:51:22.410Z,31.822,95.02,23.8,4.1,mb,21,113.2,,1.01,us,usp000ednp,2014-11-07T01:28:43.058Z,"219 km WNW of Qamdo, China",earthquake,,27.3,,3,reviewed,us,us
2006-04-04T08:23:05.760Z,28.051,85.789,2.7,4.1,mb,25,51.8,,1.37,us,usp000ednq,2014-11-07T01:28:43.060Z,"19 km WNW of Kod?ri??, Nepal",earthquake,,10.6,,7,reviewed,us,us
2006-04-06T14:56:37.210Z,26.209,96.668,29.5,4.4,mb,16,132.4,,1.07,us,usp000edug,2014-11-07T01:28:43.916Z,"14 km W of Sarupathar, India",earthquake,,36.5,,3,reviewed,us,us
2006-04-11T03:54:06.590Z,27.271,92.237,48.7,4.1,mb,32,136.8,,0.89,us,usp000ee5p,2014-11-07T01:28:46.102Z,"18 km W of Bomdila, India",earthquake,,8.1,,5,reviewed,us,us
2006-04-19T21:05:42.990Z,31.607,90.413,33.1,5.7,mwc,193,45.1,,1.01,us,usp000eeyf,2022-05-02T15:29:39.978Z,"156 km W of Nagqu, China",earthquake,,17.8,,,reviewed,us,hrv
2006-04-21T09:46:14.930Z,30.347,94.97,38.7,4.9,mb,97,51.1,,0.68,us,usp000ef5d,2022-05-02T18:16:32.215Z,"209 km NNE of Shi Yomi, India",earthquake,,7.2,,48,reviewed,us,us
2006-04-27T00:49:24.250Z,31.674,90.541,41.1,4.4,mb,52,83.4,,0.74,us,usp000efk8,2014-11-07T01:28:55.351Z,"145 km W of Nagqu, China",earthquake,,8.8,,25,reviewed,us,us
2006-05-05T08:00:28.780Z,29.504,80.998,17.6,5,mb,111,100.5,,0.74,us,usp000egaz,2022-05-02T18:18:48.079Z,"27 km NNE of Dipayal, Nepal",earthquake,,,,68,reviewed,us,us
2006-05-09T23:17:40.960Z,26.029,95.756,106.3,4.6,mb,41,85.1,,0.95,us,usp000egq1,2014-11-07T01:29:04.934Z,"96 km ESE of Tuensang, India",earthquake,,,,13,reviewed,us,us
2006-05-26T04:52:09.510Z,26.209,96.858,27.2,4.6,mb,67,64.7,,1.07,us,usp000ehzt,2014-11-07T01:29:11.296Z,"4 km E of Sarupathar, India",earthquake,,14.5,,35,reviewed,us,us
2006-05-29T16:09:08.730Z,30.186,84.212,10,4,mb,7,204.3,,1.24,us,usp000ej8b,2014-11-07T01:29:12.776Z,"136 km NW of Saga, China",earthquake,,,,3,reviewed,us,us
2006-07-17T13:47:48.360Z,26.744,89.432,10,4.1,mb,18,127.9,,0.99,us,usp000enu7,2014-11-07T01:29:41.581Z,"7 km E of H?sim?ra, India",earthquake,,,,1,reviewed,us,us
2006-07-20T00:10:58.240Z,31.642,78.038,35,4,mb,21,104.2,,1.03,us,usp000ep50,2014-11-07T01:29:43.508Z,"27 km ENE of Sar?han, India",earthquake,,,,9,reviewed,us,us
2006-07-20T16:52:35.270Z,30.171,83.675,10,4.3,mb,30,86.8,,0.91,us,usp000ep6q,2014-11-07T01:29:43.702Z,"175 km NE of Jumla, Nepal",earthquake,,,,11,reviewed,us,us
2006-08-05T07:33:02.490Z,29.887,80.098,10,4.5,mb,61,57.1,,0.87,us,usp000eq9d,2014-11-07T01:29:54.485Z,"32 km E of B?geshwar, India",earthquake,,,,19,reviewed,us,us
2006-08-09T14:37:18.010Z,26.467,96.325,88,4.5,mb,98,74.5,,0.78,us,usp000eqkg,2014-11-07T01:29:56.280Z,"56 km WNW of Sarupathar, India",earthquake,,,,43,reviewed,us,us
2006-08-13T19:22:41.050Z,26.854,97.105,38.6,4.3,mb,17,140.5,,0.51,us,usp000eqvy,2014-11-07T01:29:57.718Z,"77 km NNE of Sarupathar, India",earthquake,,13.8,,2,reviewed,us,us
2006-08-22T12:32:11.290Z,29.418,95.358,10,4.2,mb,11,142.5,,0.3,us,usp000ergw,2014-11-07T01:30:00.640Z,"137 km NE of Shi Yomi, India",earthquake,,,,1,reviewed,us,us
2006-08-30T18:25:00.600Z,29.052,83.602,10,4.5,ml,23,74.9,,,us,usp000es41,2014-11-07T01:30:03.357Z,"69 km N of Chitre, Nepal",earthquake,,,,,reviewed,dmn,dmn
2006-09-19T06:56:44.570Z,29.49,81.569,27.7,4.7,mb,103,97.6,,0.74,us,usp000etd4,2014-11-07T01:30:15.079Z,"64 km WNW of Jumla, Nepal",earthquake,,18.9,,41,reviewed,us,us
2006-09-21T22:43:22.950Z,26.803,96.735,61.7,4.2,mb,13,160.7,,0.84,us,usp000etj0,2014-11-07T01:30:15.690Z,"66 km N of Sarupathar, India",earthquake,,18.5,,3,reviewed,us,us
2006-09-25T00:27:45.780Z,28.389,96.518,35,4,mb,18,145.5,,0.63,us,usp000etrt,2014-11-07T01:30:16.488Z,"35 km N of Hayuliang, India",earthquake,,,,6,reviewed,us,us
2006-09-26T04:04:20.120Z,29.76,80.521,6.6,4.7,mb,47,84.7,,0.8,us,usp000etue,2014-11-07T01:30:16.842Z,"8 km SSW of D?rchul?, Nepal",earthquake,,20.2,,12,reviewed,us,us
2006-10-22T04:08:13.420Z,30.601,83.584,10,4.3,mb,20,135,,0.95,us,usp000evrs,2014-11-07T01:30:36.869Z,"199 km NE of Jumla, Nepal",earthquake,,,,5,reviewed,us,us
2006-10-27T01:07:32.960Z,29.854,80.545,38.8,4.1,mb,16,87.3,,0.83,us,usp000ew3p,2014-11-07T01:30:38.199Z,"2 km ENE of Dh?rchula, India",earthquake,,12.7,,1,reviewed,us,us
2006-10-27T07:55:01.980Z,29.875,80.035,10,4.2,mb,22,69.4,,1.09,us,usp000ew43,2014-11-07T01:30:38.246Z,"25 km E of B?geshwar, India",earthquake,,,,3,reviewed,us,us
2006-12-10T22:48:50.790Z,31.924,94.29,54.6,4.5,mb,53,87.7,,0.82,us,usp000ezzp,2014-11-07T01:31:06.944Z,"217 km ENE of Nagqu, China",earthquake,,10.6,,25,reviewed,us,us
2006-12-31T21:36:54.070Z,28.216,88.232,35,4.1,mb,34,118.5,,1.32,us,usp000f1fb,2014-11-07T01:31:13.739Z,"83 km NNW of Mangan, India",earthquake,,,,9,reviewed,us,us
2007-01-20T17:51:09.600Z,31.062,82.813,0.8,4.4,mb,31,80,,0.98,us,usp000f32x,2014-11-07T01:31:24.851Z,"178 km ENE of Burang, China",earthquake,,19.2,,8,reviewed,us,us
2007-01-20T17:51:45.180Z,31.038,82.73,10,4.6,mb,38,92.3,,1.28,us,usp000f32y,2014-11-07T01:31:24.854Z,"170 km ENE of Burang, China",earthquake,,,,9,reviewed,us,us
2007-02-02T00:41:16.240Z,28.272,94.224,36.7,4.3,mb,22,100.4,,0.74,us,usp000f443,2014-11-07T01:31:32.426Z,"32 km SSW of Shi Yomi, India",earthquake,,11,,6,reviewed,us,us
2007-02-06T21:38:59.340Z,27.913,87.622,58.9,4.3,mb,25,72,,0.86,us,usp000f4d5,2014-11-07T01:31:35.195Z,"72 km NE of Kh??db?ri??, Nepal",earthquake,,10.1,,5,reviewed,us,us
2007-02-11T09:53:55.920Z,27.087,96.821,73.7,4.4,mb,7,120.8,,1.2,us,usp000f4nw,2014-11-07T01:31:36.546Z,"97 km N of Sarupathar, India",earthquake,,31,,1,reviewed,us,us
2007-02-15T19:09:39.030Z,29.567,81.451,18.7,4.5,mb,68,146.1,,0.99,us,usp000f4xq,2014-11-07T01:31:38.221Z,"60 km NE of Dipayal, Nepal",earthquake,,21.4,,16,reviewed,us,us
2007-03-10T13:25:47.160Z,29.44,81.144,5.8,4.6,mb,55,61.5,,0.95,us,usp000f6ek,2014-11-07T01:31:50.978Z,"28 km NE of Dipayal, Nepal",earthquake,,17.1,,16,reviewed,us,us
2007-04-07T11:46:33.370Z,28.614,96.418,30,4,mb,9,220.4,,1.06,us,usp000f8zh,2014-11-07T01:32:08.393Z,"61 km NNW of Hayuliang, India",earthquake,,,,3,reviewed,us,us
2007-04-17T07:04:38.040Z,28.262,87.759,72.2,4.1,mb,16,145.2,,0.6,us,usp000f9x4,2014-11-07T01:32:13.007Z,"98 km ENE of Lobujya, Nepal",earthquake,,20.1,,1,reviewed,us,us
2007-04-21T13:57:26.360Z,31.879,95.17,54.9,4.1,mb,31,97.6,,0.98,us,usp000fa8t,2014-11-07T01:32:14.955Z,"208 km WNW of Qamdo, China",earthquake,,14.8,,15,reviewed,us,us
2007-05-01T20:51:38.020Z,26.141,96.622,10,4.1,mb,19,155.3,,1.34,us,usp000fb1k,2014-11-07T01:32:22.009Z,"20 km WSW of Sarupathar, India",earthquake,,,,10,reviewed,us,us
2007-05-07T11:59:47.560Z,31.355,97.787,12.1,5.5,mwc,329,44.4,,0.68,us,usp000fbfa,2022-07-14T06:24:48.194Z,"62 km ENE of Qamdo, China",earthquake,,,,,reviewed,us,gcmt
2007-05-15T23:23:24.920Z,26.182,95.817,114.2,4.3,mb,19,138.4,,0.9,us,usp000fc1y,2014-11-07T01:32:28.492Z,"95 km SSE of Khonsa, India",earthquake,,11.8,,8,reviewed,us,us
2007-05-16T04:17:27.950Z,27.291,87.851,31.7,4,mb,29,87.6,,0.87,us,usp000fc2e,2014-11-07T01:32:28.542Z,"40 km W of Gyalshing, India",earthquake,,18.8,,6,reviewed,us,us
2007-05-18T12:40:01.190Z,27.276,88.147,15.4,4.7,mb,83,70.7,,1.04,us,usp000fc7u,2014-11-07T01:32:29.290Z,"11 km W of Gyalshing, India",earthquake,,18.2,,40,reviewed,us,us
2007-05-20T14:18:21.330Z,27.334,88.236,42.8,4.9,mwc,167,76.7,,0.94,us,usp000fccm,2016-11-10T01:40:18.865Z,"5 km NNW of Gyalshing, India",earthquake,,11.4,,,reviewed,us,gcmt
2007-06-10T19:41:26.150Z,26.065,96.823,46.1,4.2,mb,45,120.1,,0.84,us,usp000fdsj,2014-11-07T01:32:40.952Z,"15 km S of Sarupathar, India",earthquake,,7.9,,16,reviewed,us,us
2007-06-21T23:37:25.290Z,31.394,97.883,10,4.4,mb,24,112.1,,0.52,us,usp000fehb,2014-11-07T01:32:44.690Z,"73 km ENE of Qamdo, China",earthquake,,,,5,reviewed,us,us
2007-06-27T18:40:24.150Z,28.892,95.024,49.2,4,mb,14,142.8,,1.05,us,usp000fezg,2014-11-07T01:32:46.464Z,"75 km ENE of Shi Yomi, India",earthquake,,22.1,,1,reviewed,us,us
2007-07-14T07:51:38.460Z,31.765,88.628,51.1,4.6,mb,26,137.2,,0.88,us,usp000fg4v,2014-11-07T01:32:57.383Z,"279 km N of Rikaze, China",earthquake,,12.3,,4,reviewed,us,us
2007-07-20T04:44:58.880Z,30.208,89.426,10,4,mb,10,132.9,,1.32,us,usp000fgpp,2014-11-07T01:33:00.964Z,"118 km NNE of Rikaze, China",earthquake,,,,2,reviewed,us,us
2007-07-22T23:02:14.790Z,30.881,78.239,19,5.1,mb,179,52,,0.74,us,usp000fgwd,2022-05-02T20:22:28.209Z,"Uttaranchal, India",earthquake,,14.9,,88,reviewed,us,us
2007-08-01T15:17:52.780Z,29.213,82.196,10,4.5,mb,43,64.2,,1.22,us,usp000fhm3,2014-11-07T01:33:08.950Z,"6 km S of Jumla, Nepal",earthquake,,,,5,reviewed,us,us
2007-08-03T03:50:52.650Z,27.196,86.932,64,4.3,mb,34,145.9,,0.83,us,usp000fhsf,2014-11-07T01:33:11.383Z,"11 km WNW of Bhojpur, Nepal",earthquake,,15,,15,reviewed,us,us
2007-08-09T20:33:46.250Z,31.343,80.155,10,4.5,mb,17,89.2,,0.89,us,usp000fj9j,2014-11-07T01:33:13.821Z,"103 km NNE of Josh?math, India",earthquake,,,,3,reviewed,us,us
2007-08-10T12:35:17.330Z,26.752,97.274,35,4.4,mb,13,115.1,,0.83,us,usp000fjb0,2014-11-07T01:33:14.000Z,"76 km NE of Sarupathar, India",earthquake,,,,1,reviewed,us,us
2007-08-11T14:35:54.820Z,27.344,87.737,35,5,mb,162,77.5,,0.73,us,usp000fjdy,2022-07-14T04:52:09.068Z,"51 km NNW of Il?m, Nepal",earthquake,,,,73,reviewed,us,us
2007-08-13T02:02:57.510Z,26.566,97.167,10,4.4,mb,46,78.8,,1.07,us,usp000fjj1,2014-11-07T01:33:15.427Z,"53 km NE of Sarupathar, India",earthquake,,,,12,reviewed,us,us
2007-08-15T02:58:25.590Z,31.284,85.346,71,4,mb,25,144.5,,1,us,usp000fjqr,2014-11-07T01:33:16.110Z,"217 km N of Saga, China",earthquake,,14,,6,reviewed,us,us
2007-08-26T11:30:50.250Z,30.033,89.214,15.1,4.8,mb,60,128.6,,0.77,us,usp000fkqq,2014-11-07T01:33:23.101Z,"92 km NNE of Rikaze, China",earthquake,,,,19,reviewed,us,us
2007-09-01T01:33:16.100Z,27.853,87.873,73.1,4,mb,24,73.6,,0.75,us,usp000fm3z,2014-11-07T01:33:27.181Z,"73 km NNW of Gyalshing, India",earthquake,,6.7,,1,reviewed,us,us
2007-09-17T00:33:42.670Z,30.039,95.182,75.7,4.2,mb,14,124.7,,1.35,us,usp000fng9,2014-11-07T01:33:36.202Z,"184 km NNE of Shi Yomi, India",earthquake,,22.6,,1,reviewed,us,us
2007-10-18T22:19:00.580Z,29.833,82.065,35,4.2,mb,15,149,,1.25,us,usp000fqv6,2014-11-07T01:33:57.292Z,"62 km N of Jumla, Nepal",earthquake,,,,1,reviewed,us,us
2007-10-29T04:54:40.540Z,29.392,92.343,39.8,4.5,mb,15,132.2,,0.84,us,usp000frh7,2014-11-07T01:34:00.391Z,"123 km ESE of Lhasa, China",earthquake,,20,,2,reviewed,us,us
2007-10-29T09:49:21.150Z,27.945,85.38,16.1,4.7,mb,58,59.1,,0.96,us,usp000frhm,2022-07-14T01:43:46.412Z,"27 km NNE of Kathmandu, Nepal",earthquake,,3.9,,18,reviewed,us,us
2007-10-29T19:39:56.580Z,29.348,92.191,10,4.1,mb,17,141.8,,1.07,us,usp000frja,2014-11-07T01:34:01.088Z,"110 km ESE of Lhasa, China",earthquake,,,,4,reviewed,us,us
2007-11-05T17:32:26.800Z,28.2,84.453,2,4.3,mb,23,67.8,,,us,usp000fs0t,2014-11-07T01:34:07.448Z,"48 km E of Pokhara, Nepal",earthquake,,,,1,reviewed,dmn,us
2007-11-06T01:23:53.340Z,29.48,92.353,35,4.5,mb,14,131.9,,0.71,us,usp000fs1c,2014-11-07T01:34:07.537Z,"122 km E of Lhasa, China",earthquake,,,,2,reviewed,us,us
2007-11-09T18:05:57.270Z,29.27,91.905,35,4.5,mb,9,143.6,,1.32,us,usp000fs97,2014-11-07T01:34:08.869Z,"88 km ESE of Lhasa, China",earthquake,,,,1,reviewed,us,us
2007-11-10T19:36:24.430Z,29.387,95.481,24.3,5,mb,148,73.1,,0.94,us,usp000fsb1,2014-11-07T01:34:09.294Z,"143 km NE of Shi Yomi, India",earthquake,,9.5,,55,reviewed,us,us
2007-11-13T17:51:00.140Z,30.084,83.267,35,4.2,mb,11,145.5,,1.7,us,usp000fsg3,2014-11-07T01:34:10.033Z,"137 km NE of Jumla, Nepal",earthquake,,,,2,reviewed,us,us
2007-11-17T03:59:40.460Z,26.329,93.25,35,4.2,mb,15,137.5,,1.3,us,usp000fsrn,2014-11-07T01:34:11.340Z,"49 km SW of Bok?kh?t, India",earthquake,,,,2,reviewed,us,us
2007-11-18T05:49:22.480Z,29.318,92.296,10,4.8,mb,18,141.5,,1.25,us,usp000fsu1,2014-11-07T01:34:11.700Z,"121 km ESE of Lhasa, China",earthquake,,,,4,reviewed,us,us
2007-11-30T08:44:23.800Z,26.031,95.307,93.2,4.4,mb,32,123.2,,0.98,us,usp000ftk1,2014-11-07T01:34:16.217Z,"54 km ESE of Tuensang, India",earthquake,,9.4,,5,reviewed,us,us
2008-01-12T16:40:37.460Z,26.486,96.355,35,4.3,mb,17,132.7,,0.9,us,usp000fwjw,2014-11-07T01:34:41.137Z,"55 km NW of Sarupathar, India",earthquake,,,,4,reviewed,us,us
2008-01-17T19:21:55.880Z,29.052,95.963,53.8,4.6,mb,42,115,,0.83,us,usp000fwx0,2014-11-07T01:34:43.212Z,"122 km NNW of Hayuliang, India",earthquake,,8.9,,11,reviewed,us,us
2008-01-25T15:10:28.860Z,28.018,94.453,35,4,mb,25,127.2,,1.35,us,usp000fxes,2014-11-07T01:34:45.926Z,"23 km W of B?s?r, India",earthquake,,,,5,reviewed,us,us
2008-01-29T12:23:53.810Z,27.528,92.728,45.1,4.1,mb,18,120.3,,1.38,us,usp000fxpt,2014-11-07T01:34:46.684Z,"41 km NE of Bomdila, India",earthquake,,28.3,,5,reviewed,us,us
2008-01-30T23:48:20.200Z,31.959,94.975,49.8,4.6,mb,67,98.5,,0.68,us,usp000fxtz,2014-11-07T01:34:47.234Z,"228 km WNW of Qamdo, China",earthquake,,8.4,,18,reviewed,us,us
2008-03-02T14:13:58.140Z,29.422,81.918,10,4.4,mb,46,81.7,,1.01,us,usp000g0gh,2014-11-07T01:35:09.966Z,"31 km WNW of Jumla, Nepal",earthquake,,,,10,reviewed,us,us
2008-03-12T03:18:48.830Z,27.133,96.977,17.2,4.7,mb,104,68.9,,0.88,us,usp000g19n,2014-11-07T01:35:14.107Z,"104 km N of Sarupathar, India",earthquake,,13.3,,38,reviewed,us,us
2008-03-13T15:42:33.180Z,26.784,91.937,38,4.4,mb,57,95.2,,0.92,us,usp000g1dk,2014-11-07T01:35:15.068Z,"16 km WNW of Udalguri, India",earthquake,,6.4,,21,reviewed,us,us
2008-03-17T18:55:51.300Z,29.76,81.531,10,4.7,ml,26,132.7,,,us,usp000g1ps,2014-11-07T01:35:16.324Z,"68 km SSE of Burang, China",earthquake,,,,,reviewed,dmn,dmn
2008-03-18T15:31:55.160Z,26.472,92.841,56.2,4.1,mb,18,141.1,,0.82,us,usp000g1ra,2014-11-07T01:35:16.523Z,"18 km SSE of Tezpur, India",earthquake,,16.8,,1,reviewed,us,us
2008-03-21T02:24:02.920Z,31.924,95.088,10,4.2,mb,29,113.2,,1.31,us,usp000g1xm,2014-11-07T01:35:17.291Z,"Xizang-Qinghai border region",earthquake,,,,8,reviewed,us,us
2008-04-03T19:05:28.120Z,26.312,92.982,45.6,4.3,mb,27,139.9,,0.95,us,usp000g31z,2014-11-07T01:35:29.787Z,"36 km NNE of Hoj?i, India",earthquake,,,,7,reviewed,us,us
2008-04-03T22:12:54.710Z,26.106,96.915,30.2,4.6,mb,117,102.2,,0.61,us,usp000g32d,2014-11-07T01:35:29.863Z,"15 km SE of Sarupathar, India",earthquake,,8.1,,55,reviewed,us,us
2008-04-17T01:12:24.330Z,26.07,92.244,43.8,4.6,mb,89,95.1,,0.77,us,usp000g449,2014-11-07T01:35:38.887Z,"22 km SSW of Morigaon, India",earthquake,,,,41,reviewed,us,us
2008-05-10T05:58:56.470Z,27.622,92.758,67.5,4.3,mb,42,97.3,,0.78,us,usp000g5zm,2014-11-07T01:35:54.758Z,"51 km NE of Bomdila, India",earthquake,,7.8,,16,reviewed,us,us
2008-05-25T10:28:25.540Z,28.959,88.999,10,4.4,mb,47,95.7,,0.81,us,usp000g7re,2014-11-07T01:36:06.181Z,"34 km SSE of Rikaze, China",earthquake,,,,17,reviewed,us,us
2008-05-29T10:34:46.710Z,26.308,91.791,45.5,4.5,mb,33,124.7,,0.93,us,usp000g81k,2014-11-07T01:36:07.566Z,"14 km NNE of North Guw?h?ti, India",earthquake,,,,7,reviewed,us,us
2008-06-03T03:42:12.210Z,26.666,96.784,35,4,mb,12,136.6,,1.22,us,usp000g8ew,2014-11-07T01:36:13.883Z,"51 km N of Sarupathar, India",earthquake,,,,2,reviewed,us,us
2008-06-09T08:27:11.200Z,28.218,93.346,31.8,4.3,mb,33,110.9,,1.11,us,usp000g8zs,2014-11-07T01:36:16.948Z,"84 km NW of Ziro, India",earthquake,,,,8,reviewed,us,us
2008-06-13T11:16:04.110Z,28.379,95.245,10,4.1,mb,29,109,,0.98,us,usp000g9f8,2014-11-07T01:36:20.625Z,"35 km NNW of P?sigh?t, India",earthquake,,,,1,reviewed,us,us
2008-06-14T11:38:16.220Z,29.945,89.891,10,4.5,ml,20,140.9,,1.03,us,usp000g9ky,2014-11-07T01:36:21.239Z,"79 km W of Dêqên, China",earthquake,,,,,reviewed,us,dmn
2008-06-15T03:27:15.450Z,29.459,81.083,29,4.6,mb,130,59.6,,0.73,us,usp000g9pk,2014-11-07T01:36:21.547Z,"25 km NNE of Dipayal, Nepal",earthquake,,8.2,,60,reviewed,us,us
2008-06-20T18:05:56.940Z,27.863,85.714,12.9,4.1,mb,44,84.1,,0.71,us,usp000ga63,2014-11-07T01:36:23.633Z,"25 km NE of Nagarkot, Nepal",earthquake,,3.2,,14,reviewed,us,us
2008-07-04T21:35:27.800Z,29.325,96.321,35,4.7,mb,99,69.6,,0.83,us,usp000gbbc,2014-11-07T01:36:34.277Z,"140 km N of Hayuliang, India",earthquake,,,,56,reviewed,us,us
2008-07-06T03:05:42.010Z,26.979,89.734,25.8,4,mb,28,106.9,,0.62,us,usp000gbep,2014-11-07T01:36:34.813Z,"17 km SW of Daga, Bhutan",earthquake,,,,11,reviewed,us,us
2008-07-14T13:28:43.650Z,27.419,92.021,61.1,4.1,mb,17,152.5,,1.39,us,usp000gc53,2014-11-07T01:36:37.814Z,"19 km SSE of Tawang, India",earthquake,,16.1,,5,reviewed,us,us
2008-07-20T23:06:37.570Z,28.836,95.845,39.1,4.1,mb,18,119,,0.54,us,usp000gcrk,2014-11-07T01:36:41.032Z,"99 km NNE of P?sigh?t, India",earthquake,,10.4,,5,reviewed,us,us
2008-07-22T21:26:03.650Z,29.93,95.204,10,4.7,mb,62,79.8,,0.87,us,usp000gcxg,2014-11-07T01:36:41.605Z,"174 km NNE of Shi Yomi, India",earthquake,,,,20,reviewed,us,us
2008-08-02T22:04:53.260Z,29.538,81.623,29.5,4.1,mb,22,143.4,,1.18,us,usp000gdpw,2014-11-07T01:36:49.097Z,"61 km WNW of Jumla, Nepal",earthquake,,24.2,,3,reviewed,us,us
2008-08-08T21:48:57.720Z,31.812,83.934,10,4.8,mwc,90,94.2,,0.82,us,usp000ge7n,2016-11-10T01:59:53.018Z,"western Xizang",earthquake,,,,,reviewed,us,gcmt
2008-08-12T09:18:59.140Z,26.795,97.093,35,4.5,mb,16,142.8,,1.11,us,usp000geg9,2014-11-07T01:36:53.353Z,"71 km NNE of Sarupathar, India",earthquake,,,,2,reviewed,us,us
2008-08-19T10:54:26.720Z,30.077,80.013,15.5,4.2,mb,21,178.9,,0.81,us,usp000gf0e,2014-11-07T01:36:56.748Z,"35 km NE of B?geshwar, India",earthquake,,27.5,,2,reviewed,us,us
2008-08-25T13:21:58.820Z,30.901,83.52,12,6.7,mwc,325,28,,1.07,us,usp000gfga,2022-07-13T04:02:30.702Z,"221 km NE of Jumla, Nepal",earthquake,,,,,reviewed,us,us
2008-08-25T13:29:22.720Z,30.712,83.377,10,5,mb,65,59.9,,0.89,us,usp000gfgb,2014-11-07T01:36:59.171Z,"196 km NE of Jumla, Nepal",earthquake,,,,8,reviewed,us,us
2008-08-25T13:39:38.370Z,30.797,83.38,10,5.2,mb,100,45.6,,0.93,us,usp000gfge,2022-05-02T21:02:19.191Z,"204 km NE of Jumla, Nepal",earthquake,,,,37,reviewed,us,us
2008-08-25T14:14:45.990Z,30.749,83.356,28.1,4.3,mb,21,145.1,,1.23,us,usp000gfgk,2014-11-07T01:36:59.191Z,"198 km NE of Jumla, Nepal",earthquake,,33.5,,4,reviewed,us,us
2008-08-25T14:16:02.580Z,30.831,83.523,10,5.2,mb,115,78.8,,0.95,us,usp000gfgm,2014-11-07T01:36:59.193Z,"215 km NE of Jumla, Nepal",earthquake,,,,62,reviewed,us,us
2008-08-25T14:22:47.220Z,30.981,83.514,26,4.6,mb,41,95.8,,0.92,us,usp000gfgn,2014-11-07T01:36:59.203Z,"228 km NE of Jumla, Nepal",earthquake,,16.2,,9,reviewed,us,us
2008-08-25T14:36:35.430Z,30.506,83.273,10,4.6,mb,14,193.7,,1.45,us,usp000gfgq,2014-11-07T01:36:59.208Z,"172 km NE of Jumla, Nepal",earthquake,,,,1,reviewed,us,us
2008-08-25T14:59:54.220Z,30.69,83.326,21.7,4.5,mb,36,97,,1.08,us,usp000gfgs,2014-11-07T01:36:59.211Z,"191 km NE of Jumla, Nepal",earthquake,,20.4,,9,reviewed,us,us
2008-08-25T15:34:31.840Z,30.684,83.446,10,4.2,mb,23,135.1,,1.11,us,usp000gfgy,2014-11-07T01:36:59.225Z,"198 km NE of Jumla, Nepal",earthquake,,,,2,reviewed,us,us
2008-08-25T16:46:58.090Z,30.711,83.466,10,4.2,mb,22,145.1,,1.5,us,usp000gfh4,2014-11-07T01:36:59.234Z,"201 km NE of Jumla, Nepal",earthquake,,,,2,reviewed,us,us
2008-08-25T17:01:30.570Z,30.778,83.292,10,4.4,mb,15,145.1,,0.95,us,usp000gfh8,2014-11-07T01:36:59.266Z,"197 km NNE of Jumla, Nepal",earthquake,,,,1,reviewed,us,us
2008-08-25T18:15:23.800Z,30.733,83.379,10,4.1,mb,21,145.1,,0.76,us,usp000gfhh,2014-11-07T01:36:59.278Z,"198 km NE of Jumla, Nepal",earthquake,,,,3,reviewed,us,us
2008-08-25T19:13:52.500Z,30.634,83.285,10,5.1,mwc,112,95.9,,0.93,us,usp000gfhm,2022-05-02T21:02:20.423Z,"184 km NE of Jumla, Nepal",earthquake,,,,,reviewed,us,gcmt
2008-08-25T20:40:45.090Z,30.928,83.473,21.4,5,mwc,91,94.7,,1.2,us,usp000gfhu,2022-05-02T21:02:21.611Z,"221 km NE of Jumla, Nepal",earthquake,,15,,,reviewed,us,gcmt
2008-08-25T21:32:59.750Z,31.001,83.57,13,4,mb,27,145,,1.12,us,usp000gfhw,2014-11-07T01:36:59.311Z,"233 km NE of Jumla, Nepal",earthquake,,24.2,,5,reviewed,us,us
2008-08-26T00:21:34.280Z,30.64,83.27,10,4.3,mb,48,80.7,,0.84,us,usp000gfjd,2014-11-07T01:36:59.354Z,"184 km NE of Jumla, Nepal",earthquake,,,,15,reviewed,us,us
2008-08-26T01:38:12.930Z,30.742,83.241,10,4.3,mb,11,194.1,,1.43,us,usp000gfjm,2014-11-07T01:36:59.373Z,"191 km NNE of Jumla, Nepal",earthquake,,,,2,reviewed,us,us
2008-08-26T07:46:56.000Z,31.653,91.406,13.1,4.9,mwc,84,62.8,,1.29,us,usp000gfka,2016-11-10T02:00:47.280Z,"64 km WNW of Nagqu, China",earthquake,,18.5,,,reviewed,us,gcmt
2008-08-26T10:03:35.140Z,30.584,83.326,10,4.1,mb,17,135,,1.04,us,usp000gfkh,2014-11-07T01:36:59.513Z,"182 km NE of Jumla, Nepal",earthquake,,,,2,reviewed,us,us
2008-08-26T11:22:18.200Z,30.874,83.509,10,4,mb,13,172.2,,1.02,us,usp000gfkm,2014-11-07T01:36:59.542Z,"218 km NE of Jumla, Nepal",earthquake,,,,2,reviewed,us,us
2008-08-26T13:30:00.060Z,30.688,83.311,10,4.6,mb,10,196,,1.16,us,usp000gfkt,2014-11-07T01:36:59.552Z,"190 km NE of Jumla, Nepal",earthquake,,,,2,reviewed,us,us
2008-08-26T16:23:28.180Z,30.844,83.524,3.3,4.3,mb,17,160.5,,0.82,us,usp000gfm5,2014-11-07T01:36:59.576Z,"216 km NE of Jumla, Nepal",earthquake,,34.4,,3,reviewed,us,us
2008-08-26T16:23:42.780Z,30.644,83.239,29.4,4.2,mb,23,123.5,,1.04,us,usp000gfm6,2014-11-07T01:36:59.578Z,"182 km NE of Jumla, Nepal",earthquake,,23.7,,3,reviewed,us,us
2008-08-26T23:54:23.770Z,30.659,83.284,10,5,mb,137,45.2,,0.89,us,usp000gfn9,2014-11-07T01:36:59.744Z,"186 km NE of Jumla, Nepal",earthquake,,,,58,reviewed,us,us
2008-08-27T01:35:31.870Z,30.992,83.653,10,4.4,mb,45,131.1,,1.37,us,usp000gfnf,2014-11-07T01:36:59.764Z,"237 km NE of Jumla, Nepal",earthquake,,,,10,reviewed,us,us
2008-08-27T02:04:38.350Z,30.796,83.512,10,4.6,mb,60,95.9,,0.84,us,usp000gfnk,2014-11-07T01:36:59.827Z,"211 km NE of Jumla, Nepal",earthquake,,,,18,reviewed,us,us
2008-08-27T03:24:01.190Z,30.787,83.313,10,4.1,mb,15,190.8,,1.3,us,usp000gfnq,2014-11-07T01:36:59.842Z,"199 km NNE of Jumla, Nepal",earthquake,,,,1,reviewed,us,us
2008-08-27T04:49:08.700Z,30.85,83.544,10,4.2,mb,36,61.4,,1.08,us,usp000gfnx,2014-11-07T01:36:59.891Z,"218 km NE of Jumla, Nepal",earthquake,,,,8,reviewed,us,us
2008-08-27T05:35:18.100Z,27.149,92.012,50.7,4.2,mb,28,154,,1.08,us,usp000gfp1,2014-11-07T01:36:59.932Z,"42 km WSW of Bomdila, India",earthquake,,11.7,,2,reviewed,us,us
2008-08-27T19:28:21.680Z,30.666,83.358,31.8,4.7,mb,104,97,,0.91,us,usp000gfqu,2014-11-07T01:37:00.144Z,"191 km NE of Jumla, Nepal",earthquake,,11.4,,30,reviewed,us,us
2008-08-28T05:15:13.370Z,30.823,83.609,10,4,mb,11,145.1,,1.47,us,usp000gfsz,2014-11-07T01:37:00.557Z,"219 km NE of Jumla, Nepal",earthquake,,,,2,reviewed,us,us
2008-08-28T07:13:35.980Z,30.927,83.401,10,4.2,mb,21,162.6,,1.38,us,usp000gftf,2014-11-07T01:37:00.597Z,"217 km NNE of Jumla, Nepal",earthquake,,,,3,reviewed,us,us
2008-08-28T07:42:12.140Z,30.64,83.251,10,4.4,mb,26,135.1,,1.23,us,usp000gftj,2014-11-07T01:37:00.609Z,"183 km NE of Jumla, Nepal",earthquake,,,,5,reviewed,us,us
2008-08-29T01:26:41.740Z,30.545,83.247,10,4,mb,22,145.3,,0.81,us,usp000gfw7,2014-11-07T01:37:00.969Z,"174 km NE of Jumla, Nepal",earthquake,,,,4,reviewed,us,us
2008-08-29T03:52:18.800Z,30.631,83.318,10,4.5,mb,57,97,,0.99,us,usp000gfwf,2014-11-07T01:37:00.983Z,"185 km NE of Jumla, Nepal",earthquake,,,,21,reviewed,us,us
2008-08-29T06:18:17.220Z,30.771,83.426,24.4,4.2,mb,38,95.9,,1.06,us,usp000gfwx,2014-11-07T01:37:01.013Z,"204 km NE of Jumla, Nepal",earthquake,,17.5,,9,reviewed,us,us
2008-08-29T09:43:15.140Z,30.734,83.386,10,4.9,mwc,97,54.1,,1.01,us,usp000gfxd,2016-11-10T02:00:56.448Z,"199 km NE of Jumla, Nepal",earthquake,,,,,reviewed,us,gcmt
2008-08-30T02:09:55.560Z,30.562,83.313,10,4.3,mb,40,110.9,,1.33,us,usp000gfz9,2014-11-07T01:37:01.245Z,"179 km NE of Jumla, Nepal",earthquake,,,,14,reviewed,us,us
2008-08-30T14:41:48.020Z,26.035,95.676,99.9,4.3,mb,34,113.9,,0.94,us,usp000gg0j,2014-11-07T01:37:01.964Z,"88 km ESE of Tuensang, India",earthquake,,,,9,reviewed,us,us
2008-08-30T21:31:12.930Z,30.755,83.44,10,5,mwc,67,95.5,,1.2,us,usp000gg16,2022-05-02T21:02:26.247Z,"203 km NE of Jumla, Nepal",earthquake,,,,,reviewed,us,gcmt
2008-09-01T11:24:03.080Z,30.777,83.469,15.5,4.5,mb,42,95.9,,0.97,us,usp000gg5c,2014-11-07T01:37:05.408Z,"207 km NE of Jumla, Nepal",earthquake,,18.1,,11,reviewed,us,us
2008-09-02T21:10:12.020Z,30.461,82.968,10,4,mb,23,118.3,,0.78,us,usp000gg8y,2014-11-07T01:37:06.905Z,"151 km NNE of Jumla, Nepal",earthquake,,,,5,reviewed,us,us
2008-09-02T21:11:40.620Z,30.53,83.171,10,4,mb,28,110.9,,0.98,us,usp000gg8z,2014-11-07T01:37:06.910Z,"168 km NE of Jumla, Nepal",earthquake,,,,7,reviewed,us,us
2008-09-04T12:53:11.290Z,30.279,80.349,10,5,mwc,176,48.2,,0.9,us,usp000ggda,2025-12-22T15:34:06.490Z,"50 km NNW of Dh?rchula, India",earthquake,,,,,reviewed,us,gcmt
2008-09-04T15:52:11.150Z,30.782,83.362,6.9,4.2,mb,32,110.7,,1.28,us,usp000ggdm,2014-11-07T01:37:07.690Z,"202 km NE of Jumla, Nepal",earthquake,,23.6,,10,reviewed,us,us
2008-09-04T20:33:37.950Z,26.017,95.131,80.8,4.4,mb,22,117.1,,0.63,us,usp000gge6,2014-11-07T01:37:07.765Z,"41 km SE of Tuensang, India",earthquake,,,,2,reviewed,us,us
2008-09-07T06:51:42.280Z,30.507,83.133,10,4,mb,24,160.5,,1.1,us,usp000ggk3,2014-11-07T01:37:08.607Z,"164 km NE of Jumla, Nepal",earthquake,,,,4,reviewed,us,us
2008-09-10T01:14:31.880Z,30.783,83.591,10,5.3,mwc,89,52.7,,0.84,us,usp000ggrg,2022-05-02T21:02:49.072Z,"215 km NE of Jumla, Nepal",earthquake,,,,,reviewed,us,gcmt
2008-09-10T01:16:46.720Z,30.759,83.427,10,4.8,mb,61,95.9,,1.06,us,usp000ggrh,2014-11-07T01:37:10.158Z,"203 km NE of Jumla, Nepal",earthquake,,,,19,reviewed,us,us
2008-09-10T01:28:06.090Z,30.795,83.397,7.3,5.4,mwc,137,42.4,,0.91,us,usp000ggrj,2022-05-02T21:02:54.644Z,"205 km NE of Jumla, Nepal",earthquake,,12.2,,,reviewed,us,gcmt
2008-09-10T16:05:27.260Z,30.693,83.386,10,4.4,mb,32,110.8,,1.14,us,usp000ggte,2014-11-07T01:37:10.651Z,"195 km NE of Jumla, Nepal",earthquake,,,,5,reviewed,us,us
2008-09-10T19:07:16.140Z,26.662,96.773,60.8,4.2,mb,12,129.2,,0.55,us,usp000ggtu,2014-11-07T01:37:10.715Z,"50 km N of Sarupathar, India",earthquake,,12.4,,1,reviewed,us,us
2008-09-15T17:09:51.560Z,30.738,83.273,10,4.1,mb,29,97,,1.08,us,usp000gh3t,2014-11-07T01:37:12.270Z,"193 km NNE of Jumla, Nepal",earthquake,,,,7,reviewed,us,us
2008-09-19T19:46:57.910Z,28.579,86.671,69.2,4,mb,36,67.1,,1.04,us,usp000ghc7,2014-11-07T01:37:13.464Z,"71 km NNW of Lobujya, Nepal",earthquake,,8.5,,11,reviewed,us,us
2008-09-20T00:06:04.650Z,31.149,83.746,10,4.1,mb,9,197.7,,1.26,us,usp000ghcu,2014-11-07T01:37:13.563Z,"247 km NW of Saga, China",earthquake,,,,1,reviewed,us,us
2008-09-20T04:11:49.220Z,30.99,83.522,10,4.2,mb,28,111.3,,1.02,us,usp000ghd3,2014-11-07T01:37:13.636Z,"229 km NE of Jumla, Nepal",earthquake,,,,2,reviewed,us,us
2008-09-25T01:47:11.190Z,30.836,83.487,4,6,mwc,270,22.5,,1.47,us,usp000ghnu,2022-05-02T21:03:37.305Z,"213 km NE of Jumla, Nepal",earthquake,,,,,reviewed,us,gcmt
2008-09-25T01:55:59.790Z,30.789,83.404,10,4.3,mb,23,103.2,,1.17,us,usp000ghnv,2014-11-07T01:37:14.804Z,"205 km NE of Jumla, Nepal",earthquake,,,,2,reviewed,us,us
2008-09-25T11:19:05.260Z,30.822,83.512,10,4.1,mb,24,112.2,,0.97,us,usp000ghps,2014-11-07T01:37:14.870Z,"214 km NE of Jumla, Nepal",earthquake,,,,3,reviewed,us,us
2008-09-25T20:17:25.560Z,30.884,83.482,10,4.9,mwc,54,51.1,,1.3,us,usp000ghqp,2016-11-10T02:02:01.833Z,"217 km NE of Jumla, Nepal",earthquake,,,,,reviewed,us,gcmt
2008-10-05T01:12:01.110Z,30.658,83.278,10,4,mb,11,145.2,,0.99,us,usp000gjbr,2014-11-07T01:37:23.784Z,"186 km NE of Jumla, Nepal",earthquake,,,,1,reviewed,us,us
2008-10-05T01:13:57.440Z,30.738,83.224,10,4.3,mb,19,110.7,,0.99,us,usp000gjbs,2014-11-07T01:37:23.786Z,"190 km NNE of Jumla, Nepal",earthquake,,,,3,reviewed,us,us
2008-10-06T08:30:45.570Z,29.807,90.35,12,6.3,mwc,434,18.4,,0.99,us,usp000gjgt,2022-05-02T21:04:15.853Z,"39 km WSW of Dêqên, China",earthquake,,,,,reviewed,us,us
2008-10-06T08:38:47.820Z,29.643,90.401,10,4.8,mb,17,90.1,,1.15,us,usp000gjgu,2014-11-07T01:37:24.510Z,"46 km SW of Dêqên, China",earthquake,,,,1,reviewed,us,us
2008-10-06T08:43:49.180Z,29.748,90.44,10,4.6,mb,14,125.4,,0.97,us,usp000gjgv,2014-11-07T01:37:24.512Z,"35 km SW of Dêqên, China",earthquake,,,,1,reviewed,us,us
2008-10-06T08:45:05.540Z,29.773,90.435,10,4.7,mb,112,73.3,,1.27,us,usp000gjgw,2014-11-07T01:37:24.514Z,"34 km SW of Dêqên, China",earthquake,,,,29,reviewed,us,us
2008-10-06T08:45:10.770Z,29.752,90.461,10,5,mb,52,47.8,,1.05,us,usp000gjgx,2014-11-07T01:37:24.523Z,"34 km SW of Dêqên, China",earthquake,,,,34,reviewed,us,us
2008-10-06T08:56:07.210Z,29.722,90.572,10,4,mb,7,204.5,,0.61,us,usp000gjh1,2014-11-07T01:37:24.532Z,"30 km SSW of Dêqên, China",earthquake,,,,1,reviewed,us,us
2008-10-06T10:17:11.030Z,29.806,90.42,10,5.1,mb,121,61.3,,1.12,us,usp000gjhh,2014-11-07T01:37:24.561Z,"33 km WSW of Dêqên, China",earthquake,,,,55,reviewed,us,us
2008-10-06T10:20:15.050Z,29.696,90.422,10,4.4,mb,9,148,,0.98,us,usp000gjhk,2014-11-07T01:37:24.572Z,"41 km SW of Dêqên, China",earthquake,,,,1,reviewed,us,us
2008-10-06T11:11:30.220Z,29.747,90.354,10,4.2,mb,20,147.1,,1.16,us,usp000gjhu,2014-11-07T01:37:24.583Z,"42 km SW of Dêqên, China",earthquake,,,,3,reviewed,us,us
2008-10-06T12:10:33.380Z,29.653,90.32,10,5.2,mwc,194,42.6,,0.94,us,usp000gjj2,2025-12-22T15:34:20.636Z,"51 km SW of Dêqên, China",earthquake,,,,,reviewed,us,gcmt
2008-10-06T12:46:53.800Z,29.764,90.464,10,4.9,mb,73,80.2,,0.98,us,usp000gjj7,2014-11-07T01:37:24.630Z,"32 km SW of Dêqên, China",earthquake,,,,21,reviewed,us,us
2008-10-06T14:16:07.120Z,29.741,90.404,10,4.4,mb,17,125.5,,1.2,us,usp000gjjb,2014-11-07T01:37:24.642Z,"39 km SW of Dêqên, China",earthquake,,,,2,reviewed,us,us
2008-10-06T14:26:22.980Z,29.752,91.048,24.5,4.6,mb,8,170.5,,0.44,us,usp000gjjd,2014-11-07T01:37:24.647Z,"12 km NNW of Lhasa, China",earthquake,,6.3,,2,reviewed,us,us
2008-10-06T19:03:01.270Z,29.77,90.631,10,4.7,mb,8,197.2,,0.49,us,usp000gjk2,2014-11-07T01:37:24.694Z,"22 km SSW of Dêqên, China",earthquake,,,,1,reviewed,us,us
2008-10-06T23:12:24.830Z,29.652,90.498,10,4.1,mb,15,147.1,,0.76,us,usp000gjkq,2014-11-07T01:37:24.757Z,"40 km SSW of Dêqên, China",earthquake,,,,1,reviewed,us,us
2008-10-08T14:03:05.940Z,29.733,90.547,10,4.3,mb,10,196.3,,0.37,us,usp000gjq9,2014-11-07T01:37:26.109Z,"30 km SSW of Dêqên, China",earthquake,,,,2,reviewed,us,us
2008-10-08T14:07:16.290Z,29.757,90.328,9,5.5,mwc,241,24,,0.83,us,usp000gjqa,2025-12-22T15:34:22.198Z,"44 km WSW of Dêqên, China",earthquake,,,,,reviewed,us,gcmt
2008-10-08T15:47:01.450Z,29.708,90.489,10,4,mb,10,168.4,,1.22,us,usp000gjqf,2014-11-07T01:37:26.141Z,"35 km SW of Dêqên, China",earthquake,,,,1,reviewed,us,us
2008-10-09T03:28:46.840Z,29.684,90.361,10,4.8,mb,56,103.2,,1.08,us,usp000gjrr,2014-11-07T01:37:26.317Z,"46 km SW of Dêqên, China",earthquake,,,,18,reviewed,us,us
2008-10-09T13:28:30.160Z,29.685,90.624,10,4.5,mb,6,204.4,,0.17,us,usp000gjsf,2014-11-07T01:37:26.378Z,"32 km SSW of Dêqên, China",earthquake,,,,1,reviewed,us,us
2008-10-09T17:59:22.620Z,29.654,90.478,10,4.5,mb,18,168.6,,0.99,us,usp000gjt2,2014-11-07T01:37:26.458Z,"41 km SW of Dêqên, China",earthquake,,,,2,reviewed,us,us
2008-10-10T11:36:10.570Z,29.777,90.556,10,4.4,mb,10,154.9,,0.97,us,usp000gjvg,2014-11-07T01:37:26.841Z,"25 km SW of Dêqên, China",earthquake,,,,1,reviewed,us,us
2008-10-10T21:18:46.660Z,29.797,90.59,10,4.6,mb,83,67.9,,0.82,us,usp000gjwv,2014-11-07T01:37:27.027Z,"22 km SW of Dêqên, China",earthquake,,,,32,reviewed,us,us
2008-10-11T02:31:19.690Z,29.657,90.511,10,4,mb,15,168.5,,0.84,us,usp000gjxd,2014-11-07T01:37:27.127Z,"39 km SSW of Dêqên, China",earthquake,,,,1,reviewed,us,us
2008-10-16T13:26:15.210Z,29.712,90.473,4.9,4.3,mb,8,198.2,,1.35,us,usp000gkcs,2014-11-07T01:37:29.742Z,"36 km SW of Dêqên, China",earthquake,,27.9,,1,reviewed,us,us
2008-10-22T03:31:56.350Z,30.517,83.481,10,4.1,mb,23,142.7,,1.31,us,usp000gksj,2014-11-07T01:37:31.236Z,"186 km NE of Jumla, Nepal",earthquake,,,,2,reviewed,us,us
2008-10-24T22:58:27.230Z,30.991,83.557,10,4.2,mb,40,63.5,,1.04,us,usp000gkz1,2014-11-07T01:37:32.141Z,"231 km NE of Jumla, Nepal",earthquake,,,,8,reviewed,us,us
2008-10-25T00:29:28.090Z,30.833,83.533,10,4,mb,16,162.8,,1.19,us,usp000gkza,2014-11-07T01:37:32.163Z,"216 km NE of Jumla, Nepal",earthquake,,,,2,reviewed,us,us
2008-11-14T16:39:58.660Z,30.249,83.72,19.8,4.2,mb,39,134.5,,1.13,us,usp000gnpg,2014-11-07T01:37:44.209Z,"178 km NW of Saga, China",earthquake,,20.8,,10,reviewed,us,us
2008-11-17T23:52:18.360Z,29.19,88.226,11.6,4.6,mb,49,75.1,,0.86,us,usp000gnya,2014-11-07T01:37:45.504Z,"64 km W of Rikaze, China",earthquake,,18,,11,reviewed,us,us
2008-11-18T05:29:22.970Z,30.254,83.766,34.8,4.5,mb,44,105.6,,1.03,us,usp000gnz0,2014-11-07T01:37:45.686Z,"174 km NW of Saga, China",earthquake,,18.2,,17,reviewed,us,us
2008-11-20T10:42:33.520Z,29.765,90.517,10,4.4,mb,21,137,,1.16,us,usp000gp3h,2014-11-07T01:37:46.279Z,"29 km SW of Dêqên, China",earthquake,,,,4,reviewed,us,us
2008-11-23T13:22:58.580Z,29.842,90.45,10,4.4,mb,17,137,,0.93,us,usp000gp9g,2014-11-07T01:37:47.018Z,"29 km WSW of Dêqên, China",earthquake,,,,1,reviewed,us,us
2008-11-25T21:50:49.240Z,30.633,83.483,10,4.5,mb,31,144,,1.18,us,usp000gpep,2014-11-07T01:37:48.032Z,"195 km NE of Jumla, Nepal",earthquake,,,,3,reviewed,us,us
2008-11-25T21:51:28.580Z,30.74,83.637,10,4.2,mb,33,95.9,,0.96,us,usp000gpeq,2014-11-07T01:37:48.035Z,"214 km NE of Jumla, Nepal",earthquake,,,,7,reviewed,us,us
2008-12-02T05:11:42.030Z,27.373,88.051,24.7,5.2,mb,103,93.6,,0.82,us,usp000gpsw,2014-11-07T01:37:52.109Z,"22 km WNW of Gyalshing, India",earthquake,,5.4,,35,reviewed,us,us
2008-12-04T02:04:47.850Z,30.57,83.365,10,4,mb,24,145.2,,1.38,us,usp000gpwb,2014-11-07T01:37:53.586Z,"183 km NE of Jumla, Nepal",earthquake,,,,4,reviewed,us,us
2008-12-07T14:06:34.410Z,30.713,83.105,10,4.1,mb,13,159.6,,1.31,us,usp000gq45,2014-11-07T01:37:55.116Z,"182 km NNE of Jumla, Nepal",earthquake,,,,1,reviewed,us,us
2008-12-08T08:59:11.320Z,29.948,82.051,35.6,5.3,mwc,208,24.2,,0.82,us,usp000gq68,2022-05-02T20:13:43.270Z,"75 km N of Jumla, Nepal",earthquake,,3.6,,,reviewed,us,gcmt
2008-12-25T00:26:36.210Z,27.235,88.631,49.2,4.8,mb,93,90.1,,0.83,us,usp000grdq,2014-11-07T01:38:02.409Z,"10 km S of Gangtok, India",earthquake,,4.5,,32,reviewed,us,us
2008-12-26T11:43:55.390Z,29.888,81.979,28,4.1,mb,36,75.1,,1.16,us,usp000grhd,2014-11-07T01:38:03.004Z,"71 km NNW of Jumla, Nepal",earthquake,,18.1,,3,reviewed,us,us
2009-01-07T10:27:06.710Z,27.692,92.756,19.7,4.7,mb,34,105.3,,0.6,us,usp000gsat,2014-11-07T01:38:10.772Z,"57 km NE of Bomdila, India",earthquake,,,,5,reviewed,us,us
2009-01-09T12:40:20.960Z,31.807,78.343,28.2,4.2,mb,39,144.5,,1.07,us,usp000gsdg,2014-11-07T01:38:11.184Z,"61 km ENE of Sar?han, India",earthquake,,14.2,,4,reviewed,us,us
2009-02-18T10:11:43.650Z,30.667,83.857,35,5.1,mwc,56,95.3,,1.12,us,usp000gu5c,2022-05-02T20:01:32.549Z,"199 km NW of Saga, China",earthquake,,,,,reviewed,us,gcmt
2009-03-18T00:29:33.430Z,30.634,83.734,32,4.1,mb,32,149.7,,0.94,us,usp000gv3h,2014-11-07T01:38:35.887Z,"204 km NW of Saga, China",earthquake,,16.1,,4,reviewed,us,us
2009-04-25T14:29:28.110Z,26.112,91.446,37.8,4.4,mb,27,100.1,,0.73,us,usp000gwjv,2014-11-07T01:38:49.822Z,"9 km W of Pal?sb?ri, India",earthquake,,9,,2,reviewed,us,us
2009-06-06T09:44:36.970Z,30.996,86.314,10,4.9,mwc,77,63.4,,1.11,us,usp000gxx8,2016-11-10T02:12:56.735Z,"212 km NNE of Saga, China",earthquake,,,,,reviewed,us,gcmt
2009-06-11T21:37:33.200Z,30.794,83.485,10,4.1,mb,24,145.1,,1.1,us,usp000gy3m,2014-11-07T01:39:08.689Z,"210 km NE of Jumla, Nepal",earthquake,,,,4,reviewed,us,us
2009-07-24T03:11:56.830Z,31.158,85.902,13.4,5.8,mwc,199,20.5,,0.92,us,usp000gzjs,2022-05-02T21:15:52.053Z,"213 km NNE of Saga, China",earthquake,,,,,reviewed,us,gcmt
2009-07-24T12:39:50.740Z,30.945,85.81,10,4.1,mb,27,144.5,,1.04,us,usp000gzk7,2014-11-07T01:39:21.153Z,"188 km NNE of Saga, China",earthquake,,,,6,reviewed,us,us
2009-08-19T10:45:13.870Z,26.556,92.47,10,5,mb,85,32.4,,1.02,us,usp000h0n0,2022-07-15T16:11:17.314Z,"9 km N of Dhing, India",earthquake,,,,27,reviewed,us,us
2009-09-21T08:53:05.910Z,27.332,91.437,14,6.1,mwb,259,45.4,,0.98,us,usp000h1r4,2022-07-15T17:56:47.037Z,"11 km W of Trashigang, Bhutan",earthquake,,,,,reviewed,us,us
2009-09-21T09:16:54.340Z,27.31,91.489,10,4.5,mb,40,77.3,,1.18,us,usp000h1r5,2014-11-07T01:39:44.015Z,"6 km WSW of Trashigang, Bhutan",earthquake,,,,12,reviewed,us,us
2009-09-21T09:43:50.990Z,30.879,79.057,52.3,5,mb,78,85.3,,0.79,us,usp000h1r8,2022-07-15T17:58:23.193Z,"Uttaranchal, India",earthquake,,7.4,,24,reviewed,us,us
2009-09-21T10:22:20.960Z,27.305,91.491,10,4.1,mb,19,142.2,,1.07,us,usp000h1r9,2014-11-07T01:39:44.055Z,"6 km WSW of Trashigang, Bhutan",earthquake,,,,3,reviewed,us,us
2009-09-22T08:27:59.310Z,27.289,91.526,27.9,4,mb,21,141,,0.89,us,usp000h1s0,2014-11-07T01:39:44.185Z,"5 km SSW of Trashigang, Bhutan",earthquake,,25.7,,5,reviewed,us,us
2009-09-29T06:01:13.260Z,30.888,83.49,10,5,mwc,63,94.7,,1.04,us,usp000h1y2,2022-05-02T22:32:44.823Z,"218 km NE of Jumla, Nepal",earthquake,,,,,reviewed,us,gcmt
2009-10-03T05:20:58.720Z,29.996,79.849,36.1,4.8,mb,81,97.5,,0.59,us,usp000h29z,2014-11-07T01:39:51.859Z,"19 km NNE of B?geshwar, India",earthquake,,5.6,,28,reviewed,us,us
2009-10-29T17:00:38.600Z,27.262,91.417,26,5.1,mwc,154,43,,0.86,us,usp000h3j5,2022-05-02T21:25:39.055Z,"15 km WSW of Trashigang, Bhutan",earthquake,,3.5,,,reviewed,us,gcmt
2009-10-29T19:57:01.280Z,26.548,90.018,30.4,4.8,mb,76,96.6,,0.6,us,usp000h3j9,2014-11-07T01:39:59.698Z,"13 km NNE of Goshaingaon, India",earthquake,,11.2,,29,reviewed,us,us
2009-10-30T04:29:08.390Z,29.643,84.585,10,4.4,mb,55,45.6,,0.71,us,usp000h3jk,2014-11-07T01:39:59.762Z,"71 km WNW of Saga, China",earthquake,,,,17,reviewed,us,us
2009-11-07T20:08:46.290Z,29.49,86.008,5.7,5.5,mwc,244,17.8,,0.8,us,usp000h3uf,2022-05-02T21:25:50.948Z,"78 km ENE of Saga, China",earthquake,,10.1,,,reviewed,us,gcmt
2009-11-07T23:00:32.240Z,26.922,89.178,41.1,4.1,mb,23,163.4,,1.14,us,usp000h3uk,2014-11-07T01:40:05.147Z,"8 km ENE of Samtse, Bhutan",earthquake,,14,,4,reviewed,us,us
2009-11-17T17:39:40.380Z,27.647,92.823,44.4,4.7,mb,91,97,,0.76,us,usp000h44w,2014-11-07T01:40:07.246Z,"Arunachal Pradesh, India",earthquake,,4.4,,22,reviewed,us,us
2009-11-18T00:49:04.510Z,27.683,90.446,43.9,4.5,mb,58,68.4,,0.94,us,usp000h45a,2014-11-07T01:40:07.299Z,"20 km NNW of Trongsa, Bhutan",earthquake,,6,,21,reviewed,us,us
2009-11-20T07:16:58.950Z,30.762,83.448,19,5,mwc,120,53.5,,0.77,us,usp000h47k,2022-05-02T21:26:25.155Z,"205 km NE of Jumla, Nepal",earthquake,,11.6,,,reviewed,us,gcmt
2009-11-30T12:38:49.270Z,27.352,91.435,10,4.4,mb,41,124.4,,0.96,us,usp000h4kw,2014-11-07T01:40:09.841Z,"11 km W of Trashigang, Bhutan",earthquake,,,,8,reviewed,us,us
2009-12-01T11:23:28.430Z,27.272,91.455,10,4.2,mb,19,174.2,,1.12,us,usp000h4mw,2014-11-07T01:40:11.989Z,"11 km SW of Trashigang, Bhutan",earthquake,,,,3,reviewed,us,us
2009-12-16T06:13:01.520Z,29.518,81.471,35,4.3,mb,56,80.9,,1.34,us,usp000h536,2014-11-07T01:40:16.850Z,"58 km ENE of Dipayal, Nepal",earthquake,,,,9,reviewed,us,us
2009-12-28T02:15:04.870Z,30.686,83.769,10,4.4,mb,50,40.6,,1.08,us,usp000h5e0,2014-11-07T01:40:19.031Z,"206 km NW of Saga, China",earthquake,,,,9,reviewed,us,us
2009-12-31T09:57:29.720Z,27.319,91.51,10,5.5,mb,205,37.4,,0.89,us,usp000h5j5,2022-07-15T23:31:40.266Z,"4 km WSW of Trashigang, Bhutan",earthquake,,,,118,reviewed,us,us
2010-01-01T02:22:23.820Z,30.646,83.791,10,5.2,mwc,84,78.6,,1.09,us,usp000h5jr,2022-05-02T21:31:54.774Z,"201 km NW of Saga, China",earthquake,,,,,reviewed,us,gcmt
2010-01-11T05:15:16.160Z,29.744,80.557,35,4.7,mb,27,84.6,,1.09,us,usp000h5y8,2014-11-07T01:40:26.418Z,"9 km S of D?rchul?, Nepal",earthquake,,0,,4,reviewed,us,us
2010-02-16T20:58:01.490Z,27.605,92.747,48.2,4.2,mb,42,96.9,,0.94,us,usp000h7ce,2014-11-07T01:40:43.015Z,"49 km NE of Bomdila, India",earthquake,,8.4,,7,reviewed,us,us
2010-02-19T16:14:55.810Z,30.678,83.848,43.2,4.2,mb,43,93.2,,1.2,us,usp000h7fm,2014-11-07T01:40:43.659Z,"200 km NW of Saga, China",earthquake,,7.9,,8,reviewed,us,us
2010-02-22T17:23:45.140Z,30.069,80.034,10,4.6,mb,71,47.2,,0.93,us,usp000h7jy,2014-11-07T01:40:44.299Z,"36 km NE of B?geshwar, India",earthquake,,,,4,reviewed,us,us
2010-02-24T14:43:31.880Z,26.062,93.156,52.8,4,mb,22,94.2,,1.19,us,usp000h7n5,2014-11-07T01:40:44.701Z,"30 km ENE of Hoj?i, India",earthquake,,14.2,,6,reviewed,us,us
2010-02-25T14:06:19.770Z,29.701,81.68,35.2,4.3,mb,51,91.5,,0.87,us,usp000h7p8,2014-11-07T01:40:44.918Z,"67 km NW of Jumla, Nepal",earthquake,,9.9,,5,reviewed,us,us
2010-02-26T04:42:39.350Z,28.474,86.745,89.1,5.1,mwc,209,29.6,,0.79,us,usp000h7q0,2025-12-22T15:44:49.767Z,"58 km N of Lobujya, Nepal",earthquake,,,,,reviewed,us,gcmt
2010-02-28T22:03:23.550Z,28.363,86.579,35,4,mb,24,82.1,,0.94,us,usp000h8ae,2014-11-07T01:40:48.869Z,"51 km NNW of Lobujya, Nepal",earthquake,,,,7,reviewed,us,us
2010-03-09T22:21:13.460Z,30.655,83.773,40.3,4.2,mb,24,100,,1.12,us,usp000h91a,2014-11-07T01:40:57.958Z,"203 km NW of Saga, China",earthquake,,11.6,,3,reviewed,us,us
2010-03-15T20:17:16.890Z,30.531,81.875,17.8,4.9,mwc,83,50.6,,0.81,us,usp000h9f9,2016-11-10T02:25:51.790Z,"72 km ENE of Burang, China",earthquake,,13.9,,,reviewed,us,gcmt
2010-03-15T20:23:28.040Z,30.64,81.953,29.5,4.9,mb,39,95.8,,1.13,us,usp000h9fa,2014-11-07T01:41:02.288Z,"83 km ENE of Burang, China",earthquake,,26.9,,4,reviewed,us,us
2010-03-23T10:53:25.770Z,30.427,83.839,35,4.1,mb,22,76,,1.19,us,usp000h9wc,2014-11-07T01:41:05.014Z,"181 km NW of Saga, China",earthquake,,,,5,reviewed,us,us
2010-04-28T19:20:28.060Z,31.647,90.507,10,4.1,mb,27,114.3,,1.06,us,usp000hc1f,2014-11-07T01:41:20.933Z,"148 km W of Nagqu, China",earthquake,,,,7,reviewed,us,us
2010-05-01T22:36:29.370Z,30.099,80.026,35.5,4.5,mb,61,62.3,,0.88,us,usp000hc68,2020-09-21T16:47:42.322Z,"37 km NE of B?geshwar, India",earthquake,,7.5,,23,reviewed,us,us
2010-05-03T17:15:08.000Z,30.27,78.314,13.5,4,mb,39,93.4,,1.14,us,usp000hc9a,2014-11-07T01:41:26.281Z,"12 km NNE of Narendranagar, India",earthquake,,20.7,,4,reviewed,us,us
2010-05-14T14:46:27.340Z,29.664,90.36,10,4.9,mb,62,81.1,,0.76,us,usp000hcrk,2014-11-07T01:41:29.269Z,"47 km SW of Dêqên, China",earthquake,,,,15,reviewed,us,us
2010-06-02T08:05:22.880Z,31.406,80.251,35,4,mb,24,144,,0.74,us,usp000hdg6,2014-11-07T01:41:37.408Z,"114 km NE of Josh?math, India",earthquake,,,,2,reviewed,us,us
2010-06-13T14:31:51.860Z,29.587,81.446,19,4.7,mb,86,37,,0.76,us,usp000hdy1,2014-11-07T01:41:40.842Z,"60 km NE of Dipayal, Nepal",earthquake,,14.7,,21,reviewed,us,us
2010-06-13T14:37:56.580Z,29.547,81.486,10,4.6,mb,30,146.1,,1.12,us,usp000hdy2,2014-11-07T01:41:40.848Z,"61 km ENE of Dipayal, Nepal",earthquake,,,,4,reviewed,us,us
2010-06-22T23:14:10.840Z,29.872,80.428,16.3,5.2,mb,174,48.2,,0.95,us,usp000hed7,2022-05-02T22:00:00.088Z,"9 km WNW of Dh?rchula, India",earthquake,,10.2,,87,reviewed,us,us
2010-07-04T02:35:59.130Z,29.854,80.375,11.6,4.7,mb,78,80.5,,0.93,us,usp000hevm,2014-11-07T01:41:50.313Z,"13 km W of Dh?rchula, India",earthquake,,17.5,,36,reviewed,us,us
2010-07-05T02:04:07.220Z,31.064,80.538,10,4.8,mb,67,47.4,,1.04,us,usp000hex4,2014-11-07T01:41:50.747Z,"104 km NW of Burang, China",earthquake,,,,23,reviewed,us,us
2010-07-06T09:31:44.090Z,27.682,92.674,69.7,4.3,mb,12,175.1,,0.72,us,usp000heym,2014-11-07T01:41:51.007Z,"52 km NNE of Bomdila, India",earthquake,,16,,2,reviewed,us,us
2010-07-06T19:08:25.870Z,29.841,80.397,32.8,5,mwc,133,47.5,,0.8,us,usp000hez9,2022-07-18T15:49:00.686Z,"11 km W of Dh?rchula, India",earthquake,,11.8,,,reviewed,us,gcmt
2010-07-10T03:16:18.770Z,30.075,79.608,13.1,4.6,mb,40,52.2,,0.86,us,usp000hf3c,2014-11-07T01:41:51.852Z,"30 km NNW of B?geshwar, India",earthquake,,22.9,,11,reviewed,us,us
2010-07-10T10:15:45.190Z,29.318,86.981,42.3,4.6,mb,57,51.4,,0.99,us,usp000hf3r,2014-11-07T01:41:51.920Z,"152 km N of Lobujya, Nepal",earthquake,,9.4,,21,reviewed,us,us
2010-07-21T02:57:22.830Z,27.298,91.219,44.5,4.5,mb,64,103.9,,0.81,us,usp000hg94,2014-11-07T01:41:57.826Z,"3 km NW of Mongar, Bhutan",earthquake,,8.2,,26,reviewed,us,us
2010-07-27T10:14:24.680Z,30.305,94.887,42.3,4.8,mb,80,76.6,,0.79,us,usp000hgwp,2014-11-07T01:42:03.045Z,"202 km NNE of Shi Yomi, India",earthquake,,6.6,,27,reviewed,us,us
2010-07-27T16:39:00.070Z,30.325,94.918,38.9,4.4,mb,35,100,,0.85,us,usp000hgx4,2014-11-07T01:42:03.083Z,"205 km NNE of Shi Yomi, India",earthquake,,10.6,,14,reviewed,us,us
2010-07-29T12:10:05.780Z,30.316,94.84,35,4.7,mb,59,71.8,,0.81,us,usp000hh3r,2014-11-07T01:42:04.436Z,"203 km NNE of Shi Yomi, India",earthquake,,,,25,reviewed,us,us
2010-07-30T01:04:30.360Z,30.437,94.927,10,4.6,mb,42,91.6,,1.04,us,usp000hh4e,2014-11-07T01:42:04.530Z,"218 km NNE of Shi Yomi, India",earthquake,,,,13,reviewed,us,us
2010-07-30T18:03:37.110Z,30.332,94.91,36.3,4.6,mb,48,85.9,,0.87,us,usp000hh65,2014-11-07T01:42:04.817Z,"206 km NNE of Shi Yomi, India",earthquake,,8.9,,14,reviewed,us,us
2010-08-04T05:41:24.190Z,26.221,96.89,36.4,4.1,mb,21,118.2,,0.88,us,usp000hhfe,2014-11-07T01:42:10.060Z,"8 km ENE of Sarupathar, India",earthquake,,13.1,,4,reviewed,us,us
2010-08-05T18:14:19.320Z,26.372,97.02,38.8,4.2,mb,27,108.8,,0.98,us,usp000hhm2,2014-11-07T01:42:11.409Z,"27 km NE of Sarupathar, India",earthquake,,11.9,,3,reviewed,us,us
2010-08-05T18:17:46.990Z,26.329,96.998,25.8,4.6,mb,42,79.3,,1.09,us,usp000hhm3,2014-11-07T01:42:11.412Z,"23 km NE of Sarupathar, India",earthquake,,19.9,,10,reviewed,us,us
2010-08-09T02:54:50.810Z,30.309,94.829,44.8,5,mb,82,70.4,,0.84,us,usp000hhsx,2022-05-02T22:07:29.380Z,"202 km NNE of Shi Yomi, India",earthquake,,7,,40,reviewed,us,us
2010-08-09T07:14:43.140Z,30.358,94.935,35,4.4,mb,34,97.7,,1.29,us,usp000hht5,2014-11-07T01:42:12.369Z,"209 km NNE of Shi Yomi, India",earthquake,,,,13,reviewed,us,us
2010-08-10T14:04:14.300Z,30.378,94.842,38.2,4.6,mb,46,92.5,,0.77,us,usp000hhw9,2014-11-07T01:42:12.779Z,"209 km NNE of Shi Yomi, India",earthquake,,7.6,,15,reviewed,us,us
2010-10-17T20:11:18.460Z,28.487,85.677,41.1,4.9,mb,100,47.9,,0.93,us,usp000hn7q,2022-07-18T22:23:26.338Z,"64 km NNW of Kod?ri??, Nepal",earthquake,,8.4,,36,reviewed,us,us
2010-10-18T04:26:51.270Z,28.492,85.647,43,4,mb,33,97.6,,0.77,us,usp000hn82,2014-11-07T01:42:43.666Z,"66 km NNW of Kod?ri??, Nepal",earthquake,,11.3,,5,reviewed,us,us
2010-10-28T07:41:01.710Z,28.397,92.896,79.4,4.6,mb,37,109.7,,0.67,us,usp000hnpr,2014-11-07T01:42:46.565Z,"128 km NW of Ziro, India",earthquake,,,,9,reviewed,us,us
2010-11-07T10:53:18.490Z,30.909,84.509,50.1,4,mb,23,144.8,,1.2,us,usp000hp82,2014-11-07T01:42:52.989Z,"188 km NNW of Saga, China",earthquake,,13.4,,6,reviewed,us,us
2010-11-17T04:37:15.670Z,28.469,94.174,35.6,4.6,mb,46,103.6,,1,us,usp000hpsm,2014-11-07T01:42:56.039Z,"20 km WSW of Shi Yomi, India",earthquake,,9.6,,10,reviewed,us,us
2010-11-25T14:05:30.330Z,28.466,82.741,10,4,mb,29,77.3,,0.93,us,usp000hq3e,2014-11-07T01:42:58.071Z,"41 km NE of Besisahar, Nepal",earthquake,,,,7,reviewed,us,us
2010-11-30T08:39:56.920Z,29.775,90.329,10,5.3,mwc,187,38.9,,0.99,us,usp000hqb2,2022-05-02T22:28:02.626Z,"42 km WSW of Dêqên, China",earthquake,,,,,reviewed,us,gcmt
2010-12-29T18:30:59.750Z,30.942,86.508,21.9,5.1,mwc,134,35.9,,0.97,us,usp000hs93,2022-05-02T22:30:46.113Z,"217 km NE of Saga, China",earthquake,,5.3,,,reviewed,us,gcmt
2010-12-29T18:39:09.110Z,31.089,86.905,10,4.4,mb,28,85.8,,1.04,us,usp000hs95,2014-11-07T01:43:16.418Z,"253 km NE of Saga, China",earthquake,,,,3,reviewed,us,us
2010-12-29T19:01:28.390Z,30.797,86.454,8.4,4.9,mb,71,52,,1.13,us,usp000hs96,2014-11-07T01:43:16.420Z,"201 km NE of Saga, China",earthquake,,17.6,,29,reviewed,us,us
2011-02-10T03:51:44.230Z,27.215,88.211,46.2,4,mb,31,145.6,,0.79,us,usp000hu9w,2014-11-07T01:43:38.647Z,"9 km SSW of Gyalshing, India",earthquake,,10.4,,7,reviewed,us,us
2011-02-13T17:51:21.560Z,27.388,86.941,28.6,4.5,mb,55,116.7,,1.13,us,usp000hufh,2014-11-07T01:43:39.998Z,"26 km NNW of Bhojpur, Nepal",earthquake,,15.9,,21,reviewed,us,us
2011-02-14T23:44:33.550Z,26.114,96.326,59.1,4.8,mb,99,59.3,,0.88,us,usp000huhr,2022-07-19T04:24:50.730Z,"49 km WSW of Sarupathar, India",earthquake,,6.9,,36,reviewed,us,us
2011-04-04T11:31:43.050Z,29.698,80.754,26.1,5.3,mwb,278,31.1,,0.92,us,usp000hz8k,2025-12-22T16:13:19.001Z,"24 km SE of D?rchul?, Nepal",earthquake,,7.7,,,reviewed,us,us
2011-04-09T03:33:01.320Z,26.923,97.2,29.2,4.4,mb,37,115,,0.62,us,usp000hzk8,2014-11-07T01:44:30.613Z,"88 km NNE of Sarupathar, India",earthquake,,14.4,,13,reviewed,us,us
2011-04-12T12:03:13.330Z,30.036,96.962,48.6,4.2,mb,45,96.4,,0.84,us,usp000hztn,2014-11-07T01:44:32.128Z,"123 km S of Qamdo, China",earthquake,,9.7,,15,reviewed,us,us
2011-04-12T12:12:06.750Z,30.009,97.001,25.7,4.1,mb,21,97.2,,0.62,us,usp000hztp,2014-11-07T01:44:32.132Z,"125 km S of Qamdo, China",earthquake,,21.8,,5,reviewed,us,us
2011-04-18T09:33:31.550Z,26.119,95.279,85.1,4.1,mb,27,146,,0.55,us,usp000j06h,2014-11-07T01:44:35.019Z,"48 km ESE of Tuensang, India",earthquake,,7.2,,3,reviewed,us,us
2011-04-24T02:23:01.910Z,29.662,89.29,95,4,mb,27,96.5,,0.68,us,usp000j0g1,2014-11-07T01:44:37.146Z,"60 km NE of Rikaze, China",earthquake,,9.6,,8,reviewed,us,us
2011-04-29T14:25:48.840Z,26.027,97.045,35,4,mb,21,139.9,,1.18,us,usp000j0s1,2014-11-07T01:44:39.197Z,"30 km SE of Sarupathar, India",earthquake,,,,5,reviewed,us,us
2011-05-04T20:57:19.260Z,30.323,80.433,25.4,4.6,mb,61,95.8,,0.93,us,usp000j10a,2014-11-07T01:44:44.949Z,"53 km N of Dh?rchula, India",earthquake,,18.1,,19,reviewed,us,us
2011-05-15T15:32:46.360Z,26.073,96.621,25.7,4.2,mb,27,120.2,,1.07,us,usp000j1n8,2014-11-07T01:44:51.444Z,"23 km SW of Sarupathar, India",earthquake,,23.2,,7,reviewed,us,us
2011-05-24T12:52:00.090Z,30.042,85.391,41.4,4.5,mb,35,145.1,,0.81,us,usp000j24y,2014-11-07T01:44:54.744Z,"81 km NNE of Saga, China",earthquake,,8.6,,14,reviewed,us,us
2011-06-03T00:53:27.280Z,27.529,88.019,45.7,5,mb,118,33.7,,0.99,us,usp000j2m5,2022-07-19T16:41:08.905Z,"35 km NW of Gyalshing, India",earthquake,,,,48,reviewed,us,us
2011-06-20T06:27:18.430Z,30.61,79.338,14.3,4.9,mb,103,50.1,,0.85,us,usp000j3fb,2022-07-19T18:13:43.971Z,"22 km NNW of P?palkoti, India",earthquake,,11.8,,61,reviewed,us,us
2011-07-12T07:59:31.200Z,30.342,83.727,48.2,4.2,mb,13,148.3,,1.49,us,usp000j4r4,2014-11-07T01:45:21.093Z,"183 km NW of Saga, China",earthquake,,23.2,,3,reviewed,us,us
2011-07-14T22:48:10.830Z,27.123,97.061,35,4.4,mb,16,85.9,,0.79,us,usp000j4xa,2014-11-07T01:45:21.988Z,"104 km NNE of Sarupathar, India",earthquake,,,,2,reviewed,us,us
2011-08-11T22:01:27.230Z,30.092,86.814,37.9,4.2,mb,41,64.7,,1.17,us,usp000j6b0,2014-11-07T01:45:35.756Z,"175 km ENE of Saga, China",earthquake,,10.9,,5,reviewed,us,us
2011-08-15T16:48:08.000Z,27.256,86.306,35,4,mb,24,146.1,,0.84,us,usp000j6h1,2014-11-07T01:45:36.887Z,"61 km NNW of Lah?n, Nepal",earthquake,,,,2,reviewed,us,us
2011-08-19T01:52:08.040Z,29.548,81.527,10,4,mb,18,127.7,,1.03,us,usp000j6nq,2014-11-07T01:45:38.133Z,"65 km ENE of Dipayal, Nepal",earthquake,,,,1,reviewed,us,us
2011-08-28T04:40:45.350Z,26.521,96.748,121.7,4.5,mb,54,74.1,,0.62,us,usp000j75n,2014-11-07T01:45:44.242Z,"35 km N of Sarupathar, India",earthquake,,6.9,,18,reviewed,us,us
2011-09-18T12:40:51.830Z,27.73,88.155,50,6.9,mww,383,13,,0.96,us,usp000j88b,2025-03-03T10:37:14.677Z,"43 km NW of Mangan, India",earthquake,,,,,reviewed,us,us
2011-09-18T13:12:00.350Z,27.52,88.583,40.1,4.8,mb,57,96.5,,1.14,us,usp000j88d,2015-03-24T01:56:34.208Z,"6 km E of Mangan, India",earthquake,,6.9,,13,reviewed,us,us
2011-09-18T13:54:19.630Z,27.353,88.452,28.2,4.7,mb,58,107,,1.34,us,usp000j88g,2015-03-24T01:46:36.489Z,"14 km NNW of Singtam, India",earthquake,,14.9,,18,reviewed,us,us
2011-09-30T12:08:15.640Z,31.436,94.028,35,4,mb,17,109.9,,1.11,us,usp000j8s5,2014-11-07T01:45:58.299Z,"187 km E of Nagqu, China",earthquake,,,,4,reviewed,us,us
2011-10-05T18:54:26.410Z,29.809,97.695,42.9,4.4,mb,17,96.6,,1.08,us,usp000j8yx,2014-11-07T01:46:04.047Z,"Eastern Xizang",earthquake,,12.4,,4,reviewed,us,us
2011-10-21T08:29:26.020Z,27.131,91.28,27,4.5,mb,64,71.5,,0.73,us,usp000j9n2,2014-11-07T01:46:08.515Z,"15 km NW of Pemagatshel, Bhutan",earthquake,,12,,24,reviewed,us,us
2011-11-06T21:57:29.860Z,30.118,97.418,48.4,4.8,mb,90,46.7,,0.8,us,usp000jafu,2014-11-07T01:46:18.694Z,"114 km SSE of Qamdo, China",earthquake,,5.3,,33,reviewed,us,us
2011-11-07T09:43:44.320Z,30.163,97.503,48.9,4.7,mb,45,93.5,,0.6,us,usp000jagx,2014-11-07T01:46:18.851Z,"111 km SSE of Qamdo, China",earthquake,,7.4,,13,reviewed,us,us
2011-11-12T23:46:56.810Z,28.212,84.93,50.5,4.2,mb,44,39.6,,1.09,us,usp000jas4,2015-03-24T01:59:30.658Z,"68 km NNW of Kirtipur, Nepal",earthquake,,6,,12,reviewed,us,us
2011-11-16T00:26:09.950Z,30.212,83.002,35,4,mb,10,91.3,,1.06,us,usp000jax7,2014-11-07T01:46:21.519Z,"130 km NE of Jumla, Nepal",earthquake,,,,2,reviewed,us,us
2011-12-01T03:50:56.970Z,31.804,83.823,6.7,5.1,mwc,110,53.9,,0.89,us,usp000jbnx,2022-04-08T20:23:17.546Z,"western Xizang",earthquake,,3.3,,,reviewed,us,gcmt
2011-12-14T20:20:53.840Z,27.504,87.955,47.5,4,mb,11,169,,0.55,us,usp000jc6r,2014-11-07T01:46:34.015Z,"38 km NW of Gyalshing, India",earthquake,,15.1,,7,reviewed,us,us
2011-12-22T23:42:59.760Z,31.868,86.389,35,4.9,mwc,70,51.1,,1.37,us,usp000jcgy,2014-11-07T01:46:36.514Z,"western Xizang",earthquake,,,,,reviewed,us,gcmt
2012-01-19T00:46:47.580Z,29.456,81.89,10,4,mb,19,146.1,,1.23,us,usp000jdp0,2014-11-07T01:46:48.114Z,"34 km NW of Jumla, Nepal",earthquake,,,,2,reviewed,us,us
2012-02-09T19:17:30.550Z,30.986,78.282,6.2,5.1,mb,177,46,,0.85,us,usp000jerg,2022-05-03T15:30:07.973Z,"20 km NNE of Barkot, India",earthquake,,11.8,,96,reviewed,us,us
2012-02-10T15:45:17.090Z,26.046,94.248,42.6,4.3,mb,47,133.7,,0.67,us,usp000jesw,2014-11-07T01:47:00.142Z,"5 km S of Wokha, India",earthquake,,6.6,,8,reviewed,us,us
2012-02-10T19:10:01.850Z,26.146,94.253,52.3,4.8,mb,45,140.2,,0.87,us,usp000jet4,2014-11-07T01:47:00.182Z,"5 km N of Wokha, India",earthquake,,8.9,,14,reviewed,us,us
2012-02-26T23:08:47.640Z,29.682,81.086,35,4.4,mb,53,97.5,,0.98,us,usp000jffa,2015-03-24T01:26:39.158Z,"48 km NNE of Dipayal, Nepal",earthquake,,,,10,reviewed,us,us
2012-03-01T17:25:48.650Z,27.447,91.237,53.6,4.6,mb,28,150.3,,0.64,us,usp000jfnj,2014-11-07T01:47:08.951Z,"19 km N of Mongar, Bhutan",earthquake,,7.4,,3,reviewed,us,us
2012-03-17T20:50:04.800Z,30.18,96.959,20.9,4.3,mb,26,119.7,,1.39,us,usp000jgdg,2014-11-07T01:47:16.301Z,"107 km SSW of Qamdo, China",earthquake,,30,,2,reviewed,us,us
2012-03-19T17:46:02.200Z,29.434,94.873,35,4.7,mb,39,115.3,,0.73,us,usp000jgfz,2014-11-07T01:47:16.680Z,"111 km NNE of Shi Yomi, India",earthquake,,,,5,reviewed,us,us
2012-03-19T20:36:21.310Z,29.015,82.321,10,4.3,mb,77,92.8,,1.21,us,usp000jgg6,2014-11-07T01:47:16.710Z,"31 km SSE of Jumla, Nepal",earthquake,,,,17,reviewed,us,us
2012-03-27T23:40:12.600Z,26.087,87.777,28.8,5,mb,167,31.8,,0.86,us,usp000jgw0,2024-06-17T19:04:17.506Z,"17 km W of Kishanganj, India",earthquake,,,,91,reviewed,us,us
2012-03-30T23:14:12.300Z,30.142,96.893,46.8,4,mb,23,96,,0.82,us,usp000jh0t,2014-11-07T01:47:20.799Z,"112 km SSW of Qamdo, China",earthquake,,13.5,,1,reviewed,us,us
2012-05-01T22:43:12.350Z,26.252,92.274,35,4.2,mb,23,144.7,,1.06,us,usp000jjvy,2014-11-07T01:47:42.652Z,"7 km W of Morigaon, India",earthquake,,,,6,reviewed,us,us
2012-05-04T20:09:28.020Z,27.403,95.395,45.9,4.4,mb,30,118.5,,1.2,us,usp000jk0a,2014-11-07T01:47:44.364Z,"9 km ENE of Duli?gaon, India",earthquake,,10.9,,18,reviewed,us,us
2012-05-11T12:41:35.300Z,26.175,92.889,43.3,5.4,mwb,164,33.3,,0.95,us,usp000jka9,2025-12-22T16:28:49.347Z,"19 km N of Hoj?i, India",earthquake,,,,,reviewed,us,us
2012-05-27T15:01:27.040Z,26.491,91.1,34.7,4.3,mb,41,156.7,,1.18,us,usp000jm05,2015-03-24T01:29:48.987Z,"13 km E of Barpeta Road, India",earthquake,,20.7,,9,reviewed,us,us
2012-05-27T20:50:22.610Z,30.822,83.466,35,4.8,mb,71,94.8,,0.94,us,usp000jm0r,2014-11-07T01:47:54.092Z,"211 km NE of Jumla, Nepal",earthquake,,,,16,reviewed,us,us
2012-05-30T01:54:30.620Z,27.328,87.974,35.4,4.3,mb,54,145.6,,0.84,us,usp000jm3y,2014-11-07T01:47:55.071Z,"28 km W of Gyalshing, India",earthquake,,8.3,,12,reviewed,us,us
2012-06-09T07:54:11.100Z,28.4,84.126,20.1,4.8,mb,148,45.8,,0.92,us,usp000jmhz,2022-05-03T15:42:13.603Z,"21 km NE of Pokhara, Nepal",earthquake,,10.7,,80,reviewed,us,us
2012-06-11T04:35:59.960Z,27.306,88.13,51.5,4.5,mb,74,97.6,,0.75,us,usp000jmm9,2014-11-07T01:48:03.155Z,"12 km W of Gyalshing, India",earthquake,,9.1,,17,reviewed,us,us
2012-06-22T04:47:50.360Z,30.093,96.832,10,4.2,mb,26,96.8,,0.78,us,usp000jn30,2014-11-07T01:48:07.869Z,"119 km SSW of Qamdo, China",earthquake,,,,3,reviewed,us,us
2012-06-30T19:43:25.210Z,28.638,96.393,43.1,4.7,mb,120,50.6,,0.73,us,usp000jned,2014-11-07T01:48:10.628Z,"64 km NNW of Hayuliang, India",earthquake,,4.7,,51,reviewed,us,us
2012-07-02T01:47:47.730Z,29.885,87.872,21.4,4.3,mb,33,95.8,,0.67,us,usp000jng0,2014-11-07T01:48:14.349Z,"120 km NW of Rikaze, China",earthquake,,13.5,,8,reviewed,us,us
2012-07-03T19:11:40.860Z,29.914,88.011,10,4.9,mb,136,74.9,,0.84,us,usp000jnjh,2014-11-07T01:48:15.719Z,"112 km NW of Rikaze, China",earthquake,,,,68,reviewed,us,us
2012-07-10T13:03:55.050Z,27.074,90.663,35,4.7,mb,13,169,,1.4,us,usp000jnuf,2014-11-07T01:48:17.996Z,"15 km S of Shemgang, Bhutan",earthquake,,,,7,reviewed,us,us
2012-07-11T17:23:30.110Z,29.439,81.287,36.7,4.1,mb,23,128,,0.66,us,usp000jnw4,2014-11-07T01:48:18.659Z,"39 km ENE of Dipayal, Nepal",earthquake,,9.2,,2,reviewed,us,us
2012-07-22T16:44:20.410Z,29.951,88.041,29.4,4.9,mb,92,116.5,,0.83,us,usp000jpau,2022-05-03T15:44:22.673Z,"112 km NW of Rikaze, China",earthquake,,10.4,,47,reviewed,us,us
2012-07-23T00:15:11.120Z,29.79,88.021,35,4.3,mb,24,131.8,,1.05,us,usp000jpb8,2014-11-07T01:48:22.924Z,"western Xizang",earthquake,,,,2,reviewed,us,us
2012-07-28T05:48:07.330Z,29.921,80.647,16.5,4.6,mb,99,80.2,,0.82,us,usp000jphu,2014-11-07T01:48:24.582Z,"13 km NE of D?rchul?, Nepal",earthquake,,11.9,,42,reviewed,us,us
2012-07-31T11:50:52.310Z,28.742,82.455,10,4.5,mb,68,97.8,,0.88,us,usp000jppc,2014-11-07T01:48:25.488Z,"56 km N of Besisahar, Nepal",earthquake,,,,15,reviewed,us,us
2012-07-31T11:58:29.220Z,28.745,82.442,10,4.4,mb,64,130.1,,0.99,us,usp000jppd,2014-11-07T01:48:25.493Z,"56 km N of Besisahar, Nepal",earthquake,,,,11,reviewed,us,us
2012-08-01T19:50:01.040Z,29.972,85.344,10,4.5,mb,11,145.1,,1.15,us,usp000jpr8,2014-11-07T01:48:28.082Z,"72 km N of Saga, China",earthquake,,,,2,reviewed,us,us
2012-08-01T21:58:38.880Z,26.055,96.311,43.8,4.7,mb,83,61.3,,0.98,us,usp000jprc,2014-11-07T01:48:28.238Z,"52 km WSW of Sarupathar, India",earthquake,,6.6,,19,reviewed,us,us
2012-08-02T19:06:12.700Z,26.103,96.324,55.6,5.1,mb,164,61.2,,1.02,us,usp000jpsz,2022-05-03T15:45:01.044Z,"49 km WSW of Sarupathar, India",earthquake,,4.8,,92,reviewed,us,us
2012-08-05T14:10:30.330Z,30.352,94.849,24.1,5,mb,121,51.1,,0.78,us,usp000jpxf,2022-05-03T15:45:29.604Z,"207 km NNE of Shi Yomi, India",earthquake,,8.8,,58,reviewed,us,us
2012-08-07T00:17:57.250Z,30.335,94.855,24.4,4.9,mb,140,51.1,,0.85,us,usp000jpzf,2022-05-03T15:45:35.970Z,"205 km NNE of Shi Yomi, India",earthquake,,11.1,,52,reviewed,us,us
2012-08-09T05:49:55.090Z,30.317,94.846,10,4.9,mb,112,51.2,,0.74,us,usp000jq2w,2022-05-03T15:45:43.263Z,"203 km NNE of Shi Yomi, India",earthquake,,,,50,reviewed,us,us
2012-08-09T06:29:07.250Z,30.431,95.032,10,4.3,mb,15,114.4,,1.28,us,usp000jq2x,2014-11-07T01:48:32.310Z,"219 km WSW of Qamdo, China",earthquake,,,,2,reviewed,us,us
2012-08-09T08:25:50.750Z,30.401,94.986,10,4.4,mb,14,118.4,,0.79,us,usp000jq34,2014-11-07T01:48:32.349Z,"215 km NNE of Shi Yomi, India",earthquake,,,,1,reviewed,us,us
2012-08-09T13:12:04.910Z,28.456,86.74,70.2,4.7,mb,108,82.7,,0.93,us,usp000jq3d,2014-11-07T01:48:32.441Z,"56 km N of Lobujya, Nepal",earthquake,,7,,21,reviewed,us,us
2012-08-16T04:46:00.850Z,30.287,94.71,15.5,4.2,mb,36,113.7,,0.78,us,usp000jqcf,2014-11-07T01:48:34.873Z,"197 km N of Shi Yomi, India",earthquake,,18.6,,9,reviewed,us,us
2012-08-19T09:24:49.380Z,26.599,92.57,48.9,4.8,mb,212,42.5,,0.68,us,usp000jqgm,2022-05-03T15:47:01.368Z,"14 km SE of Dhekiajuli, India",earthquake,,2.4,,92,reviewed,us,us
2012-08-19T19:04:57.560Z,26.561,92.622,57,4,mb,18,120.3,,0.84,us,usp000jqh4,2014-11-07T01:48:35.938Z,"18 km NE of Dhing, India",earthquake,,9.9,,2,reviewed,us,us
2012-08-23T16:30:21.790Z,28.47,82.69,28.4,5,mb,249,26.1,,0.91,us,usp000jqn6,2022-05-03T15:47:22.205Z,"37 km NE of Besisahar, Nepal",earthquake,,12.1,,141,reviewed,us,us
2012-08-24T00:17:14.790Z,28.385,82.618,35,4,mb,15,97.5,,0.94,us,usp000jqnk,2014-11-07T01:48:36.756Z,"26 km NE of Besisahar, Nepal",earthquake,,,,1,reviewed,us,us
2012-08-24T03:55:53.620Z,28.343,82.607,35,4.4,mb,32,146.5,,1.12,us,usp000jqnr,2014-11-07T01:48:36.764Z,"22 km ENE of Besisahar, Nepal",earthquake,,,,6,reviewed,us,us
2012-08-28T08:31:24.490Z,28.848,82.022,10,4.6,mb,31,93,,1.14,us,usp000jqz7,2014-11-07T01:48:38.608Z,"30 km E of Dailekh, Nepal",earthquake,,,,12,reviewed,us,us
2012-09-15T23:12:12.790Z,30.033,91.998,10,4,mb,11,107.4,,0.48,us,usp000jscu,2014-11-07T01:48:51.920Z,"96 km ENE of Lhasa, China",earthquake,,,,1,reviewed,us,us
2012-09-18T12:26:25.280Z,27.33,88.642,42.2,4.6,mb,56,115.1,,0.74,us,usp000jshq,2014-11-07T01:48:52.702Z,"2 km E of Gangtok, India",earthquake,,6.4,,16,reviewed,us,us
2012-09-24T06:52:37.760Z,30.987,84.444,34,4.2,mb,36,144.8,,0.92,us,usp000jsvp,2014-11-07T01:48:54.442Z,"199 km NNW of Saga, China",earthquake,,15.2,,8,reviewed,us,us
2012-10-02T18:37:38.700Z,26.879,92.818,36.8,5.2,mb,258,22.5,,0.84,us,usp000jte2,2015-03-24T01:33:08.698Z,"15 km ENE of Rang?p?ra, India",earthquake,,,,149,reviewed,us,us
2012-10-02T18:40:42.920Z,26.953,92.994,35,4.6,mb,61,67.5,,0.96,us,usp000jte5,2014-11-07T01:49:01.143Z,"34 km ENE of Rang?p?ra, India",earthquake,,,,22,reviewed,us,us
2012-10-02T18:51:38.010Z,26.913,92.939,37.8,4.5,mb,67,50.4,,0.79,us,usp000jte6,2014-11-07T01:49:01.153Z,"28 km ENE of Rang?p?ra, India",earthquake,,,,23,reviewed,us,us
2012-10-08T17:46:20.670Z,31.832,78.444,10,4.9,mb,61,51.3,,0.98,us,usp000jtrg,2022-05-03T15:51:41.767Z,"71 km ENE of Sar?han, India",earthquake,,,,16,reviewed,us,us
2012-10-10T05:29:56.710Z,26.064,96.368,52.6,4.2,mb,28,114.3,,0.65,us,usp000jttc,2014-11-07T01:49:04.291Z,"46 km WSW of Sarupathar, India",earthquake,,9.1,,6,reviewed,us,us
2012-10-20T18:27:09.840Z,28.319,91.838,25.9,4.2,mb,27,114.3,,0.99,us,usp000ju7f,2014-11-07T01:49:07.219Z,"82 km N of Tawang, India",earthquake,,20.3,,7,reviewed,us,us
2012-10-24T21:07:40.670Z,28.858,94.39,10,4,mb,19,112.9,,1.02,us,usp000judc,2014-11-07T01:49:08.448Z,"36 km N of Shi Yomi, India",earthquake,,,,5,reviewed,us,us
2012-10-30T01:40:26.490Z,26.117,92.337,62,4.6,mb,36,102,,0.67,us,usp000jus2,2014-11-07T01:49:11.684Z,"14 km S of Morigaon, India",earthquake,,6.2,,6,reviewed,us,us
2012-11-05T13:08:00.030Z,28.447,86.187,77.8,4.5,mb,71,38.9,,1.04,us,usp000jv2d,2015-03-24T01:47:47.524Z,"58 km NNE of Kod?ri??, Nepal",earthquake,,,,26,reviewed,us,us
2012-11-11T18:39:23.680Z,29.46,81.479,37.1,4.8,mb,87,46.1,,1.11,us,usp000jvda,2015-03-24T02:29:52.458Z,"56 km ENE of Dipayal, Nepal",earthquake,,6.2,,14,reviewed,us,us
2012-11-27T12:15:16.870Z,30.9,78.422,23.4,4.4,mb,73,51.7,,0.79,us,usp000jw4z,2015-03-24T01:34:25.224Z,"18 km N of Uttark?shi, India",earthquake,,9.4,,31,reviewed,us,us
2012-11-30T19:39:30.580Z,27.22,88.2,25,4.7,mb,84,116.4,,0.92,us,usp000jw9j,2015-03-24T02:15:46.918Z,"9 km SW of Gyalshing, India",earthquake,,11.3,,30,reviewed,us,us
2012-12-21T02:23:49.360Z,28.567,88.536,45.3,4.2,mb,56,130.8,,0.83,us,usp000jx76,2014-11-07T01:49:38.177Z,"82 km SSW of Rikaze, China",earthquake,,7.7,,11,reviewed,us,us
2013-01-02T17:42:16.670Z,29.368,81.199,10,4.7,mb,87,56.6,,1.01,us,usc000eif1,2014-11-07T01:49:44.723Z,"27 km ENE of Dipayal, Nepal",earthquake,,,,26,reviewed,us,us
2013-01-05T13:41:34.020Z,31.318,86.582,35,4.8,mb,103,51,,0.89,us,usp000jxw7,2014-11-07T01:49:46.703Z,"256 km NNE of Saga, China",earthquake,,,,47,reviewed,us,us
2013-01-07T05:32:42.820Z,28.216,94.242,10,4.2,mb,35,63.6,,0.84,us,usp000jy0m,2014-11-07T01:49:47.391Z,"37 km SSW of Shi Yomi, India",earthquake,,,,10,reviewed,us,us
2013-01-09T07:44:17.110Z,29.694,81.711,15.3,5,mb,195,33.9,,0.98,us,usp000jy41,2022-05-03T16:03:05.847Z,"65 km NW of Jumla, Nepal",earthquake,,9.4,,91,reviewed,us,us
2013-01-17T20:59:51.070Z,29.412,81.429,39.1,4.5,mb,14,172.8,,1.48,us,usp000jyhf,2014-11-07T01:49:51.134Z,"50 km ENE of Dipayal, Nepal",earthquake,,17.2,,1,reviewed,us,us
2013-02-11T10:48:52.100Z,30.969,78.268,10,4.6,mb,105,84.6,,0.94,us,usc000f5fv,2022-07-24T17:54:13.828Z,"18 km NNE of Barkot, India",earthquake,,,,35,reviewed,us,us
2013-02-21T23:39:36.990Z,29.921,87.994,21.4,4.2,mb,18,143.2,,0.79,us,us2013lxca,2014-11-07T01:50:10.602Z,"113 km NW of Rikaze, China",earthquake,,21.6,,1,reviewed,us,us
2013-02-24T15:16:42.440Z,29.945,94.95,35,4,mb,14,212.9,,0.95,us,us2013maat,2014-11-07T01:50:11.380Z,"166 km NNE of Shi Yomi, India",earthquake,,,,7,reviewed,us,us
2013-03-06T16:49:46.540Z,28.758,82.294,10,5,mb,135,70.8,,0.89,us,us2013mka1,2022-05-03T16:10:20.140Z,"57 km E of Dailekh, Nepal",earthquake,,,,63,reviewed,us,us
2013-03-17T04:17:39.470Z,29.101,95.869,27,4.4,mb,46,67.7,,0.75,us,us2013mwaf,2014-11-07T01:50:21.146Z,"126 km NNE of P?sigh?t, India",earthquake,,,,11,reviewed,us,us
2013-04-06T18:36:44.250Z,30.039,88.051,35,4.6,mb,74,48,,1.06,us,usb000g1eh,2014-11-07T01:50:31.425Z,"118 km NW of Rikaze, China",earthquake,,6.2,,56,reviewed,us,us
2013-04-16T01:23:23.420Z,26.06,91.979,43.8,4.4,mb,61,63,,1.14,us,usb000g7ns,2022-07-24T23:37:52.889Z,"19 km ESE of Dispur, India",earthquake,,8.9,,34,reviewed,us,us
2013-04-16T08:34:14.090Z,28.887,95.15,39.5,5.2,mb,230,15,,0.57,us,usb000g7uy,2014-11-07T01:50:34.430Z,"Arunachal Pradesh, India",earthquake,,3.4,,180,reviewed,us,us
2013-04-19T06:35:52.970Z,27.333,87.853,47.1,4.2,mb,17,169,,1.03,us,us2013pedr,2014-11-07T01:50:35.824Z,"40 km W of Gyalshing, India",earthquake,,9.5,,6,reviewed,us,us
2013-04-27T03:17:13.120Z,27.608,92.992,28.9,4.1,mb,27,152.3,,0.78,us,us2013pmcc,2014-11-07T01:50:39.006Z,"67 km NE of Bomdila, India",earthquake,,17.5,,5,reviewed,us,us
2013-04-27T05:16:56.250Z,27.513,92.644,28.3,4.4,mb,43,74,,0.9,us,us2013pmce,2014-11-07T01:50:39.021Z,"35 km NE of Bomdila, India",earthquake,,6,,33,reviewed,us,us
2013-05-13T22:22:05.300Z,31.494,86.375,10,4.1,mb,16,139.3,,1.47,us,us2013qdcx,2014-11-07T01:50:48.084Z,"264 km NNE of Saga, China",earthquake,,,,3,reviewed,us,us
2013-05-14T09:59:19.630Z,29.4,82.015,35,4,mb,37,146,,1.36,us,usp000k0pq,2014-11-07T01:50:48.203Z,"21 km NW of Jumla, Nepal",earthquake,,3,,14,reviewed,us,us
2013-05-15T10:54:28.740Z,31.414,86.589,27.5,5.1,mb,171,35,,0.69,us,usc000gx7a,2022-05-03T16:18:23.770Z,"266 km NNE of Saga, China",earthquake,,3.9,,147,reviewed,us,us
2013-05-16T03:34:16.800Z,31.504,86.604,25.3,5.2,mb,119,28,,1.22,us,usp000k0qg,2022-05-03T16:18:30.786Z,"275 km NNE of Saga, China",earthquake,,3.9,,147,reviewed,us,us
2013-05-16T03:37:45.160Z,31.241,86.407,26.4,4.4,mb,28,74,,0.84,us,usp000k0qh,2014-11-07T01:50:48.795Z,"241 km NNE of Saga, China",earthquake,,5.2,,16,reviewed,us,us
2013-05-16T03:39:49.680Z,31.377,86.512,24.3,4.7,mb,93,41,,0.83,us,usp000k0qj,2014-11-07T01:50:48.798Z,"259 km NNE of Saga, China",earthquake,,4.4,,59,reviewed,us,us
2013-05-16T04:34:36.480Z,31.47,86.687,26.3,4,mb,27,138,,1.35,us,usp000k0qm,2014-11-07T01:50:48.808Z,"276 km NNE of Saga, China",earthquake,,5.4,,15,reviewed,us,us
2013-05-17T06:01:57.600Z,31.477,86.513,27.6,4.4,mb,55,110,,0.92,us,usb000gxhx,2014-11-07T01:50:49.196Z,"268 km NNE of Saga, China",earthquake,,4.9,,27,reviewed,us,us
2013-05-17T06:35:26.170Z,31.357,86.321,27,4.1,mb,19,147,,0.98,us,us2013qhcv,2014-11-07T01:50:49.206Z,"248 km NNE of Saga, China",earthquake,,5.8,,3,reviewed,us,us
2013-06-28T11:40:49.440Z,28.655,82.279,24.8,5,mb,137,35,,0.54,us,usb000i2gf,2022-07-25T17:29:58.855Z,"48 km NNW of Besisahar, Nepal",earthquake,,4.4,,115,reviewed,us,us
2013-07-11T18:48:12.420Z,29.094,95.935,26.4,4.2,mb,9,138,,0.5,us,usp000k1wu,2014-11-07T01:51:15.537Z,"127 km NNW of Hayuliang, India",earthquake,,7.8,,1,reviewed,us,us
2013-07-12T07:01:32.200Z,26.267,90.7,48.2,4.1,mb,12,166,,0.63,us,usp000k1xk,2014-11-07T01:51:15.636Z,"6 km SSE of Abhay?puri, India",earthquake,,13.3,,8,reviewed,us,us
2013-07-15T19:39:44.060Z,28.383,87.599,52.5,4.7,mb,74,75,,1.01,us,usp000k21s,2014-11-07T01:51:16.621Z,"90 km ENE of Lobujya, Nepal",earthquake,,5.4,,56,reviewed,us,us
2013-07-16T12:06:40.180Z,30.062,92.018,10,4.2,mb,34,89,,1.25,us,usp000k22h,2014-11-07T01:51:16.880Z,"99 km ENE of Lhasa, China",earthquake,,1.9,,24,reviewed,us,us
2013-08-02T20:42:36.260Z,29.9248,87.8236,29.42,4.2,mb,,126,2.879,0.97,us,usb000iucq,2013-09-25T17:45:51.000Z,"127 km NW of Rikaze, China",earthquake,,5.4,0.115,,reviewed,us,us
2013-08-04T23:14:10.160Z,28.2703,87.1352,35.51,4.3,mb,,138,3.777,1.05,us,usb000j2ul,2013-09-25T17:45:52.000Z,"47 km NE of Lobujya, Nepal",earthquake,,3,0.118,,reviewed,us,us
2013-08-06T15:31:22.080Z,31.4444,86.4483,8.91,5.2,mb,,39,4.392,0.65,us,usb000iwfd,2022-05-03T16:25:14.738Z,"262 km NNE of Saga, China",earthquake,,3.6,0.052,,reviewed,us,us
2013-08-06T16:13:53.220Z,31.4676,86.4892,10,4.8,mb,,54,4.368,1.07,us,usb000iwhg,2013-10-12T21:32:30.000Z,"266 km NNE of Saga, China",earthquake,,1.8,0.076,,reviewed,us,us
2013-08-11T12:40:05.960Z,30.0628,97.9753,10,4.8,mb,,56,5.957,0.96,us,usb000j0nw,2013-10-12T21:32:35.000Z,"140 km SSE of Qamdo, China",earthquake,,1.8,0.057,,reviewed,us,us
2013-08-11T21:23:41.310Z,30.0464,97.9565,6,5.7,mww,,12,5.94,0.94,us,usb000j0t5,2022-05-03T16:51:55.603Z,"141 km SSE of Qamdo, China",earthquake,,1,,,reviewed,us,us
2013-08-11T23:48:18.940Z,29.976,97.9127,10,4.9,mb,,23,10.034,0.81,us,usb000j0uv,2022-05-03T16:25:28.389Z,"146 km SSE of Qamdo, China",earthquake,,1.8,0.039,,reviewed,us,us
2013-08-11T23:58:46.250Z,30.0761,97.9241,10,5.1,mb,,23,5.913,0.71,us,usb000j0v3,2022-05-03T16:25:29.497Z,"136 km SSE of Qamdo, China",earthquake,,1.6,0.036,,reviewed,us,us
2013-08-12T02:58:47.430Z,30.0382,97.9372,10,4.4,mb,,76,5.923,0.8,us,usb000j0xw,2013-10-12T21:32:38.000Z,"141 km SSE of Qamdo, China",earthquake,,1.9,0.13,,reviewed,us,us
2013-08-12T07:26:45.650Z,29.9642,97.8799,10,4.3,mb,,129,5.872,0.49,us,usb000j7pr,2013-10-12T21:32:38.000Z,"145 km SSE of Qamdo, China",earthquake,,1.9,0.218,,reviewed,us,us
2013-08-12T08:09:38.190Z,30.1514,97.9591,10.03,4.9,mb,,87,5.946,0.83,us,usb000j10g,2022-05-03T16:25:30.598Z,"131 km SE of Qamdo, China",earthquake,,1.8,0.058,,reviewed,us,us
2013-08-13T14:25:40.470Z,30.0977,97.9974,25.46,4.4,mb,,72,5.977,0.61,us,usb000j24h,2013-10-19T02:41:41.000Z,"138 km SE of Qamdo, China",earthquake,,5.7,0.144,,reviewed,us,us
2013-08-21T06:57:21.490Z,26.6306,92.5269,54.4,4.2,mb,,87,1.219,1.13,us,usb000j80x,2013-10-25T20:09:26.000Z,"9 km SSE of Dhekiajuli, India",earthquake,,8,0.152,,reviewed,us,us
2013-08-21T08:41:51.110Z,26.6379,92.5235,53.17,4.2,mb,,98,1.223,0.93,us,usb000j81c,2013-10-25T20:09:27.000Z,"8 km SSE of Dhekiajuli, India",earthquake,,8.4,0.159,,reviewed,us,us
2013-08-26T11:03:47.320Z,30.06,97.92,51.91,4.4,mb,,56,5.909,0.39,us,usb000jbv4,2013-10-25T20:10:13.000Z,"138 km SSE of Qamdo, China",earthquake,,4.4,0.079,,reviewed,us,us
2013-08-30T17:48:42.980Z,28.1613,85.8966,54.65,4.9,mb,,37,0.681,1.09,us,usb000jdvj,2022-07-25T21:27:30.464Z,"23 km NNW of Kod?ri??, Nepal",earthquake,,5,0.049,,reviewed,us,us
2013-08-30T18:02:28.820Z,28.0742,85.7479,45.78,4.1,mb,,169,4.987,0.8,us,usc000jqrn,2013-11-06T01:33:34.000Z,"24 km WNW of Kod?ri??, Nepal",earthquake,,7.6,0.107,,reviewed,us,us
2013-08-31T21:06:34.490Z,28.7788,94.4454,29.91,4.5,mb,,72,3.042,0.73,us,usb000jehx,2013-11-06T01:33:37.000Z,"28 km NNE of Shi Yomi, India",earthquake,,5.3,0.061,,reviewed,us,us
2013-09-09T11:58:16.360Z,27.1438,92.3593,10,4.5,mb,,53,1.634,0.9,us,usb000jm0y,2013-11-15T03:20:29.000Z,"14 km SSW of Bomdila, India",earthquake,,1.8,0.088,,reviewed,us,us
2013-09-15T22:27:59.880Z,30.9206,83.2204,32.81,4.4,mb,,111,6.942,1.16,us,usc000jv2z,2013-11-19T17:38:07.000Z,"208 km ENE of Burang, China",earthquake,,3.4,0.086,,reviewed,us,us
2013-09-22T00:42:44.580Z,31.4853,86.5844,12.62,4.2,mb,,82,4.3,1.41,us,usb000k0t2,2013-12-09T21:11:12.000Z,"272 km NNE of Saga, China",earthquake,,4.3,0.175,,reviewed,us,us
2013-10-03T06:12:39.140Z,27.2898,88.4022,9.87,5.2,mb,,37,3.395,0.61,us,usb000k57j,2022-07-25T23:12:46.780Z,"11 km WNW of Singtam, India",earthquake,,2.4,0.044,,reviewed,us,us
2013-10-07T20:53:58.620Z,26.2602,92.9225,7.87,4.2,mb,,64,1.183,1.04,us,usb000kdfs,2013-12-19T02:51:38.000Z,"29 km NNE of Hoj?i, India",earthquake,,4.7,0.175,,reviewed,us,us
2013-10-16T00:26:17.710Z,31.9488,95.3883,15.16,4.1,mb,,113,4.294,0.94,us,usc000kpa8,2013-12-30T23:41:10.000Z,"192 km WNW of Qamdo, China",earthquake,,5.9,0.184,,reviewed,us,us
2013-10-29T18:09:15.470Z,27.2426,91.3813,38.19,4.3,mb,,119,1.722,0.75,us,usc000kqwk,2014-01-10T10:03:35.000Z,"14 km ESE of Mongar, Bhutan",earthquake,,7,0.096,,reviewed,us,us
2013-11-03T06:47:22.450Z,29.3825,81.8689,38.58,4,mb,,163,8.071,0.61,us,usb000kry6,2014-01-10T10:03:44.000Z,"32 km WNW of Jumla, Nepal",earthquake,,10.2,0.183,,reviewed,us,us
2013-11-06T04:16:16.060Z,26.4118,93.6451,34.32,5.4,mb,,25,1.816,0.96,us,usb000ktbm,2022-07-26T01:04:27.812Z,"24 km SSW of Num?ligarh, India",earthquake,,2.4,0.045,,reviewed,us,us
2013-11-06T04:19:20.640Z,26.3701,93.5345,46.84,4.8,mb,,57,1.709,0.88,us,usb000kylc,2014-01-17T00:29:09.000Z,"30 km SSW of Bok?kh?t, India",earthquake,,7.3,0.121,,reviewed,us,us
2013-11-12T20:41:38.020Z,30.0107,97.1641,44.67,4.4,mb,,57,5.252,0.83,us,usb000kwdx,2014-01-31T21:22:17.000Z,"124 km S of Qamdo, China",earthquake,,7.4,0.082,,reviewed,us,us
2013-11-27T17:29:33.670Z,26.2586,96.153,89.8,4.5,mb,,95,3.93,0.81,us,usb000la0x,2014-02-12T01:08:35.000Z,"65 km W of Sarupathar, India",earthquake,,10.3,0.181,,reviewed,us,us
2013-11-29T01:54:49.070Z,28.8721,95.8701,35.15,5,mb,,40,4.225,0.63,us,usb000l7uv,2022-07-26T02:40:25.125Z,"103 km NNE of P?sigh?t, India",earthquake,,3.8,0.056,,reviewed,us,us
2013-12-04T13:05:19.880Z,26.5885,89.5628,13.6,4.7,mb,,73,2.299,0.87,us,usb000lb7b,2022-07-26T02:59:33.636Z,"12 km NNE of Al?pur Du?r, India",earthquake,,2,0.076,,reviewed,us,us
2013-12-08T14:19:43.030Z,27.7317,87.6012,44.81,4,mb,,141,3.667,0.94,us,usc000li6l,2014-02-15T01:32:13.000Z,"55 km NE of Kh??db?ri??, Nepal",earthquake,,9.6,0.163,,reviewed,us,us
2014-01-10T21:40:36.000Z,28.2474,93.3721,15.05,4.1,mb,,65,2.444,1.19,us,usb000m7f8,2014-03-15T03:39:02.000Z,"85 km NNW of Ziro, India",earthquake,,4.3,0.127,19,reviewed,us,us
2014-01-16T17:47:34.950Z,31.8719,90.2824,46.49,4.8,mb,,67,6.432,0.84,us,usb000m292,2022-05-03T16:37:42.005Z,"173 km WNW of Nagqu, China",earthquake,,4.5,0.069,65,reviewed,us,us
2014-02-06T15:07:53.130Z,27.4652,96.9988,47.88,4.5,mb,,75,4.98,0.94,us,usc000mj84,2014-04-22T18:30:06.000Z,"80 km SSE of Hayuliang, India",earthquake,,7.8,0.106,28,reviewed,us,us
2014-02-23T17:04:52.940Z,27.013,92.5521,53.66,4.4,mb,,67,1.57,0.96,us,usc000mx12,2022-07-26T07:57:52.238Z,"22 km NNW of Rang?p?ra, India",earthquake,,7,0.091,35,reviewed,us,us
2014-03-07T08:41:57.120Z,31.6755,91.1309,15.49,4.7,mb,,53,1.966,0.98,us,usc000n4qy,2014-05-15T02:23:26.000Z,"90 km WNW of Nagqu, China",earthquake,,3.5,0.06,92,reviewed,us,us
2014-03-28T03:09:53.690Z,26.4089,95.8483,97.33,4.1,mb,,114,3.689,0.83,us,usc000nu6m,2014-05-29T23:32:06.000Z,"72 km SSE of Khonsa, India",earthquake,,7.5,0.157,20,reviewed,us,us
2014-03-30T17:10:14.880Z,31.3961,86.4624,13.47,5.3,mb,,35,4.363,1.11,us,usc000nx0f,2022-05-03T16:46:32.039Z,"258 km NNE of Saga, China",earthquake,,3.6,0.052,129,reviewed,us,us
2014-03-30T17:58:10.320Z,31.4096,86.4486,25.85,4.2,mb,,43,4.378,0.97,us,usc000nx1a,2014-05-29T23:32:09.000Z,"259 km NNE of Saga, China",earthquake,,2.9,0.136,16,reviewed,us,us
2014-04-01T17:45:04.700Z,26.2313,92.9947,41.23,4.4,mb,,78,3.746,0.96,us,usc000nz4i,2014-05-29T23:32:12.000Z,"28 km NNE of Hoj?i, India",earthquake,,8.1,0.082,47,reviewed,us,us
2014-04-12T16:33:03.760Z,31.498,86.4077,27.65,4.1,mb,,87,4.444,0.91,us,usc000phn5,2014-07-01T02:38:00.000Z,"266 km NNE of Saga, China",earthquake,,5.4,0.151,13,reviewed,us,us
2014-05-18T19:33:55.750Z,26.4109,92.9493,52.02,4.2,mb,,86,1.294,1.14,us,usb000qtv9,2014-08-09T02:53:48.000Z,"28 km SSE of Tezpur, India",earthquake,,9.4,0.236,5,reviewed,us,us
2014-05-30T06:37:48.980Z,26.5567,90.227,10,4,mb,,146,1.766,1.15,us,usc000rgqv,2014-08-26T01:21:04.000Z,"17 km NNW of Kokrajhar, India",earthquake,,1.9,0.129,16,reviewed,us,us
2014-06-07T06:40:52.840Z,30.2645,81.6031,27.1,4.5,mb,,88,7.844,1.09,us,usc000rity,2014-08-30T17:03:01.000Z,"41 km E of Burang, China",earthquake,,4.4,0.18,9,reviewed,us,us
2014-06-11T00:48:25.160Z,31.3833,86.3077,10,4,mb,,140,4.481,1.32,us,usc000rdqf,2014-09-12T15:47:10.000Z,"250 km NNE of Saga, China",earthquake,,1.9,0.156,13,reviewed,us,us
2014-06-13T16:16:26.220Z,29.3624,86.2519,15.43,4,mb,,97,4.261,1.12,us,usc000rf4z,2014-09-12T15:47:26.000Z,"99 km E of Saga, China",earthquake,,2.3,0.164,13,reviewed,us,us
2014-06-14T05:24:27.440Z,26.8748,92.5167,10,4.3,mb,,91,3.072,1.21,us,usc000rfff,2014-09-12T15:47:28.000Z,"15 km WNW of Rang?p?ra, India",earthquake,,1.9,0.142,18,reviewed,us,us
2014-07-03T11:35:00.300Z,30.2451,80.3384,35,4,mb,,167,6.9,1.3,us,usb000rvy7,2014-10-04T19:59:52.000Z,"western Xizang-India border region",earthquake,,2,0.211,6,reviewed,us,us
2014-07-06T14:48:13.060Z,30.3227,80.3415,43.73,4.1,mb,,146,6.862,1.11,us,usc000rqyt,2014-10-04T19:59:57.000Z,"55 km NNW of Dh?rchula, India",earthquake,,6.9,0.213,7,reviewed,us,us
2014-07-07T16:37:12.900Z,29.4202,81.099,16.32,4.4,mb,,130,7.901,0.88,us,usb000rv4l,2014-10-04T19:59:59.000Z,"23 km NE of Dipayal, Nepal",earthquake,,5.5,0.179,14,reviewed,us,us
2014-07-11T23:05:23.300Z,30.9429,86.3943,12.25,4.1,mb,,142,4.274,1.29,us,usb000rs8i,2014-10-10T08:02:13.000Z,"211 km NNE of Saga, China",earthquake,,4,0.101,27,reviewed,us,us
2014-07-22T20:54:41.200Z,26.0035,89.7033,16.03,4.3,mb,,147,1.988,0.8,us,usb000rz7m,2014-10-17T21:12:15.000Z,"4 km NNE of Nageswari, Bangladesh",earthquake,,3.5,0.169,11,reviewed,us,us
2014-07-22T22:58:29.150Z,26.0259,89.5651,8.4,4.2,mb,,127,2.115,0.82,us,usb000rwbn,2014-10-17T21:12:15.000Z,"14 km WNW of Nageswari, Bangladesh",earthquake,,3.4,0.104,38,reviewed,us,us
2014-07-22T23:35:15.370Z,26.2364,89.5355,14.91,4,mb,,146,2.193,1.26,us,usb000rwbx,2014-10-17T21:12:15.000Z,"13 km SE of Koch Bih?r, India",earthquake,,5.2,0.156,16,reviewed,us,us
2014-08-03T05:46:22.020Z,29.1576,85.322,10,4.3,mb,,100,5.092,0.81,us,usb000s2vj,2014-10-29T19:52:58.000Z,"20 km SSE of Saga, China",earthquake,,1.9,0.101,28,reviewed,us,us
2014-08-03T05:57:30.560Z,29.2757,85.4967,10,5.2,mb,,38,4.926,0.61,us,usb000rzm0,2022-05-03T16:58:08.308Z,"26 km ESE of Saga, China",earthquake,,1.7,0.041,199,reviewed,us,us
2014-08-20T08:05:03.110Z,27.5614,92.5625,38.3,4.1,mb,,110,2.084,0.66,us,usc000s8xh,2014-11-22T02:06:23.000Z,"Arunachal Pradesh, India",earthquake,11.6,9.6,0.214,11,reviewed,us,us
2014-08-22T15:59:36.390Z,28.0356,87.7815,59.96,4.4,mb,,163,3.371,0.72,us,usb000s5e9,2014-11-22T02:06:26.000Z,"92 km NE of Kh??db?ri??, Nepal",earthquake,9.5,9.1,0.149,13,reviewed,us,us
2014-08-24T08:29:31.740Z,30.0384,79.9591,10,4.4,mb,,68,6.734,0.81,us,usb000s5ta,2014-11-22T02:06:32.000Z,"28 km NE of B?geshwar, India",earthquake,8.7,1.9,0.11,24,reviewed,us,us
2014-08-29T11:01:21.720Z,29.8382,87.8748,25.32,4.2,mb,,140,5.527,1.39,us,usb000sb0s,2014-11-29T00:09:20.000Z,"117 km WNW of Rikaze, China",earthquake,10.8,5.4,0.12,24,reviewed,us,us
2014-09-13T03:31:26.050Z,27.737,92.9356,51.18,4.1,mb,,59,2.367,0.68,us,usb000sfhk,2014-12-08T23:30:58.040Z,"72 km NE of Bomdila, India",earthquake,8.4,8.2,0.185,14,reviewed,us,us
2014-09-21T01:46:09.280Z,29.8495,95.2495,26.68,4.1,mb,,114,3.586,0.95,us,usb000shqs,2014-12-19T00:05:24.040Z,"169 km NNE of Shi Yomi, India",earthquake,13.8,7.3,0.175,12,reviewed,us,us
2014-09-21T06:31:20.640Z,29.8636,95.3383,24.81,4,mb,,115,3.664,0.82,us,usb000shr0,2014-12-19T00:05:24.040Z,"175 km NNE of Shi Yomi, India",earthquake,8.4,7.7,0.196,12,reviewed,us,us
2014-10-01T18:52:43.750Z,30.4289,82.1111,44.3,4.2,mb,,163,7.847,0.99,us,usb000skrn,2014-12-23T01:41:57.040Z,"91 km E of Burang, China",earthquake,10.2,8.4,0.124,22,reviewed,us,us
2014-10-17T09:44:50.750Z,27.1694,97.0744,10,4.7,mb,,84,4.945,0.74,us,usb000snbu,2015-01-15T20:03:29.040Z,"109 km NNE of Sarupathar, India",earthquake,6.5,1.7,0.076,56,reviewed,us,us
2014-10-24T05:56:45.470Z,27.8491,91.8364,10,4.3,mb,,63,1.949,0.84,us,usb000sq9f,2015-01-17T01:25:35.040Z,"31 km NNW of Tawang, India",earthquake,6.3,1.9,0.117,22,reviewed,us,us
2014-10-29T13:57:16.430Z,31.0958,86.5364,29.52,4.3,mb,,153,4.201,0.41,us,usc000swaw,2015-01-20T09:03:00.040Z,"233 km NNE of Saga, China",earthquake,10.8,5.6,0.217,8,reviewed,us,us
2014-11-02T05:41:04.300Z,26.7052,94.045,57.37,4.3,mb,,56,2.27,0.66,us,usc000sx9z,2015-01-20T09:03:10.040Z,"7 km E of Dergaon, India",earthquake,7.3,4.8,0.154,15,reviewed,us,us
2014-11-17T02:06:37.150Z,27.5222,90.3078,31.87,4.2,mb,,153,2.289,0.41,us,usb000t235,2015-02-12T01:42:52.040Z,"19 km W of Trongsa, Bhutan",earthquake,10.6,6,0.186,10,reviewed,us,us
2014-11-25T15:49:07.720Z,28.2061,84.7414,21.05,4.4,mb,,135,5.79,0.68,us,usb000szw6,2015-02-18T03:30:59.040Z,"65 km NNE of Bharatpur, Nepal",earthquake,10,5.1,0.085,47,reviewed,us,us
2014-12-04T23:53:51.870Z,26.886,92.6206,53.1,4.6,mb,,61,1.482,0.73,us,usc000t3w5,2022-07-27T09:35:33.509Z,"7 km NW of Rang?p?ra, India",earthquake,4.4,6.5,0.047,136,reviewed,us,us
2014-12-06T04:27:42.580Z,30.6685,80.0267,10,4.1,mb,,175,6.455,1.36,us,usc000t88g,2015-02-28T02:16:10.040Z,"western Xizang-India border region",earthquake,9.6,1.9,0.521,3,reviewed,us,us
2014-12-18T15:32:12.950Z,27.7395,86.3702,33.6,5,mb,,40,4.612,0.84,us,usc000t7wj,2022-07-27T10:57:44.431Z,"34 km WSW of Namche Bazar, Nepal",earthquake,7.2,4.3,0.054,110,reviewed,us,us
2014-12-26T07:08:09.590Z,28.5278,87.3541,57.27,4.9,mb,,62,3.502,0.84,us,usc000ta1g,2015-03-17T02:37:13.040Z,"82 km NE of Lobujya, Nepal",earthquake,8.6,5.3,0.061,87,reviewed,us,us
2014-12-29T17:26:57.600Z,26.2946,91.6204,45.02,4,mb,,131,0.755,0.68,us,usc000taqh,2022-07-27T11:58:39.837Z,"10 km ENE of H?jo, India",earthquake,8.8,4.9,0.13,16,reviewed,us,us
2015-01-05T19:41:44.280Z,28.8652,81.6126,34.47,4.2,mb,,98,8.351,0.79,us,usc000tbwx,2015-03-27T07:02:04.040Z,"9 km WNW of Dailekh, Nepal",earthquake,10.9,4.3,0.124,18,reviewed,us,us
2015-01-18T13:09:51.220Z,26.0195,95.5982,78.99,4.2,mb,,110,3.403,0.9,us,usc000tgy8,2015-04-20T16:05:33.040Z,"82 km ESE of Tuensang, India",earthquake,8.8,14.5,0.167,10,reviewed,us,us
2015-01-22T03:42:38.040Z,29.3853,81.0522,40.66,4,mb,,129,7.887,0.79,us,usc000ti3p,2015-04-24T16:54:57.040Z,"17 km NE of Dipayal, Nepal",earthquake,9.2,6.8,0.15,16,reviewed,us,us
2015-01-31T13:59:45.250Z,28.2987,83.9732,32.41,4.8,mb,,96,6.419,0.82,us,usc000tkl8,2022-07-27T18:09:11.883Z,"3 km N of Pokhara, Nepal",earthquake,9.7,5.3,0.08,54,reviewed,us,us
2015-02-01T16:00:48.230Z,26.4166,93.3551,45.22,4.2,mb,,100,1.592,0.86,us,usc000tkr7,2022-07-27T22:11:33.935Z,"34 km SW of Bok?kh?t, India",earthquake,9.7,7.3,0.124,22,reviewed,us,us
2015-02-13T22:21:52.220Z,31.215,80.3855,29.91,4.1,mb,,145,6.488,0.71,us,usb000tpa2,2015-05-11T23:20:13.040Z,"107 km NE of Josh?math, India",earthquake,8.9,6.5,0.151,13,reviewed,us,us
2015-02-14T00:44:36.430Z,31.3449,80.3877,32.72,4.2,mb,,111,6.438,0.64,us,usc000trhi,2015-05-11T23:20:13.040Z,"117 km NE of Josh?math, India",earthquake,4.7,6,0.128,20,reviewed,us,us
2015-02-19T09:18:19.650Z,26.5563,96.7339,56.84,4,mb,,121,4.496,0.88,us,usc000trec,2015-05-12T20:29:32.040Z,"39 km N of Sarupathar, India",earthquake,11.8,11.2,0.157,11,reviewed,us,us
2015-04-01T21:23:54.400Z,30.3521,79.5107,10,4.9,mb,,31,6.238,0.52,us,us10001sx7,2022-07-28T05:43:36.289Z,"11 km SE of P?palkoti, India",earthquake,6.9,1.8,0.05,124,reviewed,us,us
2015-04-02T00:56:38.960Z,28.7007,86.3309,57.33,4.6,mb,,75,4.31,0.54,us,us10001szi,2015-06-16T01:00:22.040Z,"89 km NNE of Kod?ri??, Nepal",earthquake,8.6,6.6,0.062,77,reviewed,us,us
2015-04-16T22:05:49.650Z,26.7924,92.7714,35,4.8,mb,,48,1.471,0.64,us,us20002763,2022-07-30T23:34:06.008Z,"11 km ESE of Rang?p?ra, India",earthquake,7.5,1.9,0.045,152,reviewed,us,us
2015-04-21T14:02:15.550Z,28.8947,82.3938,10,5,mb,,35,7.668,0.7,us,us2000281p,2022-07-31T00:32:25.483Z,"46 km SSE of Jumla, Nepal",earthquake,7.9,1.8,0.045,162,reviewed,us,us
2015-04-22T01:29:09.390Z,28.9068,82.5414,10,4.4,mb,,99,3.877,0.98,us,us20002a35,2015-06-26T23:16:01.040Z,"53 km SE of Jumla, Nepal",earthquake,9.9,1.9,0.094,33,reviewed,us,us
2015-04-25T06:11:25.950Z,28.2305,84.7314,8.22,7.8,mww,,12,1.857,0.96,us,us20002926,2025-08-07T10:31:11.955Z,"67 km NNE of Bharatpur, Nepal",earthquake,7.3,2.9,,,reviewed,us,us
2015-04-25T06:15:22.910Z,27.6285,85.5398,10,6.1,mb,,43,1.173,1.02,us,us20002bi4,2024-06-16T23:45:44.729Z,"0 km NNW of Dhulikhel, Nepal",earthquake,8,1.8,0.089,48,reviewed,us,us
2015-04-25T06:18:10.870Z,27.6857,86.0213,10,5.6,mb,,42,0.751,0.76,us,us20002bi0,2024-06-16T23:45:39.737Z,"31 km SSE of Kod?ri??, Nepal",earthquake,7.4,1.9,0.109,30,reviewed,us,us
2015-04-25T06:20:40.340Z,28.2046,84.492,10,5.4,mb,,151,2.064,0.88,us,us20002bi6,2022-05-03T17:22:49.242Z,"Nepal",earthquake,4.3,1.9,0.13,20,reviewed,us,us
2015-04-25T06:22:02.750Z,27.8006,85.1141,10,5.1,mb,,99,1.511,0.86,us,us20002bhs,2024-01-17T21:09:09.592Z,"21 km NW of Kirtipur, Nepal",earthquake,7.8,1.5,0.131,19,reviewed,us,us
2015-04-25T06:22:23.350Z,27.813,85.448,18,5.26,mw,,,,,iscgem,iscgem607260025,2022-05-03T17:22:52.632Z,"12 km NNW of Nagarkot, Nepal",earthquake,,8.4,0.22,,reviewed,iscgem,iscgem
2015-04-25T06:25:55.260Z,27.687,85.5854,10,5,mb,,58,1.119,0.63,us,us20002bfk,2022-05-03T17:22:53.826Z,"7 km ESE of Nagarkot, Nepal",earthquake,8.3,1.8,0.075,57,reviewed,us,us
2015-04-25T06:28:05.780Z,27.7006,85.5043,10,4.8,mb,,75,1.186,0.96,us,us20002bf2,2022-05-03T17:22:54.929Z,"2 km SW of Nagarkot, Nepal",earthquake,7.9,1.8,0.087,41,reviewed,us,us
2015-04-25T06:29:46.130Z,27.8478,85.0717,10,4.7,mb,,98,1.543,0.58,us,us20002bfi,2015-07-03T00:23:39.040Z,"Nepal",earthquake,8.4,1.9,0.159,12,reviewed,us,us
2015-04-25T06:32:48.870Z,27.7244,85.9479,10,4.6,mb,,128,0.799,1.07,us,us20002bfx,2015-07-03T00:23:39.040Z,"26 km S of Kod?ri??, Nepal",earthquake,8,1.9,0.126,19,reviewed,us,us
2015-04-25T06:37:58.690Z,27.7435,85.8302,10,5.1,mb,,76,0.895,0.65,us,us2000292w,2022-07-31T01:09:42.615Z,"27 km SSW of Kod?ri??, Nepal",earthquake,4.2,1.8,0.057,101,reviewed,us,us
2015-04-25T06:44:39.040Z,27.5862,85.5012,10,4.6,mb,,117,1.219,1.14,us,us20002bim,2015-07-03T00:23:39.040Z,"1 km W of Panauti??, Nepal",earthquake,5,1.9,0.114,23,reviewed,us,us
2015-04-25T06:45:21.320Z,28.2244,84.8216,10,6.6,mww,,16,1.778,0.64,us,us2000292y,2025-02-22T05:33:18.829Z,"71 km NNE of Bharatpur, Nepal",earthquake,7.4,1.7,,,reviewed,us,us
2015-04-25T06:53:42.750Z,27.672,85.2009,10,5,mb,,42,1.455,0.65,us,us20002bf3,2022-05-03T17:22:58.327Z,"7 km W of Kirtipur, Nepal",earthquake,8,1.8,0.095,35,reviewed,us,us
2015-04-25T06:56:33.860Z,27.8822,85.7505,10,5.5,mb,,39,0.942,0.65,us,us20002934,2022-07-31T01:12:49.171Z,"22 km WSW of Kod?ri??, Nepal",earthquake,3,1.8,0.053,123,reviewed,us,us
2015-04-25T06:58:27.570Z,27.7219,86.0061,10,5.1,mb,,76,0.751,0.55,us,us20002bfz,2022-05-03T17:23:00.632Z,"26 km S of Kod?ri??, Nepal",earthquake,6.8,1.8,0.077,55,reviewed,us,us
2015-04-25T07:03:09.350Z,27.4173,86.0237,10,4.4,mb,,110,0.882,0.92,us,us20002bhp,2015-07-03T00:23:39.040Z,"52 km ESE of Dhulikhel, Nepal",earthquake,6,1.9,0.144,14,reviewed,us,us
2015-04-25T07:03:49.750Z,27.964,84.6843,10,4.4,mb,,147,1.881,0.45,us,us20002bg3,2022-07-31T07:16:01.874Z,"40 km NE of Bharatpur, Nepal",earthquake,4.3,1.8,0.084,41,reviewed,us,us
2015-04-25T07:05:00.930Z,28.029,85.3682,10,4.2,mb,,104,1.278,0.68,us,us20002bhk,2015-07-03T00:23:39.040Z,"36 km N of Kathmandu, Nepal",earthquake,5.6,1.8,0.112,22,reviewed,us,us
2015-04-25T07:05:28.010Z,27.9482,85.5837,10,4.3,mb,,97,1.086,0.84,us,us20002bg2,2015-07-03T00:23:39.040Z,"26 km NNE of Nagarkot, Nepal",earthquake,5.8,1.9,0.116,21,reviewed,us,us
2015-04-25T07:07:59.920Z,27.7879,85.914,10,4.9,mb,,57,0.812,0.73,us,us20002939,2022-07-31T01:11:44.856Z,"19 km SSW of Kod?ri??, Nepal",earthquake,6,1.8,0.054,108,reviewed,us,us
2015-04-25T07:13:44.150Z,27.615,85.7307,10,4.8,mb,,105,1.017,0.72,us,us2000293i,2022-07-31T01:10:44.269Z,"18 km E of Dhulikhel, Nepal",earthquake,6.4,1.5,0.07,63,reviewed,us,us
2015-04-25T07:16:55.060Z,27.8818,85.6791,10,4.7,mb,,81,1.005,0.85,us,us2000293d,2015-07-03T00:23:39.040Z,"24 km NE of Nagarkot, Nepal",earthquake,3.1,1.8,0.064,75,reviewed,us,us
2015-04-25T07:20:24.230Z,27.7574,85.3405,10,4,mb,,120,1.317,0.75,us,us20002bf6,2015-07-03T00:23:39.040Z,"6 km NNE of Kathmandu, Nepal",earthquake,6.7,1.9,0.116,20,reviewed,us,us
2015-04-25T07:22:55.740Z,27.8854,85.8478,10,4.2,mb,,149,0.856,0.88,us,us20002bf5,2015-07-03T00:23:39.040Z,"13 km SW of Kod?ri??, Nepal",earthquake,7.4,1.9,0.136,15,reviewed,us,us
2015-04-25T07:23:38.520Z,27.8053,85.8924,10,4.4,mb,,119,0.828,0.73,us,us20002bg5,2015-07-03T00:23:39.040Z,"18 km SSW of Kod?ri??, Nepal",earthquake,7,1.9,0.088,37,reviewed,us,us
2015-04-25T07:33:47.410Z,27.6891,84.9918,10,4.3,mb,,157,1.634,0.77,us,us20002bf8,2015-07-03T00:23:39.040Z,"28 km W of Kirtipur, Nepal",earthquake,8.9,1.9,0.108,24,reviewed,us,us
2015-04-25T07:34:55.190Z,27.9633,85.6099,10,4.3,mb,,166,1.063,0.54,us,us20002bic,2015-07-03T00:23:39.040Z,"28 km NNE of Nagarkot, Nepal",earthquake,7.8,1.9,0.133,16,reviewed,us,us
2015-04-25T07:39:33.970Z,27.6821,85.7383,10,4.5,mb,,99,0.989,0.66,us,us2000293l,2015-07-03T00:23:39.040Z,"20 km ENE of Dhulikhel, Nepal",earthquake,6.5,1.3,0.076,51,reviewed,us,us
2015-04-25T07:47:01.480Z,27.8172,85.5955,10,5,mb,,79,1.085,0.59,us,us2000293p,2022-07-31T01:13:44.729Z,"13 km NNE of Nagarkot, Nepal",earthquake,6.9,1.8,0.052,118,reviewed,us,us
2015-04-25T07:55:44.070Z,27.846,85.4875,10,4.4,mb,,146,1.177,0.65,us,us20002bg8,2015-07-03T00:23:39.040Z,"14 km NNW of Nagarkot, Nepal",earthquake,3.9,1.9,0.088,37,reviewed,us,us
2015-04-25T07:59:14.660Z,27.8426,85.7676,10,4.4,mb,,166,0.931,0.57,us,us20002bfc,2015-07-03T00:23:39.040Z,"22 km SW of Kod?ri??, Nepal",earthquake,5.4,1.9,0.098,30,reviewed,us,us
2015-04-25T08:05:37.950Z,27.8132,85.7943,10,4.6,mb,,104,0.912,0.75,us,us2000293v,2022-07-31T01:14:45.061Z,"22 km SW of Kod?ri??, Nepal",earthquake,5.6,1.4,0.058,90,reviewed,us,us
2015-04-25T08:16:59.230Z,27.7014,85.7563,10,4.9,mb,,76,0.969,0.55,us,us20002942,2022-05-03T17:20:47.163Z,"22 km ENE of Dhulikhel, Nepal",earthquake,6.2,1.8,0.051,123,reviewed,us,us
2015-04-25T08:20:11.160Z,27.8549,85.7931,10,4.7,mb,,82,0.907,0.72,us,us20002944,2015-07-03T00:23:39.040Z,"19 km SW of Kod?ri??, Nepal",earthquake,4.2,1.8,0.063,76,reviewed,us,us
2015-04-25T08:20:48.800Z,27.6429,85.16,10,4.9,mb,,69,1.496,0.79,us,us20002bfd,2022-05-03T17:23:06.480Z,"12 km WSW of Kirtipur, Nepal",earthquake,7.2,1.8,0.057,96,reviewed,us,us
2015-04-25T08:22:47.620Z,27.8166,85.5666,10,4.6,mb,,149,1.111,0.66,us,us20002bik,2015-07-03T00:23:39.040Z,"12 km NNE of Nagarkot, Nepal",earthquake,8.6,1.9,0.1,30,reviewed,us,us
2015-04-25T08:29:24.560Z,27.9351,84.6218,10,5,mb,,99,1.937,0.68,us,us20002946,2022-07-31T01:15:40.894Z,"33 km NNE of Bharatpur, Nepal",earthquake,8.2,1.8,0.05,129,reviewed,us,us
2015-04-25T08:31:32.430Z,27.6708,85.9539,10,4.6,mb,,166,0.812,0.78,us,us20002bgc,2015-07-03T00:23:39.040Z,"32 km S of Kod?ri??, Nepal",earthquake,7.2,1.9,0.107,26,reviewed,us,us
2015-04-25T08:36:05.260Z,27.7292,85.1727,10,4.2,mb,,123,1.469,0.62,us,us20002bgd,2015-07-03T00:23:39.040Z,"Nepal",earthquake,7.8,1.6,0.092,33,reviewed,us,us
2015-04-25T08:49:09.080Z,27.7404,84.8893,10,4.4,mb,,98,1.716,0.63,us,us2000294a,2015-07-03T00:23:39.040Z,"37 km NNW of Hetauda, Nepal",earthquake,5.5,1.7,0.074,53,reviewed,us,us
2015-04-25T08:55:55.960Z,27.5866,85.5058,10,5.3,mb,,41,1.215,0.8,us,us2000294d,2022-07-31T01:16:42.886Z,"0 km WNW of Panauti??, Nepal",earthquake,6.6,1.8,0.045,168,reviewed,us,us
2015-04-25T09:01:51.540Z,27.8084,85.0718,10,4.4,mb,,146,1.547,0.46,us,us20002bfy,2015-07-03T00:23:39.040Z,"24 km NW of Kirtipur, Nepal",earthquake,6.5,1.9,0.144,14,reviewed,us,us
2015-04-25T09:03:14.960Z,27.8743,85.3426,10,4.8,mb,,82,1.302,0.61,us,us2000294e,2015-07-03T00:23:39.040Z,"19 km N of Kathmandu, Nepal",earthquake,7.3,1.8,0.055,102,reviewed,us,us
2015-04-25T09:17:02.310Z,28.3902,87.3173,10,5.7,mb,,22,0.619,0.7,us,us2000294g,2022-07-31T01:17:38.200Z,"69 km NE of Lobujya, Nepal",earthquake,5.8,1.4,0.033,328,reviewed,us,us
2015-04-25T09:22:36.900Z,27.7192,85.7503,10,4.7,mb,,50,0.969,0.81,us,us20002bg6,2015-07-03T00:23:39.040Z,"22 km E of Nagarkot, Nepal",earthquake,5.3,1.9,0.088,39,reviewed,us,us
2015-04-25T09:28:00.080Z,28.0061,85.3104,10,4.4,mb,,77,1.328,0.85,us,us20002bfh,2015-07-03T00:23:39.040Z,"33 km N of Kathmandu, Nepal",earthquake,8.1,1.9,0.1,32,reviewed,us,us
2015-04-25T09:30:29.690Z,27.9945,85.5209,10,4.9,mb,,42,1.142,0.68,us,us2000294i,2022-07-31T01:18:33.237Z,"30 km N of Nagarkot, Nepal",earthquake,6.8,1.8,0.043,173,reviewed,us,us
2015-04-25T09:43:00.840Z,28.0668,84.8842,10,4.4,mb,,159,1.707,0.6,us,us20002bfj,2015-07-03T00:23:40.040Z,"57 km NW of Kirtipur, Nepal",earthquake,8.3,1.8,0.088,37,reviewed,us,us
2015-04-25T09:53:32.600Z,27.5326,85.7255,10,4,mb,,123,1.052,0.59,us,us20002bfn,2015-07-03T00:23:40.040Z,"20 km ESE of Dhulikhel, Nepal",earthquake,7.8,1.7,0.173,11,reviewed,us,us
2015-04-25T10:10:32.840Z,28.2838,84.7255,10,4.2,mb,,57,1.87,0.92,us,us20002bfp,2015-07-03T00:23:40.040Z,"73 km NNE of Bharatpur, Nepal",earthquake,4.6,1.9,0.088,36,reviewed,us,us
2015-04-25T10:23:17.670Z,27.7999,85.8035,10,4.4,mb,,143,0.906,0.8,us,us2000294u,2022-07-31T01:20:34.399Z,"23 km SW of Kod?ri??, Nepal",earthquake,6.5,1.9,0.086,39,reviewed,us,us
2015-04-25T10:40:13.500Z,27.7704,85.8322,10,4.1,mb,,147,0.887,0.65,us,us20002bgn,2015-07-03T00:23:40.040Z,"24 km SSW of Kod?ri??, Nepal",earthquake,3.2,1.9,0.1,29,reviewed,us,us
2015-04-25T10:40:35.550Z,27.6033,85.9565,10,4.8,mb,,43,0.836,0.81,us,us2000294x,2022-07-31T01:21:34.219Z,"Nepal",earthquake,5.9,1.9,0.047,141,reviewed,us,us
2015-04-25T10:50:45.880Z,28.1447,84.6237,10,4.2,mb,,170,1.942,0.28,us,us20002bft,2015-07-03T00:23:40.040Z,"55 km NNE of Bharatpur, Nepal",earthquake,8,1.9,0.2,7,reviewed,us,us
2015-04-25T10:52:00.490Z,27.5075,85.6304,10,4,mb,,137,1.139,0.65,us,us20002bfs,2015-07-03T00:23:40.040Z,"13 km SE of Panauti, Nepal",earthquake,5.7,1.9,0.138,15,reviewed,us,us
2015-04-25T10:53:43.530Z,27.8061,85.8842,10,4.6,mb,,52,0.835,0.75,us,us2000294y,2015-07-03T00:23:40.040Z,"18 km SSW of Kod?ri??, Nepal",earthquake,6,1.9,0.065,70,reviewed,us,us
2015-04-25T11:05:01.240Z,27.933,85.5471,10,4.2,mb,,69,1.119,0.86,us,us2000299g,2015-07-03T00:23:40.040Z,"24 km N of Nagarkot, Nepal",earthquake,8.1,1.9,0.093,32,reviewed,us,us
2015-04-25T11:15:18.020Z,27.6021,86.0505,10,4,mb,,150,0.762,0.81,us,us20002bgq,2015-07-03T00:23:40.040Z,"40 km SSE of Kod?ri??, Nepal",earthquake,5,1.8,0.125,17,reviewed,us,us
2015-04-25T11:18:30.100Z,27.4923,86.0058,10,4.4,mb,,170,0.852,0.48,us,us20002bgp,2015-07-03T00:23:40.040Z,"47 km ESE of Dhulikhel, Nepal",earthquake,7.3,1.9,0.138,15,reviewed,us,us
2015-04-25T11:23:47.560Z,27.6483,85.4309,10,4.5,mb,,46,1.261,0.68,us,us20002bgs,2022-07-31T08:34:33.409Z,"3 km NW of Hari Bdr Tamang House, Nepal",earthquake,8,1.9,0.096,32,reviewed,us,us
2015-04-25T11:41:47.700Z,28.0596,85.0566,10,4.2,mb,,102,1.555,0.77,us,us2000299i,2015-07-03T00:23:40.040Z,"47 km NNW of Kathmandu, Nepal",earthquake,6.2,1.9,0.093,32,reviewed,us,us
2015-04-25T12:01:10.730Z,27.8638,85.9255,10,4.2,mb,,161,0.789,0.69,us,us2000295a,2022-07-31T01:22:25.689Z,"11 km SSW of Kod?ri??, Nepal",earthquake,6.5,1.9,0.098,29,reviewed,us,us
2015-04-25T12:12:14.790Z,27.6645,85.8954,10,4.3,mb,,127,0.862,0.8,us,us2000295c,2015-07-03T00:23:40.040Z,"33 km S of Kod?ri??, Nepal",earthquake,3.2,1.9,0.08,44,reviewed,us,us
2015-04-25T12:17:54.790Z,27.9261,85.449,10,4.5,mb,,79,1.206,0.88,us,us2000295f,2022-07-31T01:24:26.398Z,"24 km NNW of Nagarkot, Nepal",earthquake,7.6,1.9,0.069,61,reviewed,us,us
2015-04-25T12:39:52.630Z,27.4844,86.0952,10,4,mb,,101,0.791,0.96,us,us20002bg4,2015-07-03T00:23:40.040Z,"54 km SSE of Kod?ri??, Nepal",earthquake,4.5,1.9,0.108,23,reviewed,us,us
2015-04-25T12:44:05.170Z,28.0979,84.5594,10,5.2,mb,,39,1.995,0.91,us,us2000295i,2022-07-31T01:23:20.220Z,"48 km NNE of Bharatpur, Nepal",earthquake,4,1.8,0.038,234,reviewed,us,us
2015-04-25T13:29:31.610Z,27.8055,85.7909,10,4.3,mb,,98,0.916,0.94,us,us2000298a,2015-07-03T00:23:40.040Z,"23 km SW of Kod?ri??, Nepal",earthquake,5.3,1.9,0.123,19,reviewed,us,us
2015-04-25T13:30:28.030Z,28.0768,85.0378,10,4.6,mb,,86,1.572,1.22,us,us2000295v,2022-07-31T01:25:28.240Z,"50 km NNW of Kirtipur, Nepal",earthquake,7.8,1.9,0.084,42,reviewed,us,us
2015-04-25T13:36:14.620Z,27.7266,85.9826,10,4.7,mb,,166,0.769,0.98,us,us2000295x,2015-07-03T00:23:40.040Z,"26 km S of Kod?ri??, Nepal",earthquake,3.2,1.9,0.079,48,reviewed,us,us
2015-04-25T14:10:03.730Z,27.7109,85.8748,10,4.6,mb,,72,0.865,0.78,us,us20002965,2022-07-31T01:27:15.296Z,"28 km SSW of Kod?ri??, Nepal",earthquake,5.5,1.7,0.077,50,reviewed,us,us
2015-04-25T16:27:21.660Z,27.8695,85.6359,10,4.9,mb,,76,1.044,0.89,us,us20002970,2022-07-31T01:31:58.085Z,"20 km NNE of Nagarkot, Nepal",earthquake,3.2,1.8,0.047,143,reviewed,us,us
2015-04-25T17:42:50.910Z,28.238,85.829,10,5.1,mwr,,31,0.911,0.99,us,us2000297g,2022-07-31T01:32:52.897Z,"33 km NNW of Kod?ri??, Nepal",earthquake,5.7,1.7,0.11,8,reviewed,us,us
2015-04-25T17:46:17.590Z,28.2139,86.1072,35.26,4.5,mb,,182,0.672,1.33,us,us20002bir,2015-07-03T00:23:40.040Z,"31 km NNE of Kod?ri??, Nepal",earthquake,13,17.1,0.272,5,reviewed,us,us
2015-04-25T18:58:34.530Z,27.6376,85.3501,14.2,4.2,mb,,107,0.028,0.86,us,us20002984,2015-07-03T00:23:40.040Z,"5 km SE of P?tan, Nepal",earthquake,9.1,3.2,0.084,39,reviewed,us,us
2015-04-25T20:07:01.970Z,27.9754,84.5282,10,4.4,mb,,40,2.019,0.72,us,us20002bh2,2015-07-03T00:23:41.040Z,"34 km NNE of Bharatpur, Nepal",earthquake,8.7,1.8,0.089,36,reviewed,us,us
2015-04-25T20:32:48.240Z,27.6437,85.9241,10,4.4,mb,,79,0.846,0.71,us,us2000298x,2015-07-03T00:23:41.040Z,"35 km S of Kod?ri??, Nepal",earthquake,6,1.9,0.066,67,reviewed,us,us
2015-04-25T21:07:20.000Z,27.7657,85.8114,23.88,4.6,mb,,86,0.906,0.69,us,us20002993,2022-07-31T01:36:45.810Z,"25 km SSW of Kod?ri??, Nepal",earthquake,4.9,4.4,0.051,117,reviewed,us,us
2015-04-25T23:12:52.060Z,27.6038,86.0873,9.21,4,mb,,160,0.732,0.3,us,us200029bb,2015-07-03T00:23:41.040Z,"41 km SSE of Kod?ri??, Nepal",earthquake,4.6,5.1,0.122,18,reviewed,us,us
2015-04-25T23:16:15.450Z,27.7993,84.8715,13.61,5.1,mww,,26,1.724,0.67,us,us2000299v,2022-07-31T01:37:39.168Z,"42 km WNW of Kirtipur, Nepal",earthquake,7,3.1,,,reviewed,us,us
2015-04-25T23:41:53.750Z,27.6678,86.0726,15.68,4.5,mb,,86,0.715,0.71,us,us2000299x,2022-07-31T01:39:28.444Z,"34 km SSE of Kod?ri??, Nepal",earthquake,5.5,2.9,0.057,91,reviewed,us,us
2015-04-25T23:55:46.070Z,27.6098,85.8354,6.57,4.1,mb,,144,0.932,0.81,us,us20002bhg,2015-07-03T00:23:41.040Z,"28 km E of Dhulikhel, Nepal",earthquake,5.3,4.2,0.093,32,reviewed,us,us
2015-04-26T02:02:07.850Z,27.5936,85.4424,10,4.2,mb,,151,1.266,0.92,us,us20002brx,2015-07-03T00:23:41.040Z,"4 km SSW of Hari Bdr Tamang House, Nepal",earthquake,10,1.9,0.263,5,reviewed,us,us
2015-04-26T02:33:26.940Z,27.6257,86.0531,10,4.1,mb,,174,0.749,0.79,us,us20002bs0,2015-07-03T00:23:41.040Z,"38 km SSE of Kod?ri??, Nepal",earthquake,7.6,1.9,0.213,6,reviewed,us,us
2015-04-26T02:48:39.070Z,28.2272,84.5858,10,4.5,mb,,62,1.984,0.87,us,us200029b1,2022-07-31T01:43:52.187Z,"60 km E of Pokhara, Nepal",earthquake,8.7,1.9,0.065,70,reviewed,us,us
2015-04-26T03:21:36.160Z,27.469,85.5624,10,4.3,mb,,135,1.21,1.16,us,us200029b9,2015-07-03T00:23:41.040Z,"13 km SSE of Panauti, Nepal",earthquake,7.5,1.9,0.09,35,reviewed,us,us
2015-04-26T04:40:16.330Z,28.1724,84.6699,10,4,mb,,168,1.904,1.46,us,us20002bs4,2022-07-31T05:30:56.315Z,"59 km NNE of Bharatpur, Nepal",earthquake,8.6,1.9,0.211,8,reviewed,us,us
2015-04-26T04:50:29.550Z,28.0281,85.3595,10,4.1,mb,,146,1.286,1.07,us,us20002bsp,2015-07-03T00:23:41.040Z,"36 km N of Kathmandu, Nepal",earthquake,9,1.8,0.198,7,reviewed,us,us
2015-04-26T04:58:40.040Z,27.9966,84.7082,10,4.5,mb,,125,1.86,1.05,us,us200029bl,2022-07-31T01:44:45.736Z,"44 km NE of Bharatpur, Nepal",earthquake,9.5,1.9,0.086,42,reviewed,us,us
2015-04-26T07:09:10.670Z,27.7711,86.0173,22.91,6.7,mww,,13,0.727,0.86,us,us200029bt,2025-02-22T05:38:38.490Z,"21 km SSE of Kod?ri??, Nepal",earthquake,6.6,2.9,,,reviewed,us,us
2015-04-26T07:26:04.190Z,27.7004,85.9136,10,4.9,mb,,40,0.835,0.57,us,us200029bx,2022-07-31T01:46:56.457Z,"29 km S of Kod?ri??, Nepal",earthquake,5.1,1.8,0.055,102,reviewed,us,us
2015-04-26T07:36:26.570Z,27.7555,85.9822,10,4.7,mb,,141,0.761,0.72,us,us200029by,2022-07-31T01:47:50.289Z,"22 km S of Kod?ri??, Nepal",earthquake,6.5,1.9,0.079,49,reviewed,us,us
2015-04-26T07:43:17.480Z,27.0336,85.9863,10,4.3,mb,,147,1.177,0.72,us,us20002bsf,2015-07-03T00:23:41.040Z,"34 km N of Janakpur, Nepal",earthquake,6.8,1.9,0.143,15,reviewed,us,us
2015-04-26T07:50:26.020Z,27.7325,86.0078,10,4.2,mb,,92,0.746,0.9,us,us20002bsg,2015-07-03T00:23:41.040Z,"25 km SSE of Kod?ri??, Nepal",earthquake,6.5,1.9,0.159,11,reviewed,us,us
2015-04-26T08:10:37.340Z,27.8072,85.781,10,4.3,mb,,154,0.924,0.98,us,us20002bsh,2015-07-03T00:23:42.040Z,"24 km SW of Kod?ri??, Nepal",earthquake,5.8,1.9,0.142,14,reviewed,us,us
2015-04-26T08:22:12.350Z,28.0119,85.8449,10,4.4,mb,,140,0.856,0.79,us,us20002bty,2015-07-03T00:23:42.040Z,"12 km WNW of Kod?ri??, Nepal",earthquake,6.6,1.9,0.162,11,reviewed,us,us
2015-04-26T08:40:55.820Z,27.7307,85.854,10,4.6,mb,,85,0.877,0.91,us,us200029c4,2022-07-31T01:48:44.592Z,"27 km SSW of Kod?ri??, Nepal",earthquake,6.2,1.8,0.062,77,reviewed,us,us
2015-04-26T08:46:17.050Z,27.9232,85.8032,10,4.4,mb,,124,0.893,0.51,us,us200029c5,2022-07-31T01:49:38.907Z,"15 km WSW of Kod?ri??, Nepal",earthquake,5,1.9,0.081,44,reviewed,us,us
2015-04-26T09:42:03.630Z,27.4422,85.9371,10,4.3,mb,,181,0.93,0.81,us,us20002bsn,2022-07-31T05:21:49.328Z,"43 km ESE of Dhulikhel, Nepal",earthquake,12.7,1.9,0.201,10,reviewed,us,us
2015-04-26T12:34:41.310Z,27.5683,85.7179,8.42,4,mb,,144,0.384,0.39,us,us20002bt2,2022-07-31T05:35:43.110Z,"18 km ESE of Dhulikhel, Nepal",earthquake,6.7,3.9,0.122,22,reviewed,us,us
2015-04-26T13:11:15.170Z,27.8112,85.4088,10,4.5,mb,,79,5.362,0.6,us,us200029dc,2022-07-31T01:53:24.260Z,"14 km N of Madhyapur Thimi, Nepal",earthquake,8.9,1.9,0.069,61,reviewed,us,us
2015-04-26T14:44:50.510Z,27.686,85.9657,10,4.5,mb,,149,0.797,0.71,us,us200029dv,2022-07-31T01:56:22.480Z,"30 km S of Kod?ri??, Nepal",earthquake,4.9,1.9,0.081,45,reviewed,us,us
2015-04-26T14:57:04.380Z,28.1223,84.6464,10,4.3,mb,,141,1.92,0.6,us,us200029dx,2022-07-31T01:57:21.763Z,"53 km NNE of Bharatpur, Nepal",earthquake,5.8,1.7,0.079,45,reviewed,us,us
2015-04-26T16:26:06.730Z,27.8297,85.865,14,5,mwb,,22,0.847,0.73,us,us200029ea,2022-07-31T01:55:22.787Z,"17 km SSW of Kod?ri??, Nepal",earthquake,5.6,1.7,0.044,50,reviewed,us,us
2015-04-26T18:06:31.490Z,27.7579,85.3686,10,4.2,mb,,108,1.293,0.88,us,us20002btb,2015-07-03T00:23:42.040Z,"7 km NE of Kathmandu, Nepal",earthquake,8.8,1.9,0.186,8,reviewed,us,us
2015-04-26T18:54:49.080Z,27.9888,84.7645,10,4.4,mb,,146,1.81,0.82,us,us200029ev,2015-07-03T00:23:43.040Z,"47 km NE of Bharatpur, Nepal",earthquake,6,1.9,0.077,49,reviewed,us,us
2015-04-26T20:39:20.030Z,27.8804,85.7813,10,4.3,mb,,69,5.03,0.96,us,us200029fa,2022-07-31T02:00:10.350Z,"19 km WSW of Kod?ri??, Nepal",earthquake,7.2,1.9,0.122,19,reviewed,us,us
2015-04-26T22:32:34.720Z,27.5298,85.6751,10,4.6,mb,,69,1.094,0.53,us,us200029gc,2022-07-31T02:04:50.500Z,"16 km ESE of Panauti, Nepal",earthquake,4.7,1.7,0.07,61,reviewed,us,us
2015-04-27T00:39:16.330Z,27.6794,84.9579,10,4.1,mb,,137,0.318,0.73,us,us200029h7,2022-07-31T02:08:29.056Z,"28 km NNW of Hetauda, Nepal",earthquake,5.4,1.8,0.094,31,reviewed,us,us
2015-04-27T01:15:51.060Z,27.4565,85.7818,10,4.3,mb,,173,5.205,0.95,us,us20002bvj,2022-07-31T04:33:34.401Z,"29 km ESE of Panauti, Nepal",earthquake,12.5,1.9,0.154,12,reviewed,us,us
2015-04-27T04:14:44.840Z,27.9352,84.7251,10,4.1,mb,,128,5.886,1.3,us,us20002bvt,2015-07-03T00:23:43.040Z,"40 km NE of Bharatpur, Nepal",earthquake,11.6,1.9,0.13,16,reviewed,us,us
2015-04-27T06:00:00.390Z,27.8347,86.1373,10,4,mb,,109,0.738,1.11,us,us20002bvi,2015-07-03T00:23:43.040Z,"22 km SE of Kod?ri??, Nepal",earthquake,6.3,1.9,0.144,13,reviewed,us,us
2015-04-27T12:35:53.930Z,26.8644,88.055,31.71,5.1,mb,,29,2.58,0.73,us,us200029k7,2022-07-31T02:18:01.136Z,"13 km ESE of Il?m, Nepal",earthquake,6.6,3.3,0.041,201,reviewed,us,us
2015-04-27T13:17:47.600Z,28.0231,84.5829,19.52,4.3,mb,,187,5.978,0.66,us,us20002bw0,2015-07-03T00:23:44.040Z,"41 km NNE of Bharatpur, Nepal",earthquake,9.8,5.3,0.178,9,reviewed,us,us
2015-04-27T14:42:39.210Z,27.6802,85.6085,10,4.3,mb,,128,5.249,0.32,us,us20002bw5,2015-07-03T00:23:44.040Z,"9 km NE of Dhulikhel, Nepal",earthquake,8.9,1.9,0.153,12,reviewed,us,us
2015-04-27T14:57:00.080Z,27.8065,85.8855,10,4,mb,,146,4.974,0.85,us,us200029la,2022-07-31T02:20:02.291Z,"18 km SSW of Kod?ri??, Nepal",earthquake,7,1.9,0.106,24,reviewed,us,us
2015-04-27T15:51:46.110Z,27.6728,85.1212,10,4.3,mb,,140,5.65,0.81,us,us200029lc,2022-07-31T02:20:59.094Z,"15 km W of Kirtipur, Nepal",earthquake,10.6,1.9,0.087,37,reviewed,us,us
2015-04-27T18:59:57.010Z,28.0066,84.682,21.35,4.8,mb,,61,1.884,0.74,us,us200029ma,2022-07-31T02:23:48.301Z,"43 km NNE of Bharatpur, Nepal",earthquake,3.9,4.5,0.055,102,reviewed,us,us
2015-04-27T20:21:55.240Z,31.7602,83.5157,10,4.2,mb,,80,6.865,0.8,us,us200029n5,2022-07-31T02:25:50.677Z,"276 km NE of Burang, China",earthquake,9.1,1.9,0.084,40,reviewed,us,us
2015-04-27T21:27:41.790Z,27.841,85.7877,10,4.2,mb,,166,0.913,0.68,us,us200029p0,2022-07-31T02:22:54.032Z,"21 km SW of Kod?ri??, Nepal",earthquake,7.1,1.9,0.091,34,reviewed,us,us
2015-04-27T23:20:28.520Z,27.9641,85.2821,10,4.2,mb,,53,1.353,1,us,us200029qa,2022-07-31T02:29:29.675Z,"29 km N of Kathmandu, Nepal",earthquake,5.2,1.8,0.083,40,reviewed,us,us
2015-04-28T21:44:23.980Z,27.9577,85.8817,10,4.1,mb,,177,0.822,0.71,us,us20002c6a,2022-07-31T06:41:49.405Z,"7 km W of Kod?ri??, Nepal",earthquake,7,1.8,0.158,11,reviewed,us,us
2015-04-29T09:39:14.120Z,27.7449,84.564,10,4.2,mb,,149,6.084,0.67,us,us20002c9g,2015-07-03T00:23:47.040Z,"14 km ENE of Bharatpur, Nepal",earthquake,11.4,1.9,0.103,27,reviewed,us,us
2015-04-29T11:27:45.310Z,27.864,85.4086,10,4.6,mb,,94,5.342,0.59,us,us20002a59,2022-07-31T02:49:09.193Z,"19 km NW of Nagarkot, Nepal",earthquake,8.6,1.8,0.06,83,reviewed,us,us
2015-04-29T17:16:14.460Z,28.0838,84.676,18.76,4.1,mb,,165,5.881,1.03,us,us20002c9q,2015-07-03T00:23:47.040Z,"50 km NNE of Bharatpur, Nepal",earthquake,9.9,4.8,0.094,31,reviewed,us,us
2015-04-29T17:16:33.470Z,27.8677,85.7031,10,4.4,mb,,116,5.099,1.29,us,us20002a8d,2022-07-31T03:01:54.330Z,"24 km NE of Nagarkot, Nepal",earthquake,8.5,1.9,0.08,45,reviewed,us,us
2015-04-29T22:10:52.110Z,28.33,87.2319,10,4.5,mb,,55,3.675,0.85,us,us20002abh,2022-07-31T03:00:42.869Z,"58 km NE of Lobujya, Nepal",earthquake,6.7,1.9,0.062,75,reviewed,us,us
2015-04-30T00:37:10.880Z,27.9057,84.6664,10,4.3,mb,,99,1.898,0.8,us,us20002acq,2022-07-31T03:02:57.605Z,"34 km NE of Bharatpur, Nepal",earthquake,8.9,1.9,0.075,50,reviewed,us,us
2015-04-30T19:21:18.100Z,26.2401,94.7996,10,4.8,mb,,45,2.734,1.23,us,us20002aid,2022-07-31T03:10:42.284Z,"3 km SW of Tuensang, India",earthquake,7.2,1.9,0.049,129,reviewed,us,us
2015-05-01T04:39:19.300Z,28.5301,86.2397,10,4,mb,,87,0.76,1.24,us,us20002dh3,2022-07-31T10:23:33.787Z,"68 km NNE of Kod?ri??, Nepal",earthquake,3.4,2,0.259,4,reviewed,us,us
2015-05-01T18:47:16.520Z,27.7249,84.6329,10,4.1,mb,,169,1.943,1.01,us,us20002dhi,2015-07-09T22:00:05.040Z,"20 km ENE of Bharatpur, Nepal",earthquake,6.4,2,0.234,5,reviewed,us,us
2015-05-01T22:10:09.980Z,27.6072,85.5759,10,4,mb,,119,1.149,0.51,us,us20002arr,2015-07-09T22:00:05.040Z,"3 km ESE of Dhulikhel, Nepal",earthquake,8.9,1.7,0.116,20,reviewed,us,us
2015-05-02T00:10:49.450Z,27.3802,85.1775,10,4,mb,,93,5.722,1.03,us,us20002auq,2015-07-09T22:00:05.040Z,"15 km ESE of Hetauda, Nepal",earthquake,4.2,1.9,0.101,26,reviewed,us,us
2015-05-02T01:03:10.740Z,27.7751,85.9042,10,4,mb,,180,0.824,0.92,us,us20002dti,2015-07-09T22:00:05.040Z,"21 km SSW of Kod?ri??, Nepal",earthquake,9.5,2,0.211,7,reviewed,us,us
2015-05-02T03:47:03.740Z,27.7972,85.3532,10,4,mb,,190,1.301,0.68,us,us20002dsh,2015-07-09T22:00:05.040Z,"11 km NNE of Kathmandu, Nepal",earthquake,12.3,2,0.173,10,reviewed,us,us
2015-05-02T05:35:46.930Z,28.3143,84.6576,10,4.9,mb,,91,1.935,0.86,us,us20002atq,2022-07-31T03:32:26.883Z,"Nepal",earthquake,7.9,1.8,0.058,93,reviewed,us,us
2015-05-02T09:41:16.290Z,27.9171,85.369,10,4.2,mb,,106,1.277,0.51,us,us20002dsz,2015-07-09T22:00:06.040Z,"24 km NNE of Kathmandu, Nepal",earthquake,6.1,1.9,0.128,17,reviewed,us,us
2015-05-02T15:16:18.050Z,27.6545,85.9494,10,4.3,mb,,87,0.821,0.94,us,us20002avd,2015-07-09T22:00:06.040Z,"33 km S of Kod?ri??, Nepal",earthquake,6.1,1.5,0.08,44,reviewed,us,us
2015-05-02T21:44:09.970Z,27.6395,85.9324,10,4.3,mb,,77,0.841,0.81,us,us20002awm,2022-07-31T03:36:24.089Z,"35 km S of Kod?ri??, Nepal",earthquake,6.1,1.9,0.07,57,reviewed,us,us
2015-05-03T02:15:26.910Z,27.7665,84.6005,10,4,mb,,162,1.967,1.19,us,us20002du3,2015-07-09T22:00:07.040Z,"19 km ENE of Bharatpur, Nepal",earthquake,10.6,1.9,0.195,11,reviewed,us,us
2015-05-03T11:35:11.090Z,27.6999,84.9331,10,4.3,mb,,87,1.683,0.67,us,us20002az8,2022-07-31T03:55:37.914Z,"31 km NNW of Hetauda, Nepal",earthquake,8.2,1.9,0.079,45,reviewed,us,us
2015-05-03T23:14:15.460Z,27.7349,85.8791,10,4.2,mb,,184,0.855,0.71,us,us20002b2a,2015-07-09T22:00:08.040Z,"26 km SSW of Kod?ri??, Nepal",earthquake,4.3,1.9,0.078,46,reviewed,us,us
2015-05-04T01:15:07.070Z,27.6326,85.9746,10,4.5,mb,,54,0.809,0.89,us,us20002b2y,2022-07-31T03:59:20.556Z,"36 km S of Kod?ri??, Nepal",earthquake,6,1.8,0.066,66,reviewed,us,us
2015-05-04T08:50:00.820Z,27.926,86.1704,10,4,mb,,174,0.568,1.08,us,us20002el6,2015-07-09T22:00:10.040Z,"21 km E of Kod?ri??, Nepal",earthquake,9,2,0.231,5,reviewed,us,us
2015-05-04T12:17:13.450Z,27.7864,86.0097,10,4.1,mb,,116,0.73,0.59,us,us20002b68,2022-07-31T04:15:59.346Z,"19 km SSE of Kod?ri??, Nepal",earthquake,5.5,1.8,0.098,32,reviewed,us,us
2015-05-04T14:19:03.470Z,27.8147,85.9036,10,4.2,mb,,168,0.816,0.5,us,us20002elh,2015-07-09T22:00:10.040Z,"16 km SSW of Kod?ri??, Nepal",earthquake,5.6,1.9,0.141,14,reviewed,us,us
2015-05-05T10:38:47.120Z,27.7226,85.9867,10,4.1,mb,,168,0.767,0.59,us,us20002ey5,2015-07-09T22:00:13.040Z,"26 km S of Kod?ri??, Nepal",earthquake,8.4,1.9,0.139,14,reviewed,us,us
2015-05-05T11:15:40.410Z,27.6962,85.9535,10,4.1,mb,,166,0.803,1.27,us,us20002ey0,2015-07-09T22:00:13.040Z,"29 km S of Kod?ri??, Nepal",earthquake,6.8,2,0.166,10,reviewed,us,us
2015-05-08T00:32:33.960Z,27.6418,85.979,11.56,4.9,mb,,77,0.802,0.66,us,us20002dn5,2022-07-31T05:09:18.479Z,"35 km S of Kod?ri??, Nepal",earthquake,5.7,4.2,0.044,164,reviewed,us,us
2015-05-08T07:47:54.460Z,27.8668,85.9591,10,4.2,mb,,124,0.76,1.27,us,us20002dq9,2022-07-31T05:39:31.217Z,"10 km S of Kod?ri??, Nepal",earthquake,5.9,1.9,0.112,22,reviewed,us,us
2015-05-08T21:23:27.700Z,27.9634,85.0259,10,4,mb,,170,1.579,1,us,us20002e9g,2022-07-31T05:41:37.723Z,"40 km NW of Kirtipur, Nepal",earthquake,8.5,1.9,0.106,24,reviewed,us,us
2015-05-10T00:49:52.770Z,27.7776,86.001,10,4,mb,,166,0.74,0.76,us,us20002e9z,2015-07-17T07:06:03.040Z,"20 km SSE of Kod?ri??, Nepal",earthquake,7,1.9,0.122,18,reviewed,us,us
2015-05-10T09:38:32.750Z,27.4485,85.5858,10,4.3,mb,,149,1.199,0.6,us,us20002ea5,2022-07-31T05:46:12.044Z,"Nepal",earthquake,6.5,1.8,0.119,25,reviewed,us,us
2015-05-11T03:20:36.900Z,28.0071,85.827,10,4,mb,,170,0.872,1.09,us,us10002b51,2022-07-31T09:48:55.368Z,"13 km WNW of Kod?ri??, Nepal",earthquake,7.6,1.9,0.138,14,reviewed,us,us
2015-05-11T14:50:59.760Z,27.9326,85.9366,10,4.3,mb,,65,0.774,0.7,us,us20002ecq,2022-07-31T05:50:08.944Z,"3 km SSW of Kod?ri??, Nepal",earthquake,4.1,1.9,0.09,35,reviewed,us,us
2015-05-11T14:52:40.550Z,27.7589,85.789,10,4.3,mb,,166,0.927,0.65,us,us10002b61,2015-07-17T07:06:08.040Z,"26 km E of Nagarkot, Nepal",earthquake,7.6,1.9,0.099,29,reviewed,us,us
2015-05-12T07:05:19.730Z,27.8087,86.0655,15,7.3,mww,,11,0.677,0.92,us,us20002ejl,2024-06-26T05:18:41.027Z,"Nepal",earthquake,7.4,1.7,,,reviewed,us,us
2015-05-12T07:17:20.640Z,27.7141,86.2177,13.01,5.5,mb,,66,0.579,0.89,us,us20002ek0,2022-07-31T05:58:33.083Z,"37 km SE of Kod?ri??, Nepal",earthquake,6.8,4.7,0.043,183,reviewed,us,us
2015-05-12T07:20:47.170Z,27.3073,86.2369,10,4.9,mb,,100,0.825,0.65,us,us10002bfy,2022-07-31T08:54:04.747Z,"69 km NNW of Lah?n, Nepal",earthquake,7.2,1.9,0.09,43,reviewed,us,us
2015-05-12T07:22:15.290Z,27.5796,86.2338,10,4.8,mb,,48,0.636,0.62,us,us10002bg0,2015-07-17T07:06:10.040Z,"50 km SSE of Kod?ri??, Nepal",earthquake,6.9,1.9,0.089,39,reviewed,us,us
2015-05-12T07:23:32.670Z,27.5589,86.2566,10,5,mb,,243,0.632,0.36,us,us10002bgy,2015-07-17T07:06:10.040Z,"52 km WSW of Namche Bazar, Nepal",earthquake,6.7,2,0.096,35,reviewed,us,us
2015-05-12T07:33:09.760Z,27.7477,86.0099,10,4.1,mb,,98,0.74,0.58,us,us10002bf6,2015-07-17T07:06:10.040Z,"24 km SSE of Kod?ri??, Nepal",earthquake,8.6,1.9,0.165,12,reviewed,us,us
2015-05-12T07:34:22.630Z,27.7458,86.2449,10,5.4,mb,,45,0.544,0.78,us,us20002ek3,2022-05-03T17:21:50.916Z,"37 km SE of Kod?ri??, Nepal",earthquake,6.3,1.8,0.042,196,reviewed,us,us
2015-05-12T07:36:54.490Z,27.625,86.1617,15,6.3,mww,,10,0.664,0.93,us,us20002ek5,2022-07-31T05:59:39.785Z,"42 km SSE of Kod?ri??, Nepal",earthquake,7.5,1.7,,,reviewed,us,us
2015-05-12T07:43:17.310Z,27.6521,86.2387,11.77,4.9,mb,,70,0.592,0.49,us,us100029fi,2022-05-03T17:27:32.866Z,"44 km SE of Kod?ri??, Nepal",earthquake,5.7,4.5,0.064,77,reviewed,us,us
2015-05-12T07:47:46.350Z,27.5579,86.039,10,4.9,mb,,80,0.792,0.73,us,us10002bg4,2022-05-03T17:24:54.525Z,"45 km S of Kod?ri??, Nepal",earthquake,5.1,1.8,0.054,106,reviewed,us,us
2015-05-12T07:48:51.490Z,27.7224,86.2576,10,4.9,mb,,78,0.544,0.7,us,us10002bh3,2022-05-03T17:27:34.038Z,"39 km SE of Kod?ri??, Nepal",earthquake,6.9,1.9,0.055,103,reviewed,us,us
2015-05-12T07:57:17.360Z,27.7351,86.5554,10,4.5,mb,,156,0.317,0.88,us,us10002bf9,2015-07-17T07:06:11.040Z,"17 km WSW of Namche Bazar, Nepal",earthquake,6.2,1.9,0.102,31,reviewed,us,us
2015-05-12T08:05:25.540Z,27.9198,86.1387,10,4.2,mb,,99,0.596,0.29,us,us10002bfb,2015-07-17T07:06:11.040Z,"18 km ESE of Kod?ri??, Nepal",earthquake,4.8,1.9,0.141,21,reviewed,us,us
2015-05-12T08:06:05.530Z,27.7221,86.0161,15,5,mb,,42,0.742,0.78,us,us20002ekk,2022-07-31T06:01:55.043Z,"27 km SSE of Kod?ri??, Nepal",earthquake,5.7,1.8,0.044,168,reviewed,us,us
2015-05-12T08:11:22.590Z,27.4654,85.7306,10,4.3,mb,,82,5.242,0.52,us,us10002bf8,2015-07-17T07:06:11.040Z,"24 km ESE of Panauti, Nepal",earthquake,7.2,1.8,0.093,42,reviewed,us,us
2015-05-12T08:13:54.600Z,27.7629,85.7574,15,5.1,mb,,49,0.953,0.64,us,us20002ekq,2022-07-31T06:06:08.729Z,"23 km ENE of Nagarkot, Nepal",earthquake,8.3,1.8,0.046,152,reviewed,us,us
2015-05-12T08:21:10.760Z,27.7298,86.1316,15,5.2,mb,,42,0.643,0.7,us,us20002ekr,2022-07-31T06:03:59.276Z,"30 km SE of Kod?ri??, Nepal",earthquake,6.7,1.8,0.043,175,reviewed,us,us
2015-05-12T08:24:24.340Z,27.7486,86.0692,10,4.8,mb,,80,0.689,0.37,us,us100029fv,2015-07-17T07:06:11.040Z,"25 km SSE of Kod?ri??, Nepal",earthquake,3.2,1.9,0.058,93,reviewed,us,us
2015-05-12T08:34:24.130Z,28.1877,86.0143,16.34,4.3,mb,,162,0.74,0.36,us,us20002ekw,2015-07-17T07:06:11.040Z,"25 km NNE of Kod?ri??, Nepal",earthquake,10.2,5.7,0.101,32,reviewed,us,us
2015-05-12T08:35:36.710Z,27.7042,86.2108,10,4.4,mb,,170,0.589,0.36,us,us10002bg9,2015-07-17T07:06:11.040Z,"37 km SE of Kod?ri??, Nepal",earthquake,7.5,1.5,0.138,19,reviewed,us,us
2015-05-12T08:39:07.940Z,27.7431,86.01,10,4,mb,,171,0.741,0.4,us,us10002bga,2015-07-17T07:06:11.040Z,"24 km SSE of Kod?ri??, Nepal",earthquake,5.7,1.8,0.173,13,reviewed,us,us
2015-05-12T08:51:32.500Z,27.6469,86.2138,10,4.3,mb,,165,0.613,0.53,us,us10002bfg,2015-07-17T07:06:11.040Z,"43 km SE of Kod?ri??, Nepal",earthquake,8.7,1.9,0.177,11,reviewed,us,us
2015-05-12T08:52:30.290Z,28.0084,86.3358,10,4,mb,,142,0.423,0.49,us,us10002bfh,2015-07-17T07:06:11.040Z,"37 km E of Kod?ri??, Nepal",earthquake,7.5,1.8,0.196,11,reviewed,us,us
2015-05-12T08:59:39.740Z,27.7729,86.195,10,4.5,mb,,149,0.576,1.06,us,us20002emb,2022-07-31T07:05:44.006Z,"31 km SE of Kod?ri??, Nepal",earthquake,4.2,1.9,0.081,51,reviewed,us,us
2015-05-12T09:02:09.780Z,27.7318,86.0672,10,4.6,mb,,79,0.696,0.78,us,us10002bfi,2015-07-17T07:06:11.040Z,"27 km SSE of Kod?ri??, Nepal",earthquake,6.9,1.8,0.083,43,reviewed,us,us
2015-05-12T09:38:19.460Z,27.6658,86.2505,10,4.5,mb,,194,0.576,0.3,us,us10002bfm,2015-07-17T07:06:11.040Z,"43 km SE of Kod?ri??, Nepal",earthquake,7.5,2,0.242,5,reviewed,us,us
2015-05-12T09:44:38.980Z,27.7617,85.9301,10,4.2,mb,,131,0.804,0.92,us,us10002bgd,2015-07-17T07:06:12.040Z,"22 km S of Kod?ri??, Nepal",earthquake,5.3,1.9,0.159,11,reviewed,us,us
2015-05-12T10:15:07.680Z,27.7172,86.1734,10,4.3,mb,,106,0.614,1.38,us,us20002emm,2022-07-31T06:05:58.056Z,"34 km SE of Kod?ri??, Nepal",earthquake,5.2,1.9,0.101,28,reviewed,us,us
2015-05-12T10:31:00.570Z,27.6896,85.9158,10.01,4.4,mb,,138,0.837,1.2,us,us10002bh8,2015-07-17T07:06:12.040Z,"30 km S of Kod?ri??, Nepal",earthquake,7.2,2,0.19,8,reviewed,us,us
2015-05-12T10:35:39.950Z,27.6606,86.0849,10,4.5,mb,,38,0.708,1.11,us,us20002ems,2022-07-31T06:04:59.892Z,"35 km SSE of Kod?ri??, Nepal",earthquake,6.4,1.8,0.075,53,reviewed,us,us
2015-05-12T10:40:07.870Z,27.7987,86.4044,10,4.6,mb,,145,0.394,0.46,us,us10002bh9,2015-07-17T07:06:12.040Z,"30 km W of Namche Bazar, Nepal",earthquake,6.9,1.9,0.223,6,reviewed,us,us
2015-05-12T10:41:32.260Z,27.716,86.2746,10,4.5,mb,,153,0.533,1.07,us,us10002bg8,2015-07-17T07:06:12.040Z,"41 km SE of Kod?ri??, Nepal",earthquake,6.4,1.9,0.094,33,reviewed,us,us
2015-05-12T10:42:22.330Z,27.4765,86.3405,10,4,mb,,172,0.636,0.95,us,us10002bfs,2015-07-17T07:06:12.040Z,"51 km SW of Namche Bazar, Nepal",earthquake,7.2,1.9,0.211,6,reviewed,us,us
2015-05-12T10:53:22.920Z,27.7305,86.199,10,4,mb,,149,0.588,0.59,us,us10002bfu,2015-07-17T07:06:12.040Z,"34 km SE of Kod?ri??, Nepal",earthquake,6.3,1.9,0.156,11,reviewed,us,us
2015-05-12T11:06:34.600Z,27.6414,86.2033,10,4.2,mb,,165,0.624,0.74,us,us20002ep8,2015-07-17T07:06:12.040Z,"42 km SE of Kod?ri??, Nepal",earthquake,7.1,1.9,0.118,20,reviewed,us,us
2015-05-12T11:13:21.490Z,27.8202,85.982,10,4.1,mb,,191,0.747,0.86,us,us10002bfv,2015-07-17T07:06:12.040Z,"15 km S of Kod?ri??, Nepal",earthquake,6,1.9,0.165,10,reviewed,us,us
2015-05-12T11:21:30.590Z,27.6838,86.1369,10,4.4,mb,,162,0.657,0.71,us,us20002en0,2015-07-17T07:06:12.040Z,"35 km SSE of Kod?ri??, Nepal",earthquake,7.2,1.9,0.095,32,reviewed,us,us
2015-05-12T11:58:12.150Z,27.6936,85.9018,10,4.3,mb,,65,0.848,1.31,us,us20002en6,2015-07-17T07:06:12.040Z,"30 km S of Kod?ri??, Nepal",earthquake,7.4,1.9,0.092,34,reviewed,us,us
2015-05-12T12:28:22.930Z,27.6751,85.9931,10,4.5,mb,,101,0.778,1.21,us,us20002ena,2022-07-31T06:09:03.290Z,"Nepal",earthquake,4.6,1.9,0.091,35,reviewed,us,us
2015-05-12T13:02:17.180Z,27.6406,85.8062,10,4,mb,,175,0.945,0.91,us,us10002bhg,2015-07-17T07:06:12.040Z,"26 km E of Dhulikhel, Nepal",earthquake,9,1.9,0.26,4,reviewed,us,us
2015-05-12T13:08:10.140Z,27.6132,85.9896,10,4.4,mb,,169,0.805,0.29,us,us10002bg2,2015-07-17T07:06:12.040Z,"38 km S of Kod?ri??, Nepal",earthquake,5.3,1.9,0.178,9,reviewed,us,us
2015-05-12T13:10:40.840Z,27.8728,85.9511,10.61,4.1,mb,,149,0.766,0.86,us,us10002bg3,2015-07-17T07:06:12.040Z,"9 km S of Kod?ri??, Nepal",earthquake,6.4,5.6,0.174,9,reviewed,us,us
2015-05-12T13:25:25.120Z,27.6516,86.1632,7.9,4.2,mb,,164,0.65,0.45,us,us10002bg6,2015-07-17T07:06:12.040Z,"39 km SSE of Kod?ri??, Nepal",earthquake,6.7,5.4,0.132,16,reviewed,us,us
2015-05-12T13:43:17.520Z,27.7461,85.9016,10,4.4,mb,,172,0.833,0.64,us,us20002enh,2022-07-31T06:11:48.958Z,"24 km SSW of Kod?ri??, Nepal",earthquake,5.5,1.6,0.093,33,reviewed,us,us
2015-05-12T13:47:05.250Z,27.7321,85.8975,10,4.4,mb,,164,0.84,0.49,us,us10002bg7,2015-07-17T07:06:12.040Z,"25 km SSW of Kod?ri??, Nepal",earthquake,6.8,1.9,0.12,20,reviewed,us,us
2015-05-12T13:58:57.540Z,27.6013,86.2659,10,4.5,mb,,142,0.6,0.37,us,us10002bgb,2015-07-17T07:06:12.040Z,"49 km WSW of Namche Bazar, Nepal",earthquake,4.9,1.9,0.18,9,reviewed,us,us
2015-05-12T15:28:19.810Z,27.721,86.2602,10,4.4,mb,,149,0.542,0.8,us,us20002epr,2022-07-31T06:14:45.893Z,"39 km SE of Kod?ri??, Nepal",earthquake,6.3,1.9,0.098,30,reviewed,us,us
2015-05-12T15:32:25.690Z,27.7866,86.0808,10,4.2,mb,,191,0.669,0.52,us,us10002bgf,2015-07-17T07:06:12.040Z,"22 km SSE of Kod?ri??, Nepal",earthquake,5.8,2,0.198,7,reviewed,us,us
2015-05-12T15:59:46.930Z,27.6485,86.2971,10,4.4,mb,,191,0.55,0.88,us,us10002bgi,2015-07-17T07:06:12.040Z,"44 km WSW of Namche Bazar, Nepal",earthquake,5,1.9,0.189,8,reviewed,us,us
2015-05-12T16:15:14.100Z,27.7411,86.2211,10,4,mb,,134,0.566,0.43,us,us10002bgj,2015-07-17T07:06:12.040Z,"35 km SE of Kod?ri??, Nepal",earthquake,4.5,1.8,0.134,15,reviewed,us,us
2015-05-12T16:32:09.050Z,27.617,86.2307,10,4,mb,,150,0.617,1.1,us,us10002bgk,2015-07-17T07:06:12.040Z,"46 km SE of Kod?ri??, Nepal",earthquake,6.3,1.9,0.163,12,reviewed,us,us
2015-05-12T16:55:22.990Z,27.712,85.9418,6.54,4.4,mb,,143,0.808,0.68,us,us20002eqh,2022-07-31T06:15:48.582Z,"27 km S of Kod?ri??, Nepal",earthquake,5.8,3.5,0.083,42,reviewed,us,us
2015-05-12T17:28:39.250Z,27.4989,86.1266,10,4.8,mb,,44,0.76,0.75,us,us20002eqs,2022-07-31T06:16:50.731Z,"53 km SSE of Kod?ri??, Nepal",earthquake,7.4,1.8,0.048,135,reviewed,us,us
2015-05-12T18:49:05.090Z,27.717,86.2514,15.68,4,mb,,137,0.551,0.86,us,us10002bgp,2015-07-17T07:06:12.040Z,"39 km SE of Kod?ri??, Nepal",earthquake,5,2.9,0.173,9,reviewed,us,us
2015-05-12T18:51:44.210Z,27.6456,86.294,11.23,4.1,mb,,147,0.554,0.8,us,us20002erg,2022-07-31T11:39:41.737Z,"44 km WSW of Namche Bazar, Nepal",earthquake,4.8,4.8,0.101,29,reviewed,us,us
2015-05-12T19:34:59.090Z,27.6432,86.1584,10.93,4.3,mb,,165,0.658,0.76,us,us20002es6,2015-07-17T07:06:12.040Z,"40 km SSE of Kod?ri??, Nepal",earthquake,5.5,5.1,0.086,38,reviewed,us,us
2015-05-12T19:37:40.910Z,27.6868,86.1308,8.52,4.5,mb,,101,0.661,1.01,us,us20002ert,2022-07-31T06:34:11.810Z,"34 km SSE of Kod?ri??, Nepal",earthquake,5,4.1,0.066,67,reviewed,us,us
2015-05-12T20:22:16.260Z,27.5858,85.1413,13.35,4.3,mb,,124,1.526,1.32,us,us20002esf,2022-07-31T06:22:38.942Z,"16 km SW of Kirtipur, Nepal",earthquake,6.5,4.9,0.083,41,reviewed,us,us
2015-05-12T20:44:28.940Z,27.9152,86.2389,5.36,4,mb,,167,0.508,1.28,us,us20002esx,2022-07-31T06:35:12.711Z,"28 km E of Kod?ri??, Nepal",earthquake,7.2,6.7,0.102,26,reviewed,us,us
2015-05-12T21:25:11.930Z,27.783,84.6384,10,5.2,mb,,38,1.932,0.62,us,us20002etn,2022-07-31T06:21:43.509Z,"23 km ENE of Bharatpur, Nepal",earthquake,6,1.8,0.051,125,reviewed,us,us
2015-05-12T21:57:14.320Z,27.8032,86.0034,10,4,mb,,171,0.732,0.77,us,us10002bgv,2022-07-31T11:11:42.577Z,"18 km SSE of Kod?ri??, Nepal",earthquake,7,2,0.164,10,reviewed,us,us
2015-05-13T02:23:10.920Z,27.6695,86.2315,10,4.1,mb,,171,0.589,1.12,us,us20002ev6,2022-07-31T06:26:25.342Z,"42 km SE of Kod?ri??, Nepal",earthquake,5.6,1.9,0.111,22,reviewed,us,us
2015-05-13T02:43:47.590Z,27.6248,86.3299,10,4.1,mb,,153,0.541,0.68,us,us10002bhx,2022-07-31T10:38:49.057Z,"42 km WSW of Namche Bazar, Nepal",earthquake,8.2,2,0.158,11,reviewed,us,us
2015-05-13T06:26:07.550Z,27.6539,86.1557,10,4.7,mb,,118,0.655,0.69,us,us20002evz,2022-07-31T06:33:32.311Z,"39 km SSE of Kod?ri??, Nepal",earthquake,6.7,1.9,0.061,89,reviewed,us,us
2015-05-13T06:37:30.290Z,27.7582,86.1379,10,4.5,mb,,146,0.629,0.93,us,us20002ew1,2015-07-17T07:06:14.040Z,"28 km SE of Kod?ri??, Nepal",earthquake,7.5,1.9,0.08,46,reviewed,us,us
2015-05-13T06:53:00.780Z,27.7201,86.1891,10,4.8,mb,,88,0.6,0.73,us,us20002ew5,2022-07-31T06:29:12.686Z,"35 km SE of Kod?ri??, Nepal",earthquake,8.7,1.9,0.059,87,reviewed,us,us
2015-05-13T09:52:27.990Z,27.7666,86.3084,10,4.2,mb,,150,0.484,1.06,us,us10002bi5,2015-07-17T07:06:14.040Z,"39 km W of Namche Bazar, Nepal",earthquake,5,1.8,0.159,11,reviewed,us,us
2015-05-13T10:59:41.150Z,27.8014,86.038,10,4.2,mb,,101,0.702,0.67,us,us20002eza,2022-07-31T06:32:13.890Z,"19 km SSE of Kod?ri??, Nepal",earthquake,6.2,1.9,0.104,26,reviewed,us,us
2015-05-13T21:38:06.390Z,27.7199,86.0503,8.38,5,mb,,40,0.715,0.65,us,us100028tz,2022-07-31T06:38:05.984Z,"28 km SSE of Kod?ri??, Nepal",earthquake,6.5,4.3,0.046,150,reviewed,us,us
2015-05-14T03:07:38.770Z,27.6713,86.1515,10,4.4,mb,,83,0.651,0.74,us,us100028wa,2015-07-23T01:03:58.040Z,"37 km SSE of Kod?ri??, Nepal",earthquake,4.6,1.8,0.109,24,reviewed,us,us
2015-05-15T01:42:42.800Z,27.9719,84.7499,10,4.9,mb,,40,1.823,0.91,us,us1000295r,2022-07-31T06:55:52.887Z,"45 km NE of Bharatpur, Nepal",earthquake,8.1,1.8,0.047,145,reviewed,us,us
2015-05-16T00:46:06.830Z,28.0074,84.5187,10,4.1,mb,,70,0.764,0.63,us,us10002ch0,2015-07-23T01:04:02.040Z,"37 km NNE of Bharatpur, Nepal",earthquake,6.2,1.9,0.109,23,reviewed,us,us
2015-05-16T03:39:26.920Z,27.6386,85.713,10,4.7,mb,,40,5.182,0.55,us,us100029pb,2022-07-31T07:13:14.269Z,"16 km E of Dhulikhel, Nepal",earthquake,7.9,1.8,0.051,119,reviewed,us,us
2015-05-16T03:50:21.210Z,27.4751,85.1653,10,4.2,mb,,135,5.692,0.86,us,us100029pj,2015-07-23T01:04:02.040Z,"14 km ENE of Hetauda, Nepal",earthquake,6.9,1.8,0.101,27,reviewed,us,us
2015-05-16T11:34:09.980Z,27.5603,86.0734,7,5.5,mww,,13,4.928,0.72,us,us100029rn,2022-07-31T07:18:14.026Z,"45 km SSE of Kod?ri??, Nepal",earthquake,7.5,1.7,,,reviewed,us,us
2015-05-16T20:02:53.740Z,28.0094,84.6978,10,4.1,mb,,170,5.885,0.7,us,us10002cht,2015-07-23T01:04:03.040Z,"44 km NE of Bharatpur, Nepal",earthquake,10.5,1.9,0.234,5,reviewed,us,us
2015-05-16T23:15:26.060Z,27.6804,85.9514,10,4.4,mb,,88,4.973,0.74,us,us100029vn,2022-07-31T07:23:05.276Z,"31 km S of Kod?ri??, Nepal",earthquake,8,1.9,0.077,48,reviewed,us,us
2015-05-17T05:45:38.500Z,27.5777,85.8239,10,4.3,mb,,157,5.119,0.73,us,us100029x0,2022-07-31T07:25:51.324Z,"28 km E of Dhulikhel, Nepal",earthquake,8.1,1.8,0.077,48,reviewed,us,us
2015-05-18T12:42:09.240Z,27.9438,84.6997,10,4.1,mb,,103,6.821,0.5,us,us20002k1p,2015-07-23T01:04:07.040Z,"39 km NE of Bharatpur, Nepal",earthquake,11.8,1.9,0.175,10,reviewed,us,us
2015-05-18T22:49:50.890Z,27.5867,85.8925,10,4.4,mb,,134,5.06,0.73,us,us10002adq,2022-07-31T07:46:40.138Z,"34 km E of Dhulikhel, Nepal",earthquake,3.7,1.9,0.074,52,reviewed,us,us
2015-05-19T10:59:30.690Z,27.7722,85.868,10,4.2,mb,,163,5.002,1.28,us,us10002ahe,2022-07-31T07:56:00.675Z,"22 km SSW of Kod?ri??, Nepal",earthquake,7.2,1.9,0.1,28,reviewed,us,us
2015-05-20T09:02:32.260Z,27.3231,85.0483,10,4.6,mb,,145,5.85,0.81,us,us10002ar2,2022-07-31T08:08:10.373Z,"11 km S of Hetauda, Nepal",earthquake,6.8,1.7,0.077,52,reviewed,us,us
2015-05-21T09:11:55.640Z,27.8173,85.209,10,4,mb,,176,6.353,0.58,us,us20002kyi,2015-07-29T01:35:30.040Z,"16 km NNW of Kirtipur, Nepal",earthquake,9.1,2,0.172,9,reviewed,us,us
2015-05-22T10:59:33.780Z,27.9555,84.9671,10,4.7,mb,,41,0.392,0.88,us,us10002bcr,2022-07-31T08:31:48.889Z,"43 km NW of Kirtipur, Nepal",earthquake,5.5,1.7,0.056,97,reviewed,us,us
2015-05-22T11:45:47.370Z,27.5438,86.0511,10,4.3,mb,,127,0.673,0.85,us,us10002bd0,2022-07-31T08:35:40.062Z,"47 km SSE of Kod?ri??, Nepal",earthquake,6.1,1.6,0.089,36,reviewed,us,us
2015-05-22T13:04:05.930Z,27.6635,85.6936,10,4.1,mb,,85,5.187,0.94,us,us20002la2,2015-07-29T01:35:33.040Z,"Nepal",earthquake,6.8,1.9,0.123,19,reviewed,us,us
2015-05-22T19:07:41.930Z,29.8042,81.6888,10,4.3,mb,,75,3.805,0.98,us,us10002blt,2022-07-31T08:39:16.749Z,"73 km SE of Burang, China",earthquake,8.1,1.9,0.082,42,reviewed,us,us
2015-05-24T21:38:40.840Z,28.0271,84.6734,10,4.4,mb,,41,0.649,0.56,us,us10002bye,2022-07-31T09:00:35.217Z,"45 km NNE of Bharatpur, Nepal",earthquake,4.8,1.8,0.072,55,reviewed,us,us
2015-05-25T10:46:03.060Z,28.5718,87.2411,42.44,4.3,mb,,132,3.581,1.09,us,us10002c08,2015-07-29T01:35:43.040Z,"80 km NNE of Lobujya, Nepal",earthquake,9.1,5.8,0.092,33,reviewed,us,us
2015-05-26T17:07:14.360Z,28.2338,85.1005,10,4.6,mb,,71,0.553,1.05,us,us10002c8p,2022-07-31T09:27:25.750Z,"62 km NNW of Kathmandu, Nepal",earthquake,6.6,1.9,0.06,83,reviewed,us,us
2015-05-27T07:30:41.910Z,27.3256,84.6635,10,4,mb,,168,0.695,1.4,us,us10002cpp,2015-07-29T01:35:48.040Z,"38 km ENE of R?mnagar, India",earthquake,7.4,1.9,0.099,30,reviewed,us,us
2015-05-27T07:30:58.810Z,27.4029,84.716,10,4.4,mb,,164,0.615,1.29,us,us10002cg5,2022-07-31T09:47:05.797Z,"31 km W of Hetauda, Nepal",earthquake,7.7,1.9,0.091,35,reviewed,us,us
2015-05-27T16:45:00.460Z,28.2528,84.9717,10,4.1,mb,,157,0.618,1.48,us,us20002mcv,2015-07-29T01:35:49.040Z,"70 km NNW of Kathmandu, Nepal",earthquake,5.9,1.9,0.097,29,reviewed,us,us
2015-05-28T23:35:52.170Z,28.0923,84.6435,10,4,mb,,177,0.705,0.52,us,us20002mzl,2015-08-08T00:48:55.040Z,"50 km NNE of Bharatpur, Nepal",earthquake,10.1,2,0.211,6,reviewed,us,us
2015-05-29T10:00:00.270Z,27.9798,84.7819,10,4.8,mb,,41,0.542,0.91,us,us20002kau,2022-07-31T10:07:29.021Z,"47 km NE of Bharatpur, Nepal",earthquake,6.7,1.6,0.052,112,reviewed,us,us
2015-05-30T16:28:19.320Z,27.8802,84.9263,10,4.3,mb,,132,0.383,1.34,us,us20002knv,2022-07-31T10:16:47.803Z,"41 km WNW of Kirtipur, Nepal",earthquake,6.5,1.9,0.088,36,reviewed,us,us
2015-06-01T07:12:08.970Z,26.2683,95.7989,114.83,4.3,mb,,148,3.618,0.46,us,us20002pay,2015-08-08T00:49:40.040Z,"86 km SSE of Khonsa, India",earthquake,13.5,10.4,0.16,11,reviewed,us,us
2015-06-03T07:52:37.640Z,28.011,86.0953,10,4,mb,,114,0.751,1.46,us,us20002pdj,2015-08-08T00:50:11.040Z,"14 km ENE of Kod?ri??, Nepal",earthquake,5.2,1.9,0.172,14,reviewed,us,us
2015-06-07T05:17:45.900Z,27.9734,85.5328,10,4.2,mb,,70,5.201,0.71,us,us20002qpy,2022-07-31T16:23:22.551Z,"28 km N of Nagarkot, Nepal",earthquake,11.2,1.9,0.128,17,reviewed,us,us
2015-06-11T04:17:46.340Z,27.8955,85.7959,10,4.2,mb,,135,0.462,0.7,us,us10002l5z,2015-08-20T00:43:53.040Z,"17 km WSW of Kod?ri??, Nepal",earthquake,6.4,1.5,0.118,20,reviewed,us,us
2015-06-11T16:12:20.290Z,27.8321,85.5836,24.49,4.8,mb,,76,0.265,0.61,us,us20002p1y,2022-07-31T12:27:46.292Z,"14 km NNE of Nagarkot, Nepal",earthquake,8,1.4,0.052,114,reviewed,us,us
2015-06-11T19:37:06.220Z,28.115,84.6937,10.32,4.4,mb,,96,0.681,1.06,us,us20002p53,2015-08-20T00:43:54.040Z,"54 km NNE of Bharatpur, Nepal",earthquake,6.3,4.5,0.075,51,reviewed,us,us
2015-06-12T04:34:10.000Z,27.7705,86.0379,10,4,mb,,140,0.642,0.78,us,us10002ld5,2015-08-20T00:43:54.040Z,"22 km SSE of Kod?ri??, Nepal",earthquake,7.8,2,0.231,8,reviewed,us,us
2015-06-13T01:18:30.200Z,27.6326,86.0709,10,4.8,mb,,40,0.674,0.68,us,us20002pk4,2022-07-31T12:46:09.800Z,"38 km SSE of Kod?ri??, Nepal",earthquake,6.6,1.9,0.057,94,reviewed,us,us
2015-06-14T07:47:46.830Z,28.1763,85.7529,10,4.1,mb,,94,0.602,0.57,us,us10002lx6,2015-08-20T00:43:57.040Z,"31 km NW of Kod?ri??, Nepal",earthquake,6.3,1.4,0.127,19,reviewed,us,us
2015-06-17T00:13:20.190Z,27.7381,85.2944,5.7,4,mb,,129,0.031,1,us,us20002qj3,2022-07-31T13:40:47.108Z,"4 km NNW of Kathmandu, Nepal",earthquake,17.6,7.8,0.183,8,reviewed,us,us
2015-06-17T00:29:59.050Z,27.9426,85.4981,10,4.3,mb,,77,0.28,1.34,us,us20002qj4,2022-07-31T13:41:39.894Z,"25 km N of Nagarkot, Nepal",earthquake,4.6,1.8,0.084,40,reviewed,us,us
2015-06-17T02:15:14.610Z,28.2774,85.8766,10,4.3,mb,,72,0.75,0.97,us,us20002qjl,2022-07-31T13:42:40.968Z,"35 km NNW of Kod?ri??, Nepal",earthquake,7,1.9,0.078,47,reviewed,us,us
2015-06-20T12:23:05.580Z,28.5523,82.6319,10,4.7,mb,,92,2.513,0.61,us,us10002khh,2022-07-31T14:14:15.599Z,"41 km NNE of Besisahar, Nepal",earthquake,8.2,1.8,0.056,97,reviewed,us,us
2015-06-21T13:41:47.330Z,27.8059,86.0295,10,4.1,mb,,129,0.639,0.57,us,us10002np2,2015-09-01T00:53:53.040Z,"18 km SSE of Kod?ri??, Nepal",earthquake,7.7,1.9,0.145,13,reviewed,us,us
2015-06-22T07:34:31.780Z,27.5413,85.9898,10,4.3,mb,,156,0.622,0.25,us,us20002w0e,2015-09-01T00:53:54.040Z,"45 km ESE of Dhulikhel, Nepal",earthquake,6,2,0.202,7,reviewed,us,us
2015-06-28T01:05:28.560Z,26.6384,90.41,26,5.1,mwb,,36,1.682,0.99,us,us10002m67,2022-07-31T15:28:46.020Z,"18 km N of B?sugaon, India",earthquake,6.7,1.8,0.083,14,reviewed,us,us
2015-06-28T23:57:15.530Z,28.0316,86.056,10,4.7,mb,,94,0.728,1.26,us,us10002m90,2022-07-31T15:46:25.420Z,"12 km NE of Kod?ri??, Nepal",earthquake,6.8,1.9,0.062,78,reviewed,us,us
2015-06-29T17:42:43.450Z,28.003,85.6279,10,4,mb,,91,0.4,1.05,us,us10002mfa,2022-07-31T15:59:30.799Z,"32 km W of Kod?ri??, Nepal",earthquake,8.6,1.9,0.108,23,reviewed,us,us
2015-06-29T21:46:23.940Z,27.4724,85.7525,10,4.3,mb,,141,0.455,0.91,us,us10002mfm,2015-09-02T22:37:24.040Z,"26 km ESE of Panauti, Nepal",earthquake,6.8,1.9,0.09,35,reviewed,us,us
2015-06-30T13:15:57.200Z,26.0436,90.7596,42.34,4,mb,,141,1.096,1.17,us,us20002xmg,2015-09-02T22:37:25.040Z,"19 km SE of Go?lp?ra, India",earthquake,9,11.3,0.183,9,reviewed,us,us
2015-07-01T02:42:40.790Z,27.2728,91.2869,35.46,4.5,mb,,133,1.774,0.76,us,us20002xqe,2022-07-31T19:03:01.124Z,"4 km E of Mongar, Bhutan",earthquake,7.4,8.1,0.093,34,reviewed,us,us
2015-07-02T01:56:11.700Z,27.9835,85.5714,10,4.2,mb,,59,0.352,0.9,us,us10002mxq,2022-07-31T16:19:22.580Z,"30 km N of Nagarkot, Nepal",earthquake,6.5,1.9,0.087,37,reviewed,us,us
2015-07-03T20:04:07.080Z,27.7236,84.9064,3.36,4.5,mb,,93,0.362,0.86,us,us10002nbj,2022-07-31T16:48:05.899Z,"34 km NNW of Hetauda, Nepal",earthquake,7.2,4.2,0.065,69,reviewed,us,us
2015-07-06T15:29:07.940Z,27.9368,85.6886,10,4.2,mb,,103,0.398,0.42,us,us20002vji,2022-07-31T17:08:43.773Z,"26 km W of Kod?ri??, Nepal",earthquake,6,1.9,0.141,14,reviewed,us,us
2015-07-07T09:31:41.580Z,29.6068,81.733,10,4.2,mb,,146,3.67,1.24,us,us200030f8,2015-09-30T00:21:00.040Z,"57 km NW of Jumla, Nepal",earthquake,9,1.9,0.118,20,reviewed,us,us
2015-07-10T01:53:14.730Z,27.4318,94.1447,14.66,4.1,mb,,141,3.487,0.86,us,us200031b2,2015-10-09T20:19:10.040Z,"22 km N of North Lakhimpur, India",earthquake,12.3,4.9,0.117,20,reviewed,us,us
2015-07-10T12:53:23.250Z,26.6628,90.5991,19.67,4.3,mb,,162,1.571,0.87,us,us20002wjm,2015-10-09T20:19:11.040Z,"20 km N of Bongaigaon, India",earthquake,7.7,2,0.109,24,reviewed,us,us
2015-07-10T21:13:01.030Z,27.7297,86.0836,10,4.2,mb,,101,0.681,0.56,us,us20002wnl,2015-10-09T20:19:11.040Z,"28 km SSE of Kod?ri??, Nepal",earthquake,4.7,1.9,0.087,37,reviewed,us,us
2015-07-13T11:03:03.810Z,26.4644,96.5118,101.35,4.5,mb,,102,4.283,0.35,us,us20002x3y,2015-10-09T20:19:15.040Z,"41 km NW of Sarupathar, India",earthquake,6.8,9.1,0.091,35,reviewed,us,us
2015-07-18T05:41:26.540Z,30.4,94.8689,10,5.1,mb,,45,3.317,0.58,us,us20002ybg,2022-05-03T19:03:49.577Z,"212 km NNE of Shi Yomi, India",earthquake,5.9,1.7,0.063,82,reviewed,us,us
2015-07-18T09:10:39.960Z,30.3823,94.944,35.94,4.1,mb,,116,3.378,0.6,us,us1000306t,2015-10-14T21:05:41.040Z,"212 km NNE of Shi Yomi, India",earthquake,9,7.7,0.097,29,reviewed,us,us
2015-07-18T23:48:08.680Z,30.4476,79.1538,10,4.4,mb,,97,5.929,0.58,us,us20002ygc,2015-10-14T21:05:43.040Z,"24 km NE of Rudrapray?g, India",earthquake,9.5,1.9,0.09,36,reviewed,us,us
2015-07-20T15:28:44.690Z,30.3218,94.9308,33.65,4.9,mb,,49,3.356,0.86,us,us20002ynu,2022-05-03T17:27:05.018Z,"205 km NNE of Shi Yomi, India",earthquake,8.6,4.9,0.052,116,reviewed,us,us
2015-07-21T04:19:38.070Z,30.3099,95.047,40.39,4.1,mb,,113,3.453,0.79,us,us20002yte,2015-10-14T21:05:47.040Z,"207 km NNE of Shi Yomi, India",earthquake,6.9,7.8,0.106,24,reviewed,us,us
2015-07-21T15:10:20.470Z,30.3416,94.8353,33.88,4.7,mb,,60,3.278,0.72,us,us20002yw5,2015-10-14T21:05:48.040Z,"205 km NNE of Shi Yomi, India",earthquake,10,5.5,0.061,83,reviewed,us,us
2015-07-22T22:00:35.550Z,30.3434,94.8889,10,4.7,mb,,76,3.324,0.43,us,us20002zd2,2015-10-14T21:05:50.040Z,"207 km NNE of Shi Yomi, India",earthquake,9.1,1.9,0.06,84,reviewed,us,us
2015-07-27T07:33:41.920Z,27.3538,91.184,32.22,4.4,mb,,104,1.879,0.71,us,us200030c1,2015-10-22T20:05:04.040Z,"10 km NNW of Mongar, Bhutan",earthquake,8.6,5.1,0.083,42,reviewed,us,us
2015-07-28T09:40:50.330Z,30.3325,94.8379,32.15,4.9,mb,,51,3.278,0.69,us,us200030ru,2022-05-03T17:27:18.328Z,"204 km NNE of Shi Yomi, India",earthquake,9.5,5.1,0.054,106,reviewed,us,us
2015-07-31T03:18:17.940Z,30.3779,94.8784,10.49,4.9,mb,,45,3.321,0.61,us,us10002wse,2022-07-31T21:40:32.646Z,"210 km NNE of Shi Yomi, India",earthquake,8.7,1.9,0.052,117,reviewed,us,us
2015-07-31T07:00:36.230Z,30.2889,95.0443,35.64,4.5,mb,,113,3.447,1.02,us,us10002wt8,2015-10-30T02:47:39.040Z,"205 km NNE of Shi Yomi, India",earthquake,6.7,7.4,0.093,34,reviewed,us,us
2015-08-01T01:37:42.690Z,28.532,85.6808,10,4,mb,,118,0.877,1.81,us,us10002x1k,2015-10-30T02:47:41.040Z,"68 km NNW of Kod?ri??, Nepal",earthquake,7.1,2,0.232,6,reviewed,us,us
2015-08-01T12:14:28.560Z,28.7475,87.6636,34.28,4.4,mb,,88,2.314,0.77,us,us10002x46,2015-10-30T02:47:42.040Z,"121 km NE of Lobujya, Nepal",earthquake,6.1,5,0.067,67,reviewed,us,us
2015-08-02T05:58:04.620Z,30.3447,94.9251,31.19,4.8,mb,,45,3.355,0.5,us,us10002x9a,2022-05-03T17:27:26.910Z,"208 km NNE of Shi Yomi, India",earthquake,5.9,5.4,0.05,122,reviewed,us,us
2015-08-03T00:55:25.230Z,30.3228,94.9657,33.4,4.1,mb,,58,3.386,0.59,us,us100033wr,2022-08-01T01:29:43.943Z,"206 km NNE of Shi Yomi, India",earthquake,9.6,7,0.099,28,reviewed,us,us
2015-08-05T19:15:56.760Z,30.3652,80.3368,10,4.1,mb,,176,5.097,0.73,us,us10002y84,2015-10-30T02:47:51.040Z,"60 km NNW of Dh?rchula, India",earthquake,6.5,1.9,0.145,13,reviewed,us,us
2015-08-06T12:34:07.000Z,30.3636,94.8898,32.33,4.8,mb,,51,3.328,0.82,us,us10002z3b,2022-05-03T17:28:19.312Z,"Eastern Xizang",earthquake,8.8,3.3,0.06,87,reviewed,us,us
2015-08-07T13:52:43.800Z,30.3637,95.0135,34.91,4.5,mb,,97,3.433,0.71,us,us1000304b,2015-11-06T18:06:21.040Z,"212 km NNE of Shi Yomi, India",earthquake,13.6,4.8,0.164,11,reviewed,us,us
2015-08-09T22:30:26.860Z,28.2257,84.8043,10,4.2,mb,,139,0.682,1.08,us,us100030nd,2015-11-06T18:06:24.040Z,"70 km NNE of Bharatpur, Nepal",earthquake,8.1,1.9,0.096,30,reviewed,us,us
2015-08-11T19:13:13.380Z,30.3421,94.8676,35,4.9,mb,,43,3.305,0.83,us,us10003181,2022-07-31T23:37:16.367Z,"206 km NNE of Shi Yomi, India",earthquake,4.1,1.9,0.053,110,reviewed,us,us
2015-08-13T02:00:31.650Z,30.3746,94.8333,38.31,4.7,mb,,74,3.282,0.82,us,us100031ss,2022-07-31T23:48:51.265Z,"209 km NNE of Shi Yomi, India",earthquake,11.5,8.5,0.078,50,reviewed,us,us
2015-08-13T14:56:13.560Z,30.3165,94.9074,32.77,4.2,mb,,112,3.335,1.15,us,us100031yv,2015-11-17T00:13:25.040Z,"204 km NNE of Shi Yomi, India",earthquake,14.1,6.4,0.167,10,reviewed,us,us
2015-08-13T15:51:58.560Z,30.4022,94.8054,32.63,4.1,mb,,62,3.264,0.83,us,us100035t7,2015-11-17T00:13:25.040Z,"211 km NNE of Shi Yomi, India",earthquake,9.6,3.6,0.103,26,reviewed,us,us
2015-08-14T13:02:26.290Z,27.5691,86.086,10,4.6,mb,,144,0.698,1.04,us,us100036bf,2015-11-17T00:13:27.040Z,"45 km SSE of Kod?ri??, Nepal",earthquake,5.3,2,0.182,9,reviewed,us,us
2015-08-15T05:42:20.300Z,27.3759,87.8566,10,4.4,mb,,129,1.093,0.75,us,us100032ju,2015-11-17T00:13:29.040Z,"40 km WNW of Gyalshing, India",earthquake,7.2,1.9,0.088,37,reviewed,us,us
2015-08-15T18:11:39.530Z,27.7023,85.9473,10,4.7,mb,,75,0.56,0.86,us,us100032lr,2022-08-01T00:12:27.909Z,"28 km S of Kod?ri??, Nepal",earthquake,5.1,1.7,0.052,111,reviewed,us,us
2015-08-17T22:23:57.910Z,27.9066,86.1322,10.44,4.2,mb,,62,0.603,0.7,us,us1000330x,2022-08-01T00:28:58.023Z,"18 km ESE of Kod?ri??, Nepal",earthquake,4.7,5,0.09,34,reviewed,us,us
2015-08-23T09:02:05.080Z,27.8355,86.0795,10,5,mb,,51,0.659,0.63,us,us100034be,2022-08-01T01:19:51.790Z,"18 km SE of Kod?ri??, Nepal",earthquake,7.6,1.7,0.044,166,reviewed,us,us
2015-08-24T06:53:44.060Z,28.3466,87.2202,10.53,4,mb,,92,0.528,0.9,us,us20003ha9,2015-11-24T02:09:32.040Z,"59 km NE of Lobujya, Nepal",earthquake,7.3,5.7,0.113,21,reviewed,us,us
2015-08-26T18:05:05.270Z,29.6875,95.8334,27.31,4.3,mb,,112,4.094,0.93,us,us20003hjx,2015-11-24T02:09:37.040Z,"186 km NNE of P?sigh?t, India",earthquake,9,5.2,0.096,31,reviewed,us,us
2015-08-30T13:17:34.680Z,27.6519,85.6673,10,4.5,mb,,83,0.317,0.67,us,us1000365l,2022-08-01T02:35:58.853Z,"12 km ENE of Dhulikhel, Nepal",earthquake,4.6,1.8,0.06,81,reviewed,us,us
2015-09-01T23:06:40.640Z,27.6836,86.2819,16.02,4.1,mb,,166,0.543,0.78,us,us20003fjs,2015-12-01T00:36:09.040Z,"44 km WSW of Namche Bazar, Nepal",earthquake,6.6,5.4,0.12,19,reviewed,us,us
2015-09-05T05:39:03.450Z,26.1923,92.8261,47.23,4.2,mb,,70,1.073,0.83,us,us20003kq2,2015-12-05T01:40:27.040Z,"21 km N of Hoj?i, India",earthquake,5.8,10.7,0.153,12,reviewed,us,us
2015-09-11T23:56:59.380Z,26.0549,89.5568,18.5,4,mb,,191,2.128,0.88,us,us20003n08,2022-08-01T09:33:22.535Z,"13 km SE of D?nh?ta, India",earthquake,7,6.1,0.134,15,reviewed,us,us
2015-09-12T09:40:28.760Z,31.6437,87.7942,14.92,4.2,mb,,90,3.461,1.18,us,us20003np7,2015-12-12T00:42:47.040Z,"285 km NNW of Rikaze, China",earthquake,6.2,5.6,0.124,20,reviewed,us,us
2015-09-16T14:52:12.070Z,27.5875,86.1894,7.48,4.2,mb,,142,0.663,0.59,us,us10003isb,2015-12-12T00:42:56.040Z,"47 km SSE of Kod?ri??, Nepal",earthquake,4,4.9,0.199,7,reviewed,us,us
2015-09-22T06:32:45.680Z,27.6915,85.0633,10,4.4,mb,,96,0.215,1.03,us,us20003ms7,2022-08-01T07:31:43.625Z,"21 km W of Kirtipur, Nepal",earthquake,4.6,1.8,0.098,30,reviewed,us,us
2015-09-25T16:57:41.390Z,26.5308,91.6928,48.82,4.4,mb,,118,0.971,1.07,us,us20003p4y,2022-08-01T07:55:42.227Z,"11 km NE of Rangia, India",earthquake,8,7,0.103,27,reviewed,us,us
2015-09-29T09:27:17.090Z,29.996,80.3737,35,4.6,mb,,126,4.895,1.05,us,us10003iqz,2015-12-28T23:08:49.040Z,"21 km NW of Dh?rchula, India",earthquake,8.8,1.5,0.083,43,reviewed,us,us
2015-09-29T10:54:42.010Z,27.7769,85.8162,10,4.4,mb,,120,0.448,0.98,us,us10003ir8,2015-12-28T23:08:49.040Z,"24 km SW of Kod?ri??, Nepal",earthquake,10.3,1.9,0.091,35,reviewed,us,us
2015-10-05T07:33:21.920Z,27.6395,86.0343,10,4.5,mb,,138,0.641,0.92,us,us10003kcl,2016-01-04T22:29:12.040Z,"36 km SSE of Kod?ri??, Nepal",earthquake,6.4,1.8,0.07,60,reviewed,us,us
2015-10-05T07:36:25.480Z,27.7703,86.1587,10,4.3,mb,,131,0.607,0.52,us,us10003nky,2016-01-04T22:29:12.040Z,"28 km SE of Kod?ri??, Nepal",earthquake,5.5,1.9,0.169,10,reviewed,us,us
2015-10-05T16:18:02.750Z,31.4974,86.4956,10,4.5,mb,,109,3.537,1.05,us,us10003nl9,2016-01-04T22:29:14.040Z,"270 km NNE of Saga, China",earthquake,4.5,1.9,0.097,31,reviewed,us,us
2015-10-06T12:02:40.700Z,27.7479,86.1479,10,4,mb,,133,0.624,0.96,us,us10003ntk,2016-01-04T22:29:21.040Z,"30 km SE of Kod?ri??, Nepal",earthquake,12.1,2,0.156,11,reviewed,us,us
2015-10-06T23:30:29.260Z,27.6712,85.9838,14.04,4.3,mb,,110,0.593,0.73,us,us10003ntw,2016-01-04T22:29:25.040Z,"32 km S of Kod?ri??, Nepal",earthquake,11.4,4.8,0.1,28,reviewed,us,us
2015-10-07T04:58:20.550Z,27.8771,84.8817,34.7,4.2,mb,,149,0.418,0.89,us,us10003nv4,2016-01-04T22:29:29.040Z,"44 km WNW of Kirtipur, Nepal",earthquake,6.3,6.2,0.216,6,reviewed,us,us
2015-10-09T01:01:21.970Z,28.8999,86.3397,10,4,mb,,78,1.025,1,us,us10003p4v,2016-01-11T21:07:16.040Z,"110 km NNE of Kod?ri??, Nepal",earthquake,5.9,1.9,0.139,15,reviewed,us,us
2015-10-09T20:29:56.020Z,28.8544,86.469,10,4.9,mb,,60,0.942,0.96,us,us10003mkt,2022-05-03T17:32:54.401Z,"105 km NNW of Lobujya, Nepal",earthquake,4.8,1.8,0.046,149,reviewed,us,us
2015-10-10T01:48:45.570Z,27.2548,88.8009,48.22,4.3,mb,,129,1.899,0.63,us,us10003mmv,2022-08-01T10:21:33.717Z,"20 km ESE of Gangtok, India",earthquake,11.9,7.7,0.103,27,reviewed,us,us
2015-10-12T15:39:07.360Z,28.9796,86.3729,10,4.5,mb,,57,1.088,0.79,us,us10003n1q,2016-01-11T21:07:22.040Z,"117 km ESE of Saga, China",earthquake,2.4,1.8,0.066,67,reviewed,us,us
2015-10-14T12:50:36.420Z,31.9029,94.7913,10,4.1,mb,,118,3.84,0.81,us,us10003pf8,2016-01-11T21:07:26.040Z,"242 km WNW of Qamdo, China",earthquake,7.9,2,0.136,15,reviewed,us,us
2015-10-31T02:05:19.820Z,26.6982,96.7414,29.65,4.3,mb,,91,4.533,0.54,us,us2000411q,2016-01-30T02:10:58.040Z,"54 km N of Sarupathar, India",earthquake,7.8,5.2,0.122,19,reviewed,us,us
2015-11-19T04:15:52.600Z,27.8525,85.6776,16.51,5,mb,,49,0.349,0.79,us,us10003zfw,2022-08-01T18:42:06.686Z,"21 km NE of Nagarkot, Nepal",earthquake,6.5,3.9,0.053,115,reviewed,us,us
2015-11-24T12:24:15.590Z,28.1552,84.7587,8.19,4.6,mb,,60,0.661,0.96,us,us100040q1,2016-02-18T04:48:52.040Z,"Nepal",earthquake,6.2,4.5,0.079,48,reviewed,us,us
2015-11-25T05:02:06.220Z,29.6929,89.8692,77.42,4.7,mb,,102,1.094,0.57,us,us1000415j,2016-02-18T04:48:54.040Z,"87 km WSW of Dêqên, China",earthquake,8.4,6.6,0.077,51,reviewed,us,us
2015-11-25T16:15:10.640Z,26.4076,92.9745,54.52,4.7,mb,,60,3.666,0.77,us,us1000419g,2022-08-01T20:22:27.918Z,"30 km SE of Tezpur, India",earthquake,8.1,4.1,0.065,72,reviewed,us,us
2015-11-29T02:47:52.820Z,31.373,78.7325,35,4.1,mb,,156,5.143,1.33,us,us100041zf,2016-02-25T22:33:00.040Z,"76 km NNE of Uttark?shi, India",earthquake,4.9,2,0.197,7,reviewed,us,us
2015-12-11T22:09:40.200Z,29.6312,95.7458,24.84,4.3,mb,,51,4.02,0.76,us,us20004gm1,2016-03-05T01:42:03.040Z,"178 km NNE of P?sigh?t, India",earthquake,9.5,5.9,0.09,35,reviewed,us,us
2015-12-18T22:16:56.550Z,29.3985,81.6541,10,5.4,mb,,34,3.632,0.8,us,us1000488j,2022-08-02T00:00:13.756Z,"53 km WNW of Jumla, Nepal",earthquake,7.5,1.8,0.035,274,reviewed,us,us
2015-12-23T09:22:06.370Z,26.2583,93.0894,48.5,4.3,mb,,68,1.307,1.06,us,us10004b7b,2016-03-12T02:29:23.040Z,"36 km NE of Hoj?i, India",earthquake,6.7,6,0.105,26,reviewed,us,us
2015-12-26T04:48:40.050Z,29.1913,81.42,10,4.1,mb,,170,8.479,0.87,us,us10004bh1,2016-03-18T01:13:01.040Z,"47 km E of Dipayal, Nepal",earthquake,11.5,1.9,0.198,7,reviewed,us,us
2016-01-13T23:15:46.160Z,29.7043,88.0054,10,4.4,mb,,96,2.715,1.07,us,us10004e9s,2016-03-30T02:27:58.040Z,"98 km WNW of Rikaze, China",earthquake,9.2,1.9,0.094,33,reviewed,us,us
2016-01-14T00:03:52.650Z,29.4873,87.8145,10,4.1,mb,,140,2.892,1.12,us,us10004ea1,2016-03-30T02:27:59.040Z,"107 km WNW of Rikaze, China",earthquake,7.6,1.9,0.12,19,reviewed,us,us
2016-01-21T19:22:43.590Z,28.0269,85.0515,19.01,4.5,mb,,96,0.391,0.81,us,us10004g5f,2016-04-06T17:30:30.040Z,"Xizang-Nepal border region",earthquake,7.4,4.4,0.068,64,reviewed,us,us
2016-01-26T16:57:30.840Z,29.5248,87.8553,24.65,4.2,mb,,94,5.306,0.84,us,us20004vlf,2016-04-08T23:06:16.040Z,"104 km WNW of Rikaze, China",earthquake,11.5,5.6,0.124,18,reviewed,us,us
2016-01-28T09:36:03.450Z,29.4663,87.9565,10,4.1,mb,,145,13.2,0.92,us,us20004v9s,2016-04-08T23:06:19.040Z,"93 km WNW of Rikaze, China",earthquake,9.7,1.9,0.12,19,reviewed,us,us
2016-01-31T04:18:25.460Z,29.6637,84.2327,10,4.2,mb,,145,7.897,0.79,us,us20004w3p,2016-04-14T22:51:36.040Z,"103 km WNW of Saga, China",earthquake,8.8,1.9,0.128,17,reviewed,us,us
2016-01-31T04:39:48.230Z,29.6353,84.2685,10,4.1,mb,,161,7.856,0.64,us,us20004x1e,2016-04-14T22:51:36.040Z,"99 km WNW of Saga, China",earthquake,10,1.9,0.157,11,reviewed,us,us
2016-02-05T16:20:11.740Z,27.8782,85.3377,23.53,5.2,mb,,44,0.166,0.82,us,us20004y4t,2022-08-07T09:22:10.461Z,"19 km N of Kathmandu, Nepal",earthquake,9.2,4.4,0.052,120,reviewed,us,us
2016-02-07T23:40:01.440Z,31.1369,97.8505,10,4.1,mb,,105,7.659,0.58,us,us20004ymb,2016-02-21T04:16:31.147Z,"63 km E of Qamdo, China",earthquake,10,2,0.175,9,reviewed,us,us
2016-02-09T02:29:04.040Z,30.8319,86.284,32.43,4.7,mb,,95,7.188,0.92,us,us20004yx3,2016-04-19T01:33:25.040Z,"195 km NNE of Saga, China",earthquake,9.4,5.3,0.075,53,reviewed,us,us
2016-02-10T16:27:41.910Z,27.7118,85.6292,21.15,4.1,mb,,97,0.278,0.51,us,us20004zdq,2022-08-07T09:33:47.765Z,"10 km E of Nagarkot, Nepal",earthquake,8.4,4.5,0.095,30,reviewed,us,us
2016-02-16T23:06:59.690Z,26.196,93.4977,39.72,4.7,mb,,63,1.606,0.71,us,us200050p4,2022-08-02T10:17:44.838Z,"34 km NW of Bokaj?n, India",earthquake,10.5,6.2,0.061,81,reviewed,us,us
2016-02-21T18:10:00.970Z,27.9633,84.6943,16.72,5.1,mb,,39,0.604,0.87,us,us10004rjm,2022-08-07T09:55:35.375Z,"40 km NE of Bharatpur, Nepal",earthquake,7,4.5,0.059,94,reviewed,us,us
2016-02-24T09:22:16.670Z,27.8322,85.7365,10,4.7,mb,,49,0.391,0.71,us,us10004sb7,2022-08-07T10:00:30.413Z,"24 km ENE of Nagarkot, Nepal",earthquake,6.5,1.9,0.073,57,reviewed,us,us
2016-03-02T04:03:50.420Z,26.4817,95.4216,21.67,4.1,mb,,117,3.334,0.47,us,us10004ur6,2016-05-06T23:34:22.040Z,"45 km SE of Mon, India",earthquake,10.5,7.6,0.186,8,reviewed,us,us
2016-03-13T05:15:33.690Z,27.8303,84.8208,10,4.4,mb,,171,0.453,0.76,us,us20005af9,2022-08-02T17:28:19.636Z,"41 km ENE of Bharatpur, Nepal",earthquake,7.7,1.8,0.11,24,reviewed,us,us
2016-03-13T10:30:11.160Z,26.245,92.2565,53.71,4.5,mb,,41,0.765,0.74,us,us10004x9h,2022-08-07T10:16:02.019Z,"9 km W of Morigaon, India",earthquake,7.9,1.2,0.079,47,reviewed,us,us
2016-03-14T21:27:35.270Z,27.7234,85.534,27.09,4.3,mb,,137,0.193,0.75,us,us10004xlm,2022-08-02T14:30:19.661Z,"1 km NE of Nagarkot, Nepal",earthquake,11.1,6.1,0.09,35,reviewed,us,us
2016-03-20T16:54:13.110Z,29.9569,93.1989,10,4.7,mb,,46,1.818,0.68,us,us20005b94,2016-06-09T21:41:53.040Z,"195 km NW of Shi Yomi, India",earthquake,6.9,1.9,0.049,125,reviewed,us,us
2016-03-30T12:26:40.280Z,27.8164,85.5483,10,4.1,mb,,110,0.23,0.52,us,us20005flx,2016-06-10T23:32:58.040Z,"11 km NNE of Nagarkot, Nepal",earthquake,5.4,1.9,0.094,31,reviewed,us,us
2016-04-04T04:31:26.640Z,27.5381,85.8383,23.69,4.2,mb,,152,0.495,1.02,us,us20005eeq,2016-06-17T21:45:23.040Z,"30 km ESE of Dhulikhel, Nepal",earthquake,6.3,5,0.098,29,reviewed,us,us
2016-04-09T13:20:13.820Z,27.6354,85.3002,10.22,4.1,mb,,168,0.077,0.76,us,us20005gv0,2022-08-02T17:40:29.646Z,"4 km SSW of P?tan, Nepal",earthquake,9,4.2,0.116,20,reviewed,us,us
2016-04-12T14:41:52.170Z,27.6062,86.0621,10,4.3,mb,,146,0.67,0.93,us,us20005heg,2016-06-21T01:14:09.040Z,"40 km SSE of Kod?ri??, Nepal",earthquake,4.6,1.9,0.097,30,reviewed,us,us
2016-04-16T04:33:03.290Z,28.3437,87.4392,10,4.1,mb,,64,1.979,0.87,us,us20005ixu,2016-06-27T23:01:48.040Z,"75 km NE of Lobujya, Nepal",earthquake,7.5,1.9,0.114,21,reviewed,us,us
2016-04-19T17:22:17.910Z,28.3381,87.8381,55.92,4.3,mb,,46,2.315,1.13,us,us20005jvf,2016-06-27T23:02:19.040Z,"109 km ENE of Lobujya, Nepal",earthquake,6.8,7.6,0.104,30,reviewed,us,us
2016-04-23T09:32:56.990Z,31.9952,95.1012,15.92,4.8,mb,,42,4.11,0.74,us,us20005l5w,2016-07-08T02:49:19.040Z,"219 km WNW of Qamdo, China",earthquake,8.6,4.3,0.053,109,reviewed,us,us
2016-05-03T16:31:51.850Z,29.6379,87.9346,25.81,4.1,mb,,156,2.779,0.6,us,us10005gkb,2016-07-19T20:03:11.040Z,"101 km WNW of Rikaze, China",earthquake,13.1,6.2,0.104,25,reviewed,us,us
2016-05-09T05:17:54.750Z,28.21,85.7631,39.31,4.2,mb,,66,0.634,0.78,us,us10005i7d,2016-07-20T18:10:49.040Z,"33 km NW of Kod?ri??, Nepal",earthquake,8.1,6.8,0.093,32,reviewed,us,us
2016-05-11T01:19:42.320Z,27.9448,84.9277,10.23,4.5,mb,,104,0.414,1.04,us,us10005ihi,2022-08-02T23:40:09.428Z,"45 km NW of Kirtipur, Nepal",earthquake,5.9,5.3,0.076,50,reviewed,us,us
2016-05-11T08:52:47.570Z,28.0545,84.5639,15.99,4.5,mb,,73,5.984,0.63,us,us10005ggl,2016-07-20T18:10:53.040Z,"43 km NNE of Bharatpur, Nepal",earthquake,8.7,4.2,0.087,38,reviewed,us,us
2016-05-13T23:20:59.460Z,27.958,85.5191,10,4,mb,,104,0.303,0.82,us,us10005ivg,2016-07-22T19:39:05.040Z,"26 km N of Nagarkot, Nepal",earthquake,5.4,1.9,0.134,15,reviewed,us,us
2016-05-14T22:45:55.420Z,27.8608,85.3631,22.11,4.4,mb,,44,0.153,0.57,us,us10005hgq,2016-07-22T19:39:06.040Z,"Nepal",earthquake,8.1,3.3,0.069,61,reviewed,us,us
2016-05-21T07:59:00.050Z,28.2817,87.3528,10,4,mb,,120,1.918,1.06,us,us10005j3y,2016-08-03T22:33:40.040Z,"64 km NE of Lobujya, Nepal",earthquake,5.5,1.9,0.113,21,reviewed,us,us
2016-05-22T01:32:31.690Z,28.4767,87.5067,6.99,4.5,mb,,89,2.08,0.73,us,us10005j69,2016-08-03T22:33:41.040Z,"89 km NE of Lobujya, Nepal",earthquake,6.9,4,0.067,66,reviewed,us,us
2016-05-22T01:46:09.770Z,28.2457,87.2227,10.37,4,mb,,120,1.768,0.72,us,us20005yj5,2016-08-03T22:33:41.040Z,"51 km NE of Lobujya, Nepal",earthquake,8.4,6.7,0.164,10,reviewed,us,us
2016-05-22T01:48:48.130Z,28.4538,87.5326,9.36,5.4,mwc,,36,2.093,0.9,us,us10005j6b,2022-08-02T23:27:14.468Z,"89 km NE of Lobujya, Nepal",earthquake,6.5,3.5,,,reviewed,us,gcmt
2016-05-22T02:05:54.680Z,28.5654,87.4796,4.44,5.1,mb,,39,2.091,0.71,us,us10005j6d,2022-08-02T23:28:12.819Z,"94 km NE of Lobujya, Nepal",earthquake,5.5,2.9,0.039,213,reviewed,us,us
2016-05-22T02:55:42.320Z,28.3854,87.3554,10,4,mb,,118,1.955,1.1,us,us10005j6l,2016-08-03T22:33:41.040Z,"71 km NE of Lobujya, Nepal",earthquake,7.4,2,0.108,23,reviewed,us,us
2016-05-22T04:49:45.200Z,28.5599,87.5853,11.05,4.3,mb,,112,2.174,0.72,us,us10005j6t,2016-08-03T22:33:41.040Z,"101 km NE of Lobujya, Nepal",earthquake,7.8,4.3,0.083,41,reviewed,us,us
2016-05-23T18:09:03.320Z,28.4178,87.4903,10,4.2,mb,,90,2.046,0.71,us,us10005jcy,2016-08-03T22:33:43.040Z,"84 km NE of Lobujya, Nepal",earthquake,6.7,1.8,0.093,32,reviewed,us,us
2016-05-23T19:09:52.790Z,27.704,85.0896,10,4.3,mb,,87,0.195,1.21,us,us10005jdi,2016-08-03T22:33:43.040Z,"18 km W of Kirtipur, Nepal",earthquake,3.5,1.9,0.082,42,reviewed,us,us
2016-05-26T09:29:25.640Z,28.4555,87.4821,10,4,mb,,117,2.085,1.02,us,us20005y1t,2016-08-03T22:33:45.040Z,"86 km NE of Lobujya, Nepal",earthquake,4.6,1.9,0.119,19,reviewed,us,us
2016-05-27T05:03:10.200Z,26.5252,96.4968,64.3,4.6,mb,,49,4.282,0.77,us,us20005yf1,2016-08-10T22:30:23.040Z,"47 km NW of Sarupathar, India",earthquake,9.5,7,0.081,45,reviewed,us,us
2016-05-28T09:39:10.850Z,28.0097,85.4237,10,4.6,mb,,67,0.311,0.86,us,us20005ysr,2016-11-28T03:15:00.070Z,"34 km NNW of Nagarkot, Nepal",earthquake,5.7,1.7,0.053,107,reviewed,us,us
2016-05-30T17:40:24.090Z,29.8731,92.142,36.89,4,mb,,90,0.898,0.89,us,us200061qx,2016-08-10T22:30:28.040Z,"103 km ENE of Lhasa, China",earthquake,9.2,7.9,0.113,21,reviewed,us,us
2016-06-13T23:27:42.520Z,27.9339,84.4925,10,4.1,mb,,173,0.761,0.57,us,us200065ir,2016-08-25T01:22:55.040Z,"29 km N of Bharatpur, Nepal",earthquake,4.9,1.9,0.107,24,reviewed,us,us
2016-06-22T20:23:52.190Z,31.618,85.1956,10,4.4,mb,,92,5.454,0.5,us,us200067il,2016-08-27T02:15:35.040Z,"254 km N of Saga, China",earthquake,5.4,1.9,0.143,14,reviewed,us,us
2016-06-27T14:53:00.680Z,28.7638,87.4704,10,4.7,mb,,82,2.17,0.58,us,us10005z6t,2016-08-31T03:08:19.040Z,"110 km NE of Lobujya, Nepal",earthquake,7.7,1.8,0.082,45,reviewed,us,us
2016-06-29T09:10:28.860Z,29.5553,81.1306,9.03,4.6,mb,,77,4.111,0.46,us,us200067x7,2016-08-31T03:08:22.040Z,"37 km NNE of Dipayal, Nepal",earthquake,7.2,2.7,0.077,50,reviewed,us,us
2016-07-02T00:23:46.380Z,29.5139,81.0984,10,4.4,mb,,82,4.119,0.78,us,us10005zd7,2016-09-02T21:36:33.040Z,"31 km NNE of Dipayal, Nepal",earthquake,8.6,1.8,0.085,40,reviewed,us,us
2016-07-30T11:58:56.360Z,29.068,94.6895,28.23,4.1,mb,,106,3.172,0.9,us,us100069uf,2016-10-19T04:51:49.040Z,"67 km NNE of Shi Yomi, India",earthquake,9.1,6.3,0.184,8,reviewed,us,us
2016-09-02T14:31:00.980Z,28.6255,94.9397,23.69,4.6,mb,,66,3.503,0.95,us,us10006jnm,2016-12-03T02:54:35.040Z,"52 km NNE of Along, India",earthquake,7.8,3.7,0.084,42,reviewed,us,us
2016-09-03T21:38:58.200Z,27.2224,96.8182,43.69,4.5,mb,,46,3.746,0.67,us,us10006k6e,2016-12-03T02:54:39.040Z,"98 km SSE of Hayuliang, India",earthquake,7.6,7.2,0.068,64,reviewed,us,us
2016-09-04T13:05:48.740Z,28.0653,92.032,28.78,4,mb,,154,1.814,0.4,us,us10006mr6,2016-12-03T02:54:41.040Z,"55 km N of Tawang, India",earthquake,9.5,6,0.232,5,reviewed,us,us
2016-09-09T09:10:51.180Z,30.3571,82.8488,35,4.3,mb,,175,8.772,0.59,us,us10006nn5,2016-12-07T02:56:07.040Z,"136 km NNE of Jumla, Nepal",earthquake,13.5,2,0.202,7,reviewed,us,us
2016-09-10T00:46:18.380Z,30.2163,82.6753,35,4.9,mb,,92,3.402,0.89,us,us10006nhy,2016-12-07T02:56:08.040Z,"114 km NNE of Jumla, Nepal",earthquake,7.2,1.9,0.048,138,reviewed,us,us
2016-09-18T17:14:17.810Z,27.8196,85.4746,25.2,4.2,mb,,68,0.176,0.94,us,us10006qpe,2016-12-12T23:01:29.040Z,"12 km NNW of Nagarkot, Nepal",earthquake,8.2,4.8,0.093,32,reviewed,us,us
2016-09-19T21:11:27.000Z,29.1247,97.8313,66.57,4.2,mb,,71,5.808,0.68,us,us10006qxc,2016-12-12T23:01:32.040Z,"171 km NE of Hayuliang, India",earthquake,11,8.3,0.11,23,reviewed,us,us
2016-09-20T04:26:28.980Z,31.4958,96.8475,46.25,4,mb,,100,5.245,0.97,us,us10006qzm,2016-12-12T23:01:32.040Z,"51 km NW of Qamdo, China",earthquake,12.5,11.2,0.119,19,reviewed,us,us
2016-10-01T11:36:01.570Z,30.9806,88.1037,34.62,4.2,mb,,134,2.907,1.19,us,us10006udj,2017-01-03T21:10:40.040Z,"206 km NNW of Rikaze, China",earthquake,9.1,9.2,0.11,23,reviewed,us,us
2016-10-06T14:47:57.210Z,26.443,92.773,56.85,4.3,mb,,129,2.601,0.41,us,us20007dug,2017-01-03T21:10:47.040Z,"21 km S of Tezpur, India",earthquake,12,10.5,0.137,15,reviewed,us,us
2016-10-07T04:52:38.250Z,28.35,85.9666,10,4,mb,,90,0.857,1.05,us,us20007dve,2017-01-07T00:20:44.040Z,"43 km N of Kod?ri??, Nepal",earthquake,5.3,2,0.164,10,reviewed,us,us
2016-10-23T15:56:41.960Z,26.0659,90.2619,24.31,4.6,mb,,127,1.52,0.7,us,us20007g8h,2017-01-20T00:31:03.040Z,"5 km NW of Lakhipur, India",earthquake,9.6,6.3,0.088,38,reviewed,us,us
2016-11-21T04:50:41.050Z,31.4546,94.1675,33.42,4.1,mb,,111,3.15,1.19,us,us10007cuy,2017-02-15T23:21:31.040Z,"200 km E of Nagqu, China",earthquake,11.7,5.9,0.127,17,reviewed,us,us
2016-11-27T23:35:21.020Z,27.8015,86.5319,10,5.4,mb,,30,1.081,0.67,us,us10007cuh,2022-05-03T19:50:04.618Z,"17 km W of Namche Bazar, Nepal",earthquake,5.3,1.7,0.033,314,reviewed,us,us
2016-12-01T16:52:50.110Z,29.979,80.6321,31.96,5.2,mb,,41,4.687,0.76,us,us10007e1x,2023-01-12T12:54:08.773Z,"18 km NE of Dh?rchula, India",earthquake,7,4.4,0.047,152,reviewed,us,us
2017-01-03T19:32:26.800Z,27.9089,93.8486,18.03,4.4,mb,,76,2.935,0.79,us,us10007ud9,2017-03-27T23:53:20.040Z,"34 km N of Ziro, India",earthquake,8,4,0.075,51,reviewed,us,us
2017-01-04T14:12:52.310Z,30.4946,83.7309,10,4.7,mb,,104,3.099,0.86,us,us10007pp5,2017-03-27T23:53:22.040Z,"194 km NW of Saga, China",earthquake,8.5,1.9,0.07,62,reviewed,us,us
2017-01-12T09:32:08.120Z,26.4049,95.364,68.8,4.5,mb,,84,2.37,1.01,us,us10007ssz,2017-04-01T00:26:10.040Z,"47 km SE of Mon, India",earthquake,7.4,7.3,0.093,34,reviewed,us,us
2017-01-19T09:59:42.490Z,28.9824,88.2848,10,4.1,mb,,161,2.583,1.02,us,us20008hc9,2017-04-12T02:29:01.040Z,"65 km WSW of Rikaze, China",earthquake,6.8,1.9,0.13,16,reviewed,us,us
2017-01-19T19:18:36.830Z,28.1784,92.6836,40.21,4.1,mb,,104,2.041,0.8,us,us10007u64,2017-04-12T02:29:01.040Z,"100 km NE of Tawang, India",earthquake,5.8,9.7,0.127,17,reviewed,us,us
2017-01-31T06:16:04.290Z,31.5911,94.1235,32.7,4.5,mb,,49,3.195,1.42,us,us10007wdq,2017-04-27T01:38:39.040Z,"196 km E of Nagqu, China",earthquake,8.7,5.3,0.093,34,reviewed,us,us
2017-02-01T10:07:44.180Z,30.6877,83.3674,10,5.1,mb,,30,3.419,0.72,us,us10007wlj,2022-05-03T18:10:16.586Z,"193 km NE of Jumla, Nepal",earthquake,7.6,1.7,0.045,163,reviewed,us,us
2017-02-06T17:03:06.530Z,30.6544,79.1645,16.05,5.1,mwb,,39,5.823,0.67,us,us20008hyg,2023-01-12T12:46:11.081Z,"36 km NW of P?palkoti, India",earthquake,7.9,3.2,0.059,28,reviewed,us,us
2017-02-26T18:48:45.660Z,30.2107,83.5019,10,4.7,mb,,95,6.635,1.22,us,us20008mji,2017-05-24T02:48:09.040Z,"164 km NE of Jumla, Nepal",earthquake,6.3,1.9,0.082,46,reviewed,us,us
2017-02-27T03:37:45.990Z,27.4259,86.0789,11.23,4.7,mb,,57,0.725,0.62,us,us20008mll,2017-05-24T02:48:09.040Z,"57 km ESE of Dhulikhel, Nepal",earthquake,6,3.8,0.059,86,reviewed,us,us
2017-02-27T04:21:41.730Z,27.3706,85.9319,20.28,4.6,mb,,156,0.626,0.69,us,us20008mlv,2017-05-24T02:48:09.040Z,"47 km ESE of Panauti, Nepal",earthquake,7.5,3.7,0.066,69,reviewed,us,us
2017-03-07T10:28:56.500Z,26.9162,89.1143,10,4,mb,,138,2.805,1.03,us,us100087jx,2017-05-31T01:58:56.040Z,"2 km NE of Samtse, Bhutan",earthquake,6.2,1.9,0.133,15,reviewed,us,us
2017-03-14T16:39:56.790Z,27.2997,96.7901,54.22,4.4,mb,,116,3.792,0.77,us,us100088wt,2017-06-07T00:33:39.040Z,"89 km SSE of Hayuliang, India",earthquake,7.8,8.7,0.127,18,reviewed,us,us
2017-03-26T21:42:11.940Z,27.1419,88.5534,24.39,4.5,mb,,116,2.934,0.81,us,us20008uvs,2017-06-16T23:07:58.040Z,"4 km SSE of Rangpo, India",earthquake,6.6,5.5,0.069,62,reviewed,us,us
2017-03-26T22:54:51.700Z,30.5998,83.6889,34.76,4.2,mb,,120,6.503,0.97,us,us20008uw0,2017-06-16T23:07:58.040Z,"204 km NW of Saga, China",earthquake,9.4,6.2,0.112,22,reviewed,us,us
2017-04-24T15:04:30.130Z,29.6836,81.3034,18.73,4.3,mb,,187,7.906,0.81,us,us10008kia,2017-07-21T02:32:04.040Z,"58 km NE of Dipayal, Nepal",earthquake,12,6.4,0.111,23,reviewed,us,us
2017-04-27T02:10:11.800Z,29.2836,86.0168,8,4.4,mb,,69,1.682,0.81,us,us10008l7a,2017-07-21T02:32:08.040Z,"76 km E of Saga, China",earthquake,7.6,4.9,0.098,30,reviewed,us,us
2017-05-16T22:13:19.060Z,27.3266,88.1714,10,4.2,mb,,164,3.739,0.62,us,us10008udz,2017-08-05T03:32:09.040Z,"9 km WNW of Gyalshing, India",earthquake,5.5,1.9,0.107,24,reviewed,us,us
2017-05-18T23:07:04.660Z,30.3205,96.8954,28.76,4.5,mb,,48,5.04,0.71,us,us10008tg3,2017-08-05T03:32:11.040Z,"Eastern Xizang",earthquake,8.7,5.4,0.059,83,reviewed,us,us
2017-05-24T03:16:29.050Z,27.5189,90.1818,28.39,4.4,mb,,126,2.329,0.72,us,us10008wn2,2017-08-10T01:34:00.040Z,"28 km E of Wangdue Phodrang, Bhutan",earthquake,8.2,6.7,0.102,28,reviewed,us,us
2017-06-16T21:43:11.230Z,29.9367,95.1768,24.75,4.2,mb,,150,3.526,0.58,us,us20009n6t,2017-08-18T23:13:31.040Z,"174 km NNE of Shi Yomi, India",earthquake,6.5,9,0.115,21,reviewed,us,us
2017-07-02T01:58:27.200Z,27.2384,86.1159,10,4.8,mb,,98,5.048,0.82,us,us100095t8,2017-10-03T00:47:44.040Z,"59 km NNE of Janakpur, Nepal",earthquake,8,1.9,0.054,107,reviewed,us,us
2017-07-02T13:01:49.990Z,31.9019,95.0788,13.94,4.3,mb,,109,4.044,0.62,us,us100097wu,2017-10-03T00:47:45.040Z,"217 km WNW of Qamdo, China",earthquake,12.7,5.4,0.122,19,reviewed,us,us
2017-07-09T07:59:49.770Z,29.0249,95.7052,19.48,4.5,mb,,74,4.052,0.56,us,us100098ci,2017-10-06T23:56:10.040Z,"112 km NNE of P?sigh?t, India",earthquake,8.2,5.1,0.089,37,reviewed,us,us
2017-07-15T16:35:28.630Z,28.8507,81.6418,27.7,4.3,mb,,165,8.327,1.24,us,us20009wlh,2022-08-07T12:11:16.805Z,"6 km W of Dailekh, Nepal",earthquake,8.9,6.1,0.116,21,reviewed,us,us
2017-07-15T16:56:18.150Z,30.6609,82.7985,51.53,4.6,mb,,66,7.272,0.61,us,us20009wlk,2017-10-06T23:56:19.040Z,"161 km ENE of Burang, China",earthquake,8.7,6.7,0.051,112,reviewed,us,us
2017-07-20T09:26:15.130Z,31.6987,95.4825,10,4.1,mb,,107,4.245,0.5,us,us2000a0vh,2017-10-11T01:03:58.040Z,"173 km WNW of Qamdo, China",earthquake,12.2,2,0.174,9,reviewed,us,us
2017-08-07T13:12:36.150Z,31.799,94.7338,32.5,4.4,mb,,141,3.742,0.83,us,us2000a5hs,2017-10-25T00:38:01.040Z,"243 km WNW of Qamdo, China",earthquake,5.9,5.8,0.11,24,reviewed,us,us
2017-08-11T02:40:35.890Z,31.0571,92.7061,29.39,4.2,mb,,170,1.919,0.74,us,us2000a76m,2017-10-25T00:38:08.040Z,"77 km SE of Nagqu, China",earthquake,11.7,7.3,0.152,12,reviewed,us,us
2017-08-12T17:10:01.370Z,30.3422,94.8528,28.2,5,mb,,38,3.293,0.57,us,us2000a7lp,2022-05-03T18:35:21.638Z,"206 km NNE of Shi Yomi, India",earthquake,8.4,4.9,0.051,120,reviewed,us,us
2017-08-12T17:46:39.820Z,30.5084,95.0448,39.61,4.2,mb,,143,3.488,1.08,us,us2000a8u0,2017-10-25T00:38:10.040Z,"215 km WSW of Qamdo, China",earthquake,11.3,8.4,0.121,19,reviewed,us,us
2017-08-14T07:58:29.860Z,30.3157,95.0857,10,4.2,mb,,83,5.526,1.19,us,us2000a9dw,2017-11-14T01:42:07.040Z,"209 km NNE of Shi Yomi, India",earthquake,11.9,1.9,0.118,20,reviewed,us,us
2017-08-21T01:12:14.320Z,30.3667,94.9281,10,4.9,mb,,95,3.361,0.77,us,us2000aa25,2017-11-22T03:43:26.040Z,"210 km NNE of Shi Yomi, India",earthquake,8.4,1.8,0.065,73,reviewed,us,us
2017-08-21T01:14:35.080Z,30.4658,94.704,10,4.6,mb,,118,3.192,0.81,us,us2000aa26,2017-11-22T03:43:26.040Z,"216 km N of Shi Yomi, India",earthquake,11.3,1.9,0.101,29,reviewed,us,us
2017-08-21T09:18:34.330Z,30.3971,95.0948,10,4.4,mb,,116,3.508,0.98,us,us2000aa4c,2017-11-22T03:43:26.040Z,"215 km WSW of Qamdo, China",earthquake,12.1,2,0.097,31,reviewed,us,us
2017-08-21T12:03:13.970Z,27.5881,86.1237,10,4.5,mb,,142,4.875,1.03,us,us2000aa5v,2017-11-22T03:43:27.040Z,"44 km SSE of Kod?ri??, Nepal",earthquake,7.1,1.8,0.079,47,reviewed,us,us
2017-08-22T00:50:35.830Z,29.3871,81.1558,10,4.6,mb,,64,7.96,0.77,us,us2000aah5,2017-11-22T03:43:28.040Z,"25 km ENE of Dipayal, Nepal",earthquake,9.1,1.9,0.078,49,reviewed,us,us
2017-10-01T12:18:17.300Z,28.6799,96.3197,34.7,4,mb,,118,4.653,0.8,us,us2000b22r,2018-01-03T01:54:41.040Z,"70 km NNW of Hayuliang, India",earthquake,8,5.9,0.156,11,reviewed,us,us
2017-10-06T17:44:22.220Z,30.0189,86.7671,10,4.4,mb,,93,3.8,0.77,us,us2000b260,2018-01-03T01:54:48.040Z,"167 km ENE of Saga, China",earthquake,4.5,1.8,0.08,47,reviewed,us,us
2017-11-06T03:09:03.590Z,29.6127,81.2918,10,4.6,mb,,149,8.558,0.5,us,us2000bj36,2018-01-31T03:04:40.040Z,"51 km NE of Dipayal, Nepal",earthquake,9.1,1.9,0.09,37,reviewed,us,us
2017-11-07T19:06:41.830Z,30.2645,87.4355,9.83,4.6,mb,,95,3.251,0.99,us,us2000bjyl,2022-08-07T20:55:21.313Z,"179 km NW of Rikaze, China",earthquake,4.3,4.2,0.065,72,reviewed,us,us
2017-11-15T01:24:59.200Z,30.9963,95.1873,10,4.3,mb,,117,3.738,0.92,us,us2000btyi,2018-02-06T02:45:34.040Z,"190 km W of Qamdo, China",earthquake,7.1,1.8,0.116,21,reviewed,us,us
2017-11-17T22:34:19.450Z,29.8333,94.9838,8,6.4,mww,,13,3.355,0.76,us,us2000bqsn,2022-05-03T20:02:37.973Z,"156 km NNE of Shi Yomi, India",earthquake,7,1.7,0.043,52,reviewed,us,us
2017-11-18T00:32:01.910Z,29.9311,94.8843,10,5.1,mb,,23,3.273,0.73,us,us2000bqtu,2022-08-07T21:21:18.996Z,"163 km NNE of Shi Yomi, India",earthquake,7.8,1.8,0.039,214,reviewed,us,us
2017-11-18T02:13:40.430Z,30.063,95.1719,10,4.1,mb,,129,3.531,1.14,us,us2000bqva,2018-02-06T02:45:41.040Z,"186 km NNE of Shi Yomi, India",earthquake,12.1,2,0.139,14,reviewed,us,us
2017-11-18T03:36:06.040Z,29.968,95.2211,10,4.2,mb,,129,3.567,0.95,us,us2000bqvi,2018-02-06T02:45:41.040Z,"179 km NNE of Shi Yomi, India",earthquake,6.7,1.9,0.132,16,reviewed,us,us
2017-11-18T05:59:44.980Z,30.0082,95.0046,10,4.2,mb,,148,3.382,0.88,us,us2000buy0,2018-02-06T02:45:41.040Z,"174 km NNE of Shi Yomi, India",earthquake,6.3,2,0.128,17,reviewed,us,us
2017-11-18T21:24:49.880Z,29.8332,95.0334,10,4.4,mb,,84,3.398,0.99,us,us2000br5p,2018-02-06T02:45:42.040Z,"158 km NNE of Shi Yomi, India",earthquake,9.9,1.9,0.105,26,reviewed,us,us
2017-11-19T08:52:24.170Z,29.9471,95.4494,10,4.1,mb,,62,3.763,0.51,us,us2000brb3,2018-02-14T02:01:02.040Z,"188 km NE of Shi Yomi, India",earthquake,5.3,2,0.13,16,reviewed,us,us
2017-11-23T02:14:16.930Z,29.8244,95.2161,26.27,4.5,mb,,53,3.557,0.6,us,us2000btdi,2022-08-07T21:27:49.734Z,"165 km NNE of Shi Yomi, India",earthquake,8.6,5.6,0.071,58,reviewed,us,us
2017-11-23T02:59:45.380Z,29.8252,95.2012,10,4.1,mb,,78,3.544,0.46,us,us1000bjt0,2018-02-14T02:01:11.040Z,"164 km NNE of Shi Yomi, India",earthquake,10.1,2,0.151,12,reviewed,us,us
2017-11-23T07:13:47.230Z,29.9261,95.1799,10,4.7,mb,,53,3.529,0.74,us,us2000btfh,2018-02-14T02:01:12.040Z,"173 km NNE of Shi Yomi, India",earthquake,8.9,1.9,0.082,45,reviewed,us,us
2017-12-02T23:43:44.930Z,27.2856,88.0806,10,4.2,mb,,146,3.604,0.77,us,us1000bkfr,2018-02-20T09:06:12.040Z,"17 km W of Gyalshing, India",earthquake,9.5,1.9,0.098,29,reviewed,us,us
2017-12-05T02:24:15.820Z,26.609,96.3627,89.32,4.2,mb,,75,3.015,0.77,us,us2000c3gs,2018-02-28T02:32:26.040Z,"63 km NW of Sarupathar, India",earthquake,9.9,5.2,0.089,35,reviewed,us,us
2017-12-06T15:19:49.970Z,30.6339,79.1601,10,5.1,mb,,50,5.831,0.75,us,us1000bmru,2022-05-03T19:01:49.119Z,"34 km NW of P?palkoti, India",earthquake,8.1,1.8,0.04,199,reviewed,us,us
2017-12-08T02:51:18.860Z,27.7618,86.1471,10,5,mb,,40,4.781,0.68,us,us2000c1xk,2022-05-03T19:01:51.566Z,"28 km SE of Kod?ri??, Nepal",earthquake,8.5,1.8,0.046,151,reviewed,us,us
2017-12-10T21:37:05.140Z,29.9322,95.0733,24.12,4.5,mb,,72,3.436,0.79,us,us2000c2pc,2018-03-06T00:49:35.040Z,"169 km NNE of Shi Yomi, India",earthquake,7.8,4.6,0.09,36,reviewed,us,us
2017-12-17T06:20:41.840Z,27.6391,94.2556,15.94,4.6,mb,,113,2.979,0.65,us,us2000c5d1,2022-08-07T22:16:15.784Z,"36 km WNW of Dhem?ji, India",earthquake,5.2,4.9,0.087,40,reviewed,us,us
2017-12-19T17:40:55.590Z,29.964,95.0865,27.66,5.1,mb,,23,3.45,0.67,us,us1000bt6r,2022-05-03T19:01:53.989Z,"173 km NNE of Shi Yomi, India",earthquake,7.2,4.2,0.039,217,reviewed,us,us
2017-12-29T16:19:14.310Z,26.6901,96.1232,76.88,4.7,mb,,55,2.952,0.92,us,us1000bxqd,2018-03-17T01:54:38.040Z,"66 km ESE of Khonsa, India",earthquake,7.6,7.2,0.06,83,reviewed,us,us
2018-01-03T17:28:36.690Z,30.408,96.9096,10,4.5,mb,,55,6.577,1.31,us,us1000bzdq,2018-03-23T23:16:49.040Z,"84 km SSW of Qamdo, China",earthquake,7.9,1.9,0.08,46,reviewed,us,us
2018-01-20T01:14:27.260Z,26.1323,89.8746,11.47,4.5,mb,,67,1.872,0.79,us,us2000clmv,2018-04-10T01:11:48.040Z,"6 km ENE of Golakganj, India",earthquake,6.8,4.6,0.075,53,reviewed,us,us
2018-02-08T20:56:30.090Z,30.3854,87.8193,10,4.2,mb,,55,2.573,0.93,us,us2000cz3t,2018-05-03T22:15:05.040Z,"162 km NW of Rikaze, China",earthquake,9.1,1.8,0.084,39,reviewed,us,us
2018-02-11T13:12:25.570Z,30.4816,87.4907,12.07,4.2,mb,,95,2.583,0.83,us,us2000d0j6,2018-05-03T22:15:10.040Z,"191 km NW of Rikaze, China",earthquake,7.3,4.9,0.115,24,reviewed,us,us
2018-02-15T03:28:07.070Z,28.3621,97.5473,15.08,4.2,mb,,166,5.042,0.89,us,us2000d2hu,2018-05-15T06:29:07.040Z,"103 km ENE of Hayuliang, India",earthquake,8.4,5.9,0.136,15,reviewed,us,us
2018-02-28T10:35:16.460Z,30.3194,87.3792,10,4,mb,,97,2.404,0.53,us,us1000d25t,2018-05-27T01:06:05.040Z,"187 km NW of Rikaze, China",earthquake,8.4,1.9,0.119,19,reviewed,us,us
2018-03-01T17:27:17.180Z,30.362,87.6339,11.41,4.9,mb,,37,2.5,0.72,us,us2000d9t7,2022-05-03T18:48:46.220Z,"172 km NW of Rikaze, China",earthquake,8.1,4.3,0.046,149,reviewed,us,us
2018-03-21T22:58:23.210Z,26.3137,89.9018,10,4,mb,,163,3.204,0.9,us,us1000d7b4,2022-08-08T02:24:04.273Z,"15 km SSW of Goshaingaon, India",earthquake,7.7,1.6,0.116,20,reviewed,us,us
2018-04-02T11:42:10.860Z,26.4448,96.9676,10,4.9,mb,,64,3.269,0.95,us,us1000dcdk,2018-06-30T01:11:24.040Z,"30 km NNE of Sarupathar, India",earthquake,4.9,1.9,0.066,72,reviewed,us,us
2018-04-03T16:59:30.030Z,29.8972,95.0012,25.59,4.1,mb,,114,3.372,0.41,us,us1000ddqf,2018-06-30T01:11:26.040Z,"163 km NNE of Shi Yomi, India",earthquake,8.9,5.4,0.117,20,reviewed,us,us
2018-04-12T19:51:49.610Z,31.4116,80.6072,10,4.1,mb,,162,6.4,1.01,us,us2000dz45,2018-07-07T02:25:20.040Z,"135 km NNW of Burang, China",earthquake,7.5,1.9,0.135,15,reviewed,us,us
2018-04-19T22:52:37.900Z,31.2589,80.4048,29.83,4,mb,,163,6.474,0.98,us,us1000dnx9,2018-07-17T02:05:32.040Z,"111 km NE of Josh?math, India",earthquake,6.3,8.8,0.134,15,reviewed,us,us
2018-05-08T13:07:39.950Z,28.0604,87.4282,32.61,4,mb,,127,0.554,0.64,us,us1000e2zc,2018-08-08T15:20:49.040Z,"61 km ENE of Lobujya, Nepal",earthquake,7.6,9.1,0.196,7,reviewed,us,us
2018-05-10T20:01:51.640Z,28.4517,87.421,4.66,4.4,mb,,80,0.728,0.68,us,us1000e2bu,2018-08-08T15:20:15.040Z,"81 km NE of Lobujya, Nepal",earthquake,7.6,5.2,0.075,51,reviewed,us,us
2018-05-21T10:51:02.750Z,31.7412,78.4799,10,4.5,mb,,104,4.788,0.82,us,us1000e99b,2018-08-21T21:23:47.040Z,"69 km ENE of Sar?han, India",earthquake,5.2,1.8,0.097,31,reviewed,us,us
2018-05-25T12:43:55.610Z,26.4604,94.3715,59.43,4.4,mb,,86,2.222,1.2,us,us1000eek1,2018-08-21T21:23:55.040Z,"20 km NW of Mokokch?ng, India",earthquake,8.1,6.5,0.12,20,reviewed,us,us
2018-05-25T20:25:46.260Z,26.3926,93.5059,49.17,4,mb,,61,1.697,1.07,us,us1000eek9,2018-08-21T21:23:55.040Z,"29 km SSW of Bok?kh?t, India",earthquake,7.7,8.5,0.122,19,reviewed,us,us
2018-06-02T05:46:07.210Z,27.1823,96.9851,38.89,4.9,mww,,26,3.809,0.66,us,us1000ehai,2022-05-03T19:15:02.911Z,"107 km SSE of Hayuliang, India",earthquake,7.2,5.2,0.103,9,reviewed,us,us
2018-06-05T01:34:36.810Z,29.6464,81.6777,10,4.7,mb,,109,8.203,0.51,us,us1000eiq5,2018-08-29T16:33:52.040Z,"64 km NW of Jumla, Nepal",earthquake,8.9,1.9,0.047,140,reviewed,us,us
2018-06-06T17:41:24.020Z,30.7553,78.9228,10,4.5,mb,,151,5.594,1.19,us,us1000ejt1,2018-08-29T16:34:38.040Z,"45 km E of Uttark?shi, India",earthquake,10.2,1.9,0.081,44,reviewed,us,us
2018-06-11T04:53:50.390Z,26.3263,92.6686,47.34,4.9,mb,,36,1.052,0.8,us,us1000en44,2022-05-03T19:16:40.235Z,"18 km NE of Rah?, India",earthquake,7.1,6.6,0.049,131,reviewed,us,us
2018-06-12T13:08:45.390Z,26.3289,96.4714,116.86,4.2,mb,,75,2.869,0.67,us,us1000erl8,2018-09-07T17:47:03.040Z,"36 km WNW of Sarupathar, India",earthquake,10.2,9.2,0.099,28,reviewed,us,us
2018-06-14T00:42:07.560Z,30.8612,78.2815,10,4.4,mb,,166,5.075,0.76,us,us1000ewlh,2018-09-07T17:47:09.040Z,"9 km NE of Barkot, India",earthquake,4.9,1.9,0.12,20,reviewed,us,us
2018-06-17T15:07:37.130Z,27.4201,88.4739,49.76,4.4,mb,,126,1.568,0.65,us,us1000etxu,2018-09-07T17:47:08.040Z,"11 km SSW of Mangan, India",earthquake,4.9,7.4,0.071,57,reviewed,us,us
2018-06-20T04:08:59.880Z,26.9633,87.505,38.3,4.4,mb,,137,4.2,0.72,us,us1000f21r,2018-09-19T15:15:59.040Z,"17 km E of Dhankut?, Nepal",earthquake,10,6.3,0.058,86,reviewed,us,us
2018-06-20T04:15:26.410Z,27.1508,87.8133,52.91,4.4,mb,,85,3.87,0.54,us,us1000ew5i,2018-09-19T15:15:50.040Z,"29 km NNW of Il?m, Nepal",earthquake,8.7,7.5,0.057,88,reviewed,us,us
2018-06-28T00:30:53.070Z,30.3943,87.5273,10,4.2,mb,,85,2.506,1.35,us,us2000fwzk,2018-09-21T16:26:00.040Z,"182 km NW of Rikaze, China",earthquake,4.7,1.9,0.112,22,reviewed,us,us
2018-06-28T04:07:47.290Z,27.8919,84.8272,10,4.8,mb,,96,1.757,0.51,us,us2000fpul,2018-09-21T16:25:47.040Z,"45 km ENE of Bharatpur, Nepal",earthquake,7.6,1.9,0.048,131,reviewed,us,us
2018-07-02T03:24:43.280Z,30.3108,97.0786,10,4.5,mb,,73,5.197,0.94,us,us2000fyc6,2018-09-27T14:03:42.040Z,"91 km N of Qamdo, China",earthquake,9.9,1.9,0.099,30,reviewed,us,us
2018-07-07T03:14:27.690Z,31.8069,83.7746,10,4.4,mb,,132,4.654,0.66,us,us2000fyx2,2018-09-27T14:03:43.040Z,"299 km ENE of Burang, China",earthquake,8.7,1.9,0.096,31,reviewed,us,us
2018-07-30T21:23:29.290Z,29.4195,90.341,19.98,4,mb,,85,0.74,1.07,us,us2000ghl9,2018-10-16T15:34:18.040Z,"70 km SSW of Dêqên, China",earthquake,4.6,7.2,0.182,8,reviewed,us,us
2018-08-01T15:45:31.740Z,30.4062,87.4905,10,4.3,mb,,52,2.51,1.34,us,us1000g478,2018-10-16T15:34:18.040Z,"185 km NW of Rikaze, China",earthquake,4.7,1.9,0.077,48,reviewed,us,us
2018-08-01T15:46:23.750Z,30.3493,87.6027,10,5.2,mww,,45,2.48,0.92,us,us2000gj0i,2022-05-03T19:27:09.892Z,"173 km NW of Rikaze, China",earthquake,7.1,1.8,0.086,13,reviewed,us,us
2018-08-07T21:29:53.000Z,31.1035,95.0118,10,4.2,mb,,121,3.634,0.55,us,us1000g52a,2018-10-17T18:11:58.040Z,"206 km W of Qamdo, China",earthquake,10.6,1.9,0.115,21,reviewed,us,us
2018-09-12T04:50:46.570Z,26.3711,90.1611,10,5.3,mww,,18,1.723,0.64,us,us2000hd8v,2022-05-03T19:29:55.826Z,"5 km NE of Sapatgr?m, India",earthquake,6.3,1.7,0.078,16,reviewed,us,us
2018-09-25T03:47:30.020Z,26.0547,90.8859,10,4.4,mb,,89,1,0.74,us,us2000hjlb,2022-08-08T08:35:27.325Z,"29 km ESE of Go?lp?ra, India",earthquake,4.8,1.9,0.117,21,reviewed,us,us
2018-10-05T07:08:11.750Z,28.874,81.5789,10,4.4,mb,,141,8.379,1.17,us,us1000han2,2018-12-14T20:32:46.040Z,"13 km WNW of Dailekh, Nepal",earthquake,9.2,2,0.17,10,reviewed,us,us
2018-10-05T07:15:04.390Z,28.7099,81.4792,10,4.3,mb,,178,8.49,1.28,us,us1000h7ex,2018-12-14T20:32:41.040Z,"18 km NW of Birendranagar, Nepal",earthquake,7.1,2,0.169,10,reviewed,us,us
2018-10-22T15:10:05.270Z,30.2176,87.6309,11.42,4.5,mb,,92,2.362,1.05,us,us1000hh32,2019-01-10T17:18:36.040Z,"161 km NW of Rikaze, China",earthquake,10.7,3.7,0.171,16,reviewed,us,us
2018-10-22T16:49:36.120Z,30.4664,87.7783,13.83,4.8,mb,,41,2.637,0.94,us,us1000hfnn,2022-05-03T19:36:04.315Z,"171 km NW of Rikaze, China",earthquake,7.7,4.2,0.06,87,reviewed,us,us
2018-10-31T01:49:29.220Z,30.3789,87.6483,10,4.7,mb,,52,2.52,0.95,us,us2000i4dg,2019-01-21T14:29:40.040Z,"172 km NW of Rikaze, China",earthquake,8.1,1.8,0.053,108,reviewed,us,us
2018-10-31T23:09:01.530Z,30.2891,87.4647,10,5,mb,,63,3.23,0.93,us,us2000i4zp,2019-01-21T14:29:41.040Z,"179 km NW of Rikaze, China",earthquake,7.6,1.7,0.052,119,reviewed,us,us
2018-11-02T10:31:55.700Z,29.964,95.158,10,4.3,mb,,82,3.512,0.86,us,us1000hpqv,2019-01-21T14:29:43.040Z,"176 km NNE of Shi Yomi, India",earthquake,10,1.9,0.107,25,reviewed,us,us
2018-11-07T02:34:02.960Z,30.5052,87.9351,10,4.4,mb,,87,2.721,0.84,us,us2000i7t3,2019-01-21T16:42:51.040Z,"166 km NNW of Rikaze, China",earthquake,5.7,1.8,0.109,24,reviewed,us,us
2018-11-11T07:07:31.800Z,29.9248,80.6472,10,4.5,mb,,109,5.746,0.87,us,us1000hqj0,2019-01-21T16:42:58.040Z,"14 km NE of D?rchul?, Nepal",earthquake,6,1.9,0.096,32,reviewed,us,us
2018-11-24T21:03:22.310Z,27.3188,97.1847,10,4.3,mb,,118,4.027,0.78,us,us1000hw7r,2019-02-02T20:02:29.040Z,"104 km SE of Hayuliang, India",earthquake,7,1.9,0.119,20,reviewed,us,us
2018-11-28T06:28:18.620Z,30.488,87.8361,10,4.1,mb,,88,2.674,1.29,us,us1000hxbt,2019-02-09T19:02:11.040Z,"170 km NW of Rikaze, China",earthquake,8.7,1.9,0.174,9,reviewed,us,us
2018-11-28T10:17:06.970Z,27.1986,96.9185,11,5.4,mww,,18,3.783,0.83,us,us1000hxdh,2022-08-08T10:19:18.314Z,"103 km SSE of Hayuliang, India",earthquake,7.1,1.7,0.058,29,reviewed,us,us
2018-12-01T15:07:26.550Z,28.0036,92.6174,10,4.8,mb,,75,2.139,1.31,us,us1000hznd,2022-05-03T19:40:33.569Z,"83 km NE of Tawang, India",earthquake,4.4,1.9,0.072,60,reviewed,us,us
2018-12-22T23:21:54.860Z,27.7764,85.5548,10,4.1,mb,,172,5.255,0.51,us,us2000iwg3,2019-02-23T20:22:33.040Z,"7 km NNE of Nagarkot, Nepal",earthquake,10.8,1.9,0.096,30,reviewed,us,us
2018-12-23T11:21:00.090Z,27.4151,96.382,10,4.3,mb,,110,3.685,0.7,us,us2000iwn3,2019-02-23T20:22:39.040Z,"60 km SSE of Tezu, India",earthquake,9.6,1.9,0.09,35,reviewed,us,us
2018-12-23T19:32:22.060Z,30.4079,87.62,10,5.8,mww,,32,2.54,1.18,us,us2000iws8,2022-05-03T19:42:26.122Z,"177 km NW of Rikaze, China",earthquake,2.6,1.7,0.061,26,reviewed,us,us
2018-12-23T19:35:20.200Z,30.4684,86.7946,10,5,mb,,110,2.501,1.44,us,us2000j2xb,2019-02-23T20:23:35.040Z,"197 km NE of Saga, China",earthquake,7.6,2,0.133,18,reviewed,us,us
2018-12-23T19:36:56.920Z,30.1798,87.4547,10,4.9,mb,,93,2.283,1.21,us,us2000j2x3,2019-02-23T20:23:34.040Z,"172 km NW of Rikaze, China",earthquake,8.9,1.9,0.12,22,reviewed,us,us
2018-12-23T20:32:19.670Z,26.4496,96.6002,115.7,4.7,mb,,32,3.035,1.36,us,us2000iwsy,2022-08-08T10:55:49.554Z,"34 km NW of Sarupathar, India",earthquake,7.7,7.9,0.058,91,reviewed,us,us
2018-12-24T18:40:40.380Z,30.2227,87.4245,10,4.2,mb,,96,2.318,1.2,us,us2000ix7f,2019-03-05T17:46:32.040Z,"177 km NW of Rikaze, China",earthquake,6.7,1.9,0.11,23,reviewed,us,us
2019-01-20T02:52:03.730Z,30.0401,95.1522,10,4.6,mb,,112,3.512,0.79,us,us2000j6j5,2019-04-05T21:41:01.040Z,"Eastern Xizang",earthquake,8,1.9,0.072,58,reviewed,us,us
2019-01-20T14:28:30.290Z,30.3908,87.6229,9.85,5.2,mb,,37,6.09,0.67,us,us2000j6mf,2025-12-22T17:53:35.935Z,"175 km NW of Rikaze, China",earthquake,7.8,3.2,0.038,233,reviewed,us,us
2019-01-20T15:06:39.170Z,30.3859,87.6754,9.97,4.7,mb,,83,2.533,0.72,us,us2000j6mj,2019-04-05T21:41:01.040Z,"171 km NW of Rikaze, China",earthquake,6.4,3.6,0.067,67,reviewed,us,us
2019-01-22T16:45:15.580Z,27.2579,86.9202,10,4.3,mb,,162,0.704,0.58,us,us2000j7bw,2019-04-12T17:14:00.040Z,"15 km NW of Bhojpur, Nepal",earthquake,5.9,1.9,0.104,26,reviewed,us,us
2019-02-06T13:30:27.060Z,29.2611,87.2216,10,4.1,mb,,136,3.433,1.16,us,us2000je65,2019-04-25T15:31:45.040Z,"150 km NNE of Lobujya, Nepal",earthquake,10.2,1.9,0.094,31,reviewed,us,us
2019-02-07T05:35:48.490Z,29.2915,87.2699,10,4.2,mb,,65,3.387,0.97,us,us2000jele,2019-04-25T15:31:49.040Z,"155 km NNE of Lobujya, Nepal",earthquake,6.7,1.9,0.09,34,reviewed,us,us
2019-02-07T08:49:37.010Z,26.0047,96.8478,10,4.3,mb,,72,2.907,0.74,us,us2000jenq,2019-04-25T15:31:49.040Z,"22 km S of Sarupathar, India",earthquake,9,1.9,0.114,22,reviewed,us,us
2019-02-10T03:22:05.370Z,27.3345,96.3645,10,5,mww,,35,3.608,1.25,us,us2000jfur,2025-12-22T18:03:11.879Z,"68 km SSE of Tezu, India",earthquake,7.4,1.8,0.069,20,reviewed,us,us
2019-03-06T00:45:51.040Z,30.1682,87.368,10,4.1,mb,,141,3.295,1.24,us,us1000jgar,2019-05-24T21:21:36.040Z,"178 km NW of Rikaze, China",earthquake,10.5,1.9,0.106,24,reviewed,us,us
2019-03-14T15:17:36.774Z,26.1211,96.9489,45.71,4.3,mb,,84,3.05,0.62,us,us1000jkba,2019-06-01T21:24:28.040Z,"16 km SE of Sarupathar, India",earthquake,9.2,9,0.1,28,reviewed,us,us
2019-04-12T09:27:50.400Z,30.1742,87.4938,10,4.5,mb,,76,3.188,0.9,us,us700034w6,2019-06-20T19:03:22.040Z,"169 km NW of Rikaze, China",earthquake,6.2,1.8,0.062,77,reviewed,us,us
2019-04-14T22:42:42.875Z,29.5192,81.2864,10,4,mb,,180,5.094,1.06,us,us7000362n,2019-06-20T19:03:38.040Z,"44 km NE of Dipayal, Nepal",earthquake,11,1.9,0.173,9,reviewed,us,us
2019-04-23T20:15:50.777Z,28.4073,94.5605,14,5.9,mww,,20,3.271,0.85,us,us70003axc,2025-12-22T17:54:15.702Z,"22 km SE of Shi Yomi, India",earthquake,7,1.8,0.062,25,reviewed,us,us
2019-04-24T00:44:31.986Z,27.7651,85.0667,27.34,4.7,mb,,47,1.556,0.71,us,us70003b3q,2019-07-13T18:42:35.040Z,"22 km WNW of Kirtipur, Nepal",earthquake,7,3.7,0.043,165,reviewed,us,us
2019-04-27T06:27:02.999Z,26.4403,93.0258,43.81,4.6,mb,,63,1.365,0.71,us,us70003cvu,2019-07-13T18:42:42.040Z,"31 km SE of Tezpur, India",earthquake,6.8,4.8,0.076,52,reviewed,us,us
2019-04-30T09:31:56.888Z,29.533,85.3709,10,4.2,mb,,153,2.015,0.66,us,us70003iw6,2019-07-25T18:54:01.040Z,"27 km NNE of Saga, China",earthquake,10,1.9,0.093,32,reviewed,us,us
2019-05-04T11:04:01.133Z,26.2288,95.7216,85.93,5.2,mww,,16,2.37,0.94,us,us70003gm1,2025-12-22T18:09:06.546Z,"86 km SE of Mon, India",earthquake,7.3,4.7,0.063,24,reviewed,us,us
2019-05-11T18:51:01.960Z,28.8684,81.5715,31.28,4.5,mb,,82,4.703,0.74,us,us70003jv2,2019-08-01T17:15:11.040Z,"13 km W of Dailekh, Nepal",earthquake,7.7,3.8,0.062,77,reviewed,us,us
2019-05-17T08:23:37.430Z,27.9487,84.7453,10,4.7,mb,,167,1.828,0.98,us,us70003mg6,2019-08-07T22:03:44.040Z,"42 km NE of Bharatpur, Nepal",earthquake,9.1,1.9,0.083,44,reviewed,us,us
2019-05-25T05:17:24.276Z,27.6468,86.3425,10,4.5,mb,,147,4.676,0.64,us,us60003s00,2019-08-13T14:30:35.040Z,"40 km WSW of Namche Bazar, Nepal",earthquake,9.8,1.9,0.075,52,reviewed,us,us
2019-05-25T15:23:59.917Z,29.5741,81.4056,49.39,4,mb,,219,5.011,0.99,us,us60003s4n,2019-08-13T14:30:37.040Z,"56 km NE of Dipayal, Nepal",earthquake,13.8,21.5,0.164,10,reviewed,us,us
2019-05-26T01:44:55.302Z,30.3288,87.661,10,4.7,mb,,51,2.475,1.34,us,us60003s91,2019-08-13T14:30:37.040Z,"168 km NW of Rikaze, China",earthquake,8.4,1.9,0.06,84,reviewed,us,us
2019-05-26T02:09:27.242Z,30.3347,87.5686,10,4.8,mb,,66,2.458,1.26,us,us60003s9b,2019-08-13T14:30:37.040Z,"174 km NW of Rikaze, China",earthquake,6.9,1.8,0.045,154,reviewed,us,us
2019-06-17T17:58:20.595Z,28.4217,87.173,84.75,4.6,mb,,136,0.56,0.87,us,us600041vn,2019-09-06T14:25:18.040Z,"62 km NE of Lobujya, Nepal",earthquake,10.3,9.4,0.09,37,reviewed,us,us
2019-07-02T00:08:32.929Z,27.7834,94.8947,10,4.4,mb,,172,3.502,0.98,us,us70004i8m,2019-09-26T14:31:03.040Z,"26 km NE of Silapathar, India",earthquake,9.2,2,0.127,18,reviewed,us,us
2019-07-15T17:41:29.981Z,31.7644,91.1874,11.93,4.9,mb,,69,5.368,0.77,us,us70004ksw,2019-09-28T20:01:25.040Z,"88 km WNW of Nagqu, China",earthquake,9.3,4.2,0.042,174,reviewed,us,us
2019-07-19T09:22:15.514Z,27.7188,92.8302,15,5.5,mww,,17,2.313,0.54,us,us70004nrn,2025-12-22T18:13:38.404Z,"64 km NE of Bomdila, India",earthquake,7.6,1.7,0.062,25,reviewed,us,us
2019-07-19T09:52:01.986Z,27.7047,92.7236,10,4.7,mb,,91,2.266,0.67,us,us70004ns7,2019-10-04T16:37:19.040Z,"57 km NNE of Bomdila, India",earthquake,7.2,1.9,0.056,95,reviewed,us,us
2019-07-19T22:54:24.714Z,27.7365,92.8044,10,4.9,mww,,23,2.321,0.65,us,us70004pfb,2019-10-04T16:37:23.040Z,"64 km NE of Bomdila, India",earthquake,5.2,1.7,0.103,9,reviewed,us,us
2019-07-23T06:56:57.384Z,28.8184,95.9771,10,4.5,mb,,55,4.328,0.64,us,us60004y1s,2019-10-11T20:12:22.040Z,"99 km NW of Hayuliang, India",earthquake,3.6,1.9,0.096,32,reviewed,us,us
2019-08-09T12:41:13.913Z,28.4321,83.3273,10,4.4,mb,,101,8.124,0.57,us,us600055zw,2019-10-29T20:33:49.040Z,"31 km NW of B?glung, Nepal",earthquake,11.5,1.9,0.13,17,reviewed,us,us
2019-08-11T02:13:26.332Z,30.3447,94.8731,10,5,mb,,68,3.311,1.11,us,us600053la,2019-10-29T20:33:57.040Z,"206 km NNE of Shi Yomi, India",earthquake,8,1.9,0.037,239,reviewed,us,us
2019-08-11T11:08:00.620Z,30.4138,94.8662,10,4.6,mb,,54,3.318,0.66,us,us600053pp,2019-10-29T20:33:59.040Z,"214 km NNE of Shi Yomi, India",earthquake,5,1.8,0.074,54,reviewed,us,us
2019-08-12T03:06:16.223Z,30.3508,94.7872,10,4.3,mb,,159,3.239,0.7,us,us600053vp,2019-10-29T20:34:02.040Z,"205 km NNE of Shi Yomi, India",earthquake,8.3,1.9,0.099,29,reviewed,us,us
2019-08-12T03:32:29.358Z,30.4088,94.7964,10,4.8,mb,,54,3.258,0.85,us,us600053vm,2019-10-29T20:34:02.040Z,"212 km NNE of Shi Yomi, India",earthquake,4.6,1.8,0.054,107,reviewed,us,us
2019-08-14T08:13:54.632Z,30.4829,94.83,10,4.9,mb,,135,3.301,1.2,us,us600054vx,2019-11-02T15:26:05.040Z,"220 km NNE of Shi Yomi, India",earthquake,10.4,1.9,0.051,122,reviewed,us,us
2019-08-14T23:47:03.718Z,30.3683,94.8628,10,4.9,mb,,100,3.306,0.6,us,us6000558f,2019-11-02T15:26:06.040Z,"209 km NNE of Shi Yomi, India",earthquake,9.6,1.9,0.072,60,reviewed,us,us
2019-08-15T05:42:53.633Z,30.4473,94.8662,35.92,4.5,mb,,167,3.324,0.39,us,us700058d8,2019-11-02T15:26:21.040Z,"217 km NNE of Shi Yomi, India",earthquake,12.2,9.8,0.144,14,reviewed,us,us
2019-08-20T01:08:53.855Z,30.4025,94.7951,10,4.6,mb,,95,5.473,0.55,us,us600057at,2019-11-08T22:13:35.040Z,"211 km NNE of Shi Yomi, India",earthquake,10.8,1.9,0.06,83,reviewed,us,us
2019-08-24T05:50:08.536Z,30.6928,87.8718,10,4.1,mb,,90,2.877,0.37,us,us700059sn,2019-11-08T22:13:53.040Z,"187 km NNW of Rikaze, China",earthquake,6.8,1.9,0.135,15,reviewed,us,us
2019-08-26T02:49:16.737Z,26.4642,96.1069,105.63,4.7,mb,,48,2.76,0.68,us,us7000585z,2019-11-08T22:13:48.040Z,"75 km WNW of Sarupathar, India",earthquake,7,6,0.051,115,reviewed,us,us
2019-08-27T09:57:51.030Z,28.9012,86.4476,10,4.5,mb,,88,0.992,1.18,us,us70005bgh,2019-11-15T17:18:47.040Z,"111 km NNW of Lobujya, Nepal",earthquake,4.3,1.9,0.094,33,reviewed,us,us
2019-09-16T14:33:25.773Z,29.691,80.7419,10,4.5,mb,,165,5.597,0.47,us,us70005h21,2019-12-05T18:31:10.040Z,"24 km SE of D?rchul?, Nepal",earthquake,8.9,1.8,0.151,13,reviewed,us,us
2019-09-22T16:17:01.966Z,28.4605,84.3309,18.23,4.5,mb,,148,6.075,1.06,us,us70005nyj,2019-12-10T17:27:19.040Z,"41 km ENE of Pokhara, Nepal",earthquake,11.8,5.1,0.164,11,reviewed,us,us
2019-09-23T09:36:26.024Z,29.4512,95.0638,10,4.3,mb,,158,3.438,0.52,us,us60005m5l,2019-12-10T17:27:05.040Z,"122 km NNE of Shi Yomi, India",earthquake,12.1,1.9,0.133,16,reviewed,us,us
2019-09-26T13:04:21.563Z,28.0869,84.4371,10,4.4,mb,,177,6.082,0.8,us,us70005lmv,2019-12-20T19:02:51.040Z,"45 km N of Bharatpur, Nepal",earthquake,11.5,1.9,0.101,28,reviewed,us,us
2019-09-28T04:58:27.168Z,30.026,81.5319,10,4.4,mb,,183,7.903,0.82,us,us70005s36,2019-12-20T19:04:30.040Z,"45 km SE of Burang, China",earthquake,5.8,2,0.268,4,reviewed,us,us
2019-10-07T12:35:46.401Z,27.293,91.3145,10,4.7,mb,,104,1.786,0.9,us,us70005rkb,2019-12-27T15:51:06.040Z,"7 km ENE of Mongar, Bhutan",earthquake,5,1.8,0.069,63,reviewed,us,us
2019-10-26T10:54:09.937Z,30.5449,87.3847,10.44,4,mb,,88,2.625,0.52,us,us6000638h,2020-01-11T21:26:43.040Z,"203 km NW of Rikaze, China",earthquake,7.7,4.4,0.113,21,reviewed,us,us
2019-11-12T02:00:26.426Z,30.0659,80.2927,10,4.3,mb,,94,6.082,0.51,us,us60006ag4,2020-02-07T20:20:14.040Z,"32 km NW of Dh?rchula, India",earthquake,8.7,1.9,0.113,22,reviewed,us,us
2019-11-13T13:10:54.879Z,26.1728,93.3051,51.25,4.7,mb,,70,1.438,0.65,us,us60006b1v,2020-10-10T18:03:57.799Z,"38 km NNW of Diphu, India",earthquake,5.6,7.5,0.093,35,reviewed,us,us
2019-11-19T13:30:55.900Z,29.3228,81.1433,10,5,mww,,33,5.163,0.63,us,us700069vd,2020-02-14T22:02:04.040Z,"20 km ENE of Dipayal, Nepal",earthquake,7.9,1.8,0.103,9,reviewed,us,us
2019-11-21T14:11:09.692Z,26.145,91.1372,48.16,4.3,mb,,163,0.866,0.34,us,us70006b0f,2020-02-14T22:02:09.040Z,"23 km SSE of Barpeta, India",earthquake,11.9,9,0.147,13,reviewed,us,us
2019-11-27T00:18:32.422Z,28.1658,87.8728,64.65,4.4,mb,,105,0.96,0.58,us,us70006diu,2020-02-19T18:58:09.040Z,"96 km NW of Mangan, India",earthquake,3,6.5,0.075,52,reviewed,us,us
2019-11-27T16:23:31.706Z,27.7986,85.8214,10,4.6,mb,,96,0.891,0.69,us,us70006dt0,2020-02-19T18:58:13.040Z,"22 km SW of Kod?ri??, Nepal",earthquake,6.1,1.8,0.068,65,reviewed,us,us
2019-11-28T01:40:04.336Z,30.4965,84.2884,15.1,4.6,mb,,91,3.355,0.97,us,us70006e15,2020-02-19T18:58:16.040Z,"158 km NW of Saga, China",earthquake,8.6,4.2,0.084,42,reviewed,us,us
2019-12-12T13:26:31.828Z,27.9194,85.7168,10,4.2,mb,,147,0.969,1.18,us,us60006qji,2020-03-04T21:26:57.040Z,"24 km W of Kod?ri??, Nepal",earthquake,8.1,1.9,0.098,29,reviewed,us,us
2020-01-03T01:56:44.755Z,28.8329,91.973,10,4.2,mb,,115,1.139,1.19,us,us70007149,2020-03-21T17:13:49.040Z,"124 km SE of Lhasa, China",earthquake,6.9,1.9,0.236,5,reviewed,us,us
2020-01-05T13:14:02.142Z,29.9815,85.4049,10,4.4,mb,,136,4.978,0.45,us,us70006uzj,2020-03-21T17:13:36.040Z,"74 km NNE of Saga, China",earthquake,10.6,1.7,0.101,28,reviewed,us,us
2020-01-05T13:16:52.055Z,30.3664,85.5587,10,4.3,mb,,172,4.873,0.68,us,us70006uzp,2020-03-21T17:13:36.040Z,"119 km NNE of Saga, China",earthquake,12.7,1.9,0.116,21,reviewed,us,us
2020-01-12T14:34:14.825Z,29.4848,81.705,10,4.4,mb,,160,8.308,0.58,us,us60007et1,2020-04-02T21:27:32.040Z,"51 km WNW of Jumla, Nepal",earthquake,10.8,1.9,0.089,36,reviewed,us,us
2020-01-12T20:22:02.782Z,29.4841,81.5921,10,4.3,mb,,77,8.225,1.32,us,us70006yvh,2020-04-02T21:28:21.040Z,"61 km WNW of Jumla, Nepal",earthquake,9.6,1.9,0.137,15,reviewed,us,us
2020-01-18T18:00:17.134Z,31.646,93.3736,27.2,4.7,mb,,47,2.737,0.44,us,us60007a5a,2020-04-08T19:39:36.040Z,"126 km E of Nagqu, China",earthquake,5.8,4,0.057,103,reviewed,us,us
2020-01-24T22:56:05.315Z,31.995,95.0575,10,5.2,mww,,22,4.079,0.68,us,us60007f7v,2025-12-22T17:56:47.982Z,"223 km WNW of Qamdo, China",earthquake,2.5,1.7,0.086,13,reviewed,us,us
2020-01-29T21:45:34.496Z,28.7675,91.7966,10,4.5,mb,,75,1.1,0.69,us,us60007jiz,2020-04-18T22:09:54.040Z,"118 km SE of Lhasa, China",earthquake,2.8,1.8,0.067,65,reviewed,us,us
2020-02-01T09:43:55.801Z,28.9807,95.7207,10,4.9,mb,,37,4.074,0.58,us,us60007m2e,2025-12-22T17:56:51.476Z,"108 km NNE of P?sigh?t, India",earthquake,7.5,1.9,0.051,120,reviewed,us,us
2020-02-08T01:01:46.831Z,30.0278,79.9831,18.78,4.7,mb,,97,6.758,0.66,us,us70007lc7,2022-03-10T05:05:12.187Z,"29 km NE of B?geshwar, India",earthquake,8.9,4.4,0.063,76,reviewed,us,us
2020-02-08T12:47:01.887Z,26.3386,90.7847,10,5,mb,,73,1.233,0.82,us,us70007li1,2025-12-22T18:30:21.703Z,"10 km E of Abhay?puri, India",earthquake,7.7,1.8,0.057,99,reviewed,us,us
2020-02-29T20:05:26.893Z,26.4904,92.1052,45.39,4.2,mb,,95,0.946,0.6,us,us60008735,2020-05-19T22:14:13.040Z,"5 km SW of Kh?rupatia, India",earthquake,5.3,7.9,0.083,41,reviewed,us,us
2020-03-15T15:00:17.383Z,28.2184,83.5923,10,4.3,mb,,149,2.856,0.94,us,us60008g2y,2022-10-19T09:41:00.313Z,"5 km S of B?glung, Nepal",earthquake,9.9,1.9,0.08,44,reviewed,us,us
2020-03-20T01:33:15.443Z,28.5896,87.3081,10,5.7,mww,,18,0.766,1.02,us,us70008cld,2025-12-22T18:31:23.016Z,"85 km NE of Lobujya, Nepal",earthquake,5.7,1.7,0.063,24,reviewed,us,us
2020-03-24T23:39:29.603Z,28.6107,87.2197,10,4,mb,,75,0.742,0.84,us,us70008ffi,2020-06-06T20:54:16.040Z,"83 km NNE of Lobujya, Nepal",earthquake,4.5,1.7,0.126,17,reviewed,us,us
2020-04-02T17:35:31.963Z,26.1416,97.037,10,4.2,mb,,121,4.703,1.18,us,us70008rid,2020-06-21T00:54:43.040Z,"23 km ESE of Sarupathar, India",earthquake,10.7,1.9,0.115,21,reviewed,us,us
2020-04-05T17:50:30.477Z,26.4085,92.7724,46.31,4.5,mb,,80,1.176,0.88,us,us70008pdi,2020-06-21T00:55:06.040Z,"25 km S of Tezpur, India",earthquake,8,7.1,0.078,48,reviewed,us,us
2020-04-07T10:39:02.233Z,29.2723,95.1896,10,4.4,mb,,114,3.567,0.41,us,us70008qir,2020-06-21T00:55:16.040Z,"114 km NE of Shi Yomi, India",earthquake,11.4,1.9,0.096,31,reviewed,us,us
2020-04-17T10:59:11.292Z,28.1205,93.9189,10,4.1,mb,,110,2.911,0.56,us,us60009as6,2020-07-09T14:31:19.040Z,"58 km N of Ziro, India",earthquake,9.1,1.9,0.131,16,reviewed,us,us
2020-04-18T17:17:44.688Z,31.6054,93.5107,30.21,4.3,mb,,44,2.795,0.69,us,us70008zg8,2020-07-09T14:31:26.040Z,"138 km E of Nagqu, China",earthquake,7.9,4.6,0.072,67,reviewed,us,us
2020-05-12T18:08:38.863Z,27.7046,86.0378,10,4.9,mb,,42,4.893,0.81,us,us70009ett,2025-12-22T17:57:30.308Z,"29 km SSE of Kod?ri??, Nepal",earthquake,7.8,1.8,0.041,202,reviewed,us,us
2020-05-17T05:22:09.081Z,29.9346,94.9732,10,4.6,mb,,77,3.35,0.49,us,us70009iml,2020-08-02T00:29:39.040Z,"166 km NNE of Shi Yomi, India",earthquake,6.9,1.9,0.089,37,reviewed,us,us
2020-05-30T15:51:39.617Z,27.8896,84.8784,10,4.3,mb,,175,1.712,0.51,us,us6000a3bl,2022-08-08T22:58:53.881Z,"45 km WNW of Kirtipur, Nepal",earthquake,6.5,1.9,0.102,27,reviewed,us,us
2020-06-14T02:39:43.149Z,26.6545,97.0594,10,4.8,mb,,59,3.471,0.76,us,us6000abjj,2020-08-22T19:14:50.040Z,"55 km NNE of Sarupathar, India",earthquake,4.3,1.8,0.042,176,reviewed,us,us
2020-07-10T04:26:55.988Z,30.3993,95.0824,10,4.1,mb,,138,3.498,1.18,us,us7000aq79,2020-09-19T20:58:27.040Z,"216 km WSW of Qamdo, China",earthquake,7.8,2,0.157,11,reviewed,us,us
2020-07-19T10:15:47.711Z,30.412,94.8613,10,5,mb,,31,3.313,0.6,us,us7000ar7l,2020-09-26T16:58:38.040Z,"213 km NNE of Shi Yomi, India",earthquake,7.8,1.8,0.053,116,reviewed,us,us
2020-07-19T23:36:38.799Z,30.4109,94.8431,10,4.9,mb,,49,3.297,0.6,us,us7000ard3,2020-09-26T16:58:39.040Z,"213 km NNE of Shi Yomi, India",earthquake,4.6,1.8,0.037,230,reviewed,us,us
2020-07-20T00:36:48.338Z,30.6463,94.8878,10,4.2,mb,,63,3.389,1.02,us,us6000b3hr,2020-09-26T16:58:26.040Z,"225 km WSW of Qamdo, China",earthquake,7.8,1.8,0.092,33,reviewed,us,us
2020-07-20T15:19:53.864Z,30.3816,95.0064,10,4,mb,,139,6.16,0.94,us,us6000b3i2,2020-09-26T16:58:26.040Z,"214 km NNE of Shi Yomi, India",earthquake,8.8,2,0.172,9,reviewed,us,us
2020-07-20T19:21:39.541Z,30.4051,94.862,10,4.9,mb,,47,3.312,0.71,us,us7000aru9,2025-12-22T18:38:24.735Z,"213 km NNE of Shi Yomi, India",earthquake,4.3,1.8,0.043,171,reviewed,us,us
2020-07-21T01:17:08.217Z,30.4135,94.779,10,4,mb,,114,3.244,0.58,us,us6000b55n,2020-09-26T16:58:27.040Z,"212 km N of Shi Yomi, India",earthquake,7.7,1.8,0.173,9,reviewed,us,us
2020-07-21T02:15:19.576Z,30.1907,94.7613,10,4.4,mb,,90,3.191,0.77,us,us6000b55p,2020-09-26T16:58:27.040Z,"187 km NNE of Shi Yomi, India",earthquake,8.9,1.9,0.118,21,reviewed,us,us
2020-07-21T06:18:48.950Z,30.4304,94.8312,10,4.9,mb,,32,5.512,0.71,us,us7000as5w,2020-09-26T16:58:43.040Z,"215 km NNE of Shi Yomi, India",earthquake,5.5,1.6,0.039,204,reviewed,us,us
2020-07-21T13:26:18.351Z,30.404,94.7716,10,4.5,mb,,71,3.236,0.46,us,us7000asa5,2020-09-26T16:58:43.040Z,"211 km N of Shi Yomi, India",earthquake,8.4,1.9,0.077,50,reviewed,us,us
2020-07-22T01:02:22.347Z,30.3195,94.717,10,4.1,mb,,136,3.173,1.03,us,us6000b5wv,2020-10-03T17:32:29.040Z,"201 km N of Shi Yomi, India",earthquake,7.2,2,0.127,17,reviewed,us,us
2020-07-23T00:47:43.907Z,30.3844,94.7159,10,4.9,mb,,71,3.185,0.57,us,us6000b2d7,2020-10-03T17:32:16.040Z,"208 km N of Shi Yomi, India",earthquake,7.3,1,0.054,107,reviewed,us,us
2020-07-24T13:34:24.853Z,30.3884,94.8313,10,4.9,mb,,86,5.476,0.62,us,us6000b3ee,2020-10-03T17:32:19.040Z,"210 km NNE of Shi Yomi, India",earthquake,6.1,1.8,0.048,134,reviewed,us,us
2020-07-24T19:46:04.694Z,30.4782,87.4178,10,4.3,mb,,50,2.565,0.66,us,us6000b3nm,2020-10-03T17:32:20.040Z,"196 km NW of Rikaze, China",earthquake,5.1,1.9,0.077,54,reviewed,us,us
2020-07-25T15:58:37.391Z,30.3757,94.8368,10,4.8,mb,,88,3.285,0.77,us,us6000b41u,2020-10-03T17:32:22.040Z,"209 km NNE of Shi Yomi, India",earthquake,5.4,1.9,0.046,149,reviewed,us,us
2020-07-26T09:58:58.149Z,30.389,94.806,10,4.7,mb,,109,3.262,0.59,us,us6000b4bp,2020-10-03T17:32:24.040Z,"210 km NNE of Shi Yomi, India",earthquake,10.3,1.9,0.075,54,reviewed,us,us
2020-07-27T05:50:20.443Z,30.4061,94.8218,10,4.9,mb,,37,3.278,0.81,us,us6000b4l6,2020-10-03T17:32:26.040Z,"212 km NNE of Shi Yomi, India",earthquake,7.9,1.9,0.047,141,reviewed,us,us
2020-07-28T03:32:49.179Z,30.3956,94.7098,10,4.8,mb,,37,3.182,0.58,us,us6000b54q,2020-10-03T17:32:28.040Z,"209 km N of Shi Yomi, India",earthquake,7.5,1.8,0.047,139,reviewed,us,us
2020-07-29T11:07:12.675Z,30.3811,94.7738,10,4.8,mb,,49,3.233,0.61,us,us6000b61h,2020-10-10T17:11:00.040Z,"208 km N of Shi Yomi, India",earthquake,8.3,1.9,0.055,101,reviewed,us,us
2020-07-29T17:27:54.128Z,30.3366,94.7909,10,4.9,mb,,49,3.239,0.82,us,us6000b69f,2020-10-10T17:11:01.040Z,"204 km NNE of Shi Yomi, India",earthquake,5.9,1.8,0.045,155,reviewed,us,us
2020-07-29T20:54:26.858Z,28.4107,88.3259,10,4.1,mb,,113,1.41,1.24,us,us6000b6f4,2020-10-10T17:11:01.040Z,"101 km N of Mangan, India",earthquake,8.9,1.9,0.13,16,reviewed,us,us
2020-07-30T13:35:44.774Z,29.8667,95.1399,10,4.1,mb,,73,3.492,0.79,us,us6000b6u0,2020-10-10T17:11:03.040Z,"165 km NNE of Shi Yomi, India",earthquake,6.7,2,0.127,17,reviewed,us,us
2020-07-30T18:38:38.999Z,30.386,94.7527,10,4.8,mb,,69,3.216,0.65,us,us6000b71z,2020-10-10T17:11:03.040Z,"208 km N of Shi Yomi, India",earthquake,6.1,1.8,0.046,143,reviewed,us,us
2020-07-31T06:10:06.917Z,30.3418,95.04,10,4.3,mb,,161,3.452,0.86,us,us6000ba2m,2020-10-10T17:11:17.040Z,"210 km NNE of Shi Yomi, India",earthquake,8.8,2,0.153,12,reviewed,us,us
2020-07-31T16:45:09.922Z,30.4288,94.841,10,4.9,mb,,159,3.299,0.81,us,us6000b7i6,2020-10-10T17:11:05.040Z,"215 km NNE of Shi Yomi, India",earthquake,9.6,1.9,0.042,176,reviewed,us,us
2020-07-31T17:55:33.530Z,31.968,93.5326,10,4.2,mb,,77,3.062,1.17,us,us6000ba2u,2020-10-10T17:11:17.040Z,"150 km ENE of Nagqu, China",earthquake,5,1.8,0.125,21,reviewed,us,us
2020-07-31T18:58:48.847Z,30.3574,94.7728,10,4.2,mb,,71,3.228,0.7,us,us6000b7kk,2020-10-10T17:11:05.040Z,"206 km N of Shi Yomi, India",earthquake,8.6,1.9,0.086,43,reviewed,us,us
2020-08-05T11:18:49.616Z,31.9185,90.3738,10,4,mb,,51,5.012,0.48,us,us6000b9mk,2020-10-21T22:03:52.040Z,"166 km WNW of Nagqu, China",earthquake,8.9,1.9,0.108,23,reviewed,us,us
2020-08-06T22:27:54.218Z,31.1693,84.1935,10,4.1,mb,,145,3.929,1.34,us,us6000bdck,2020-10-21T22:04:12.040Z,"227 km NNW of Saga, China",earthquake,8.9,2,0.301,3,reviewed,us,us
2020-08-08T08:44:00.894Z,30.4109,94.7817,10,4.9,mb,,48,5.475,0.5,us,us6000bb1f,2020-10-21T22:03:57.040Z,"212 km N of Shi Yomi, India",earthquake,6.4,1.8,0.064,78,reviewed,us,us
2020-08-09T08:50:13.554Z,30.3605,94.7737,10,4.8,mb,,30,3.229,0.38,us,us6000bbdf,2020-10-21T22:04:01.040Z,"206 km N of Shi Yomi, India",earthquake,6.9,1.7,0.064,75,reviewed,us,us
2020-08-09T17:13:33.298Z,30.4464,94.9345,10,4.9,mb,,86,3.382,0.9,us,us6000bbiy,2025-12-22T18:40:10.391Z,"219 km NNE of Shi Yomi, India",earthquake,7.1,1.8,0.056,102,reviewed,us,us
2020-08-11T18:14:16.424Z,30.3544,94.742,10,4.9,mb,,69,5.409,0.89,us,us6000bcsr,2020-10-21T22:04:11.040Z,"205 km N of Shi Yomi, India",earthquake,8.1,1.8,0.044,168,reviewed,us,us
2020-08-11T21:27:28.697Z,30.3255,94.7921,10,4.4,mb,,87,3.238,0.83,us,us6000bcy3,2020-10-21T22:04:11.040Z,"203 km NNE of Shi Yomi, India",earthquake,4.2,1.9,0.082,43,reviewed,us,us
2020-08-11T22:48:31.686Z,30.388,94.8111,10,4.1,mb,,161,3.266,0.56,us,us6000bg1x,2020-10-21T22:04:15.040Z,"210 km NNE of Shi Yomi, India",earthquake,6.9,2,0.13,16,reviewed,us,us
2020-08-12T15:58:08.257Z,29.8985,95.1615,10,4.8,mb,,42,3.512,0.82,us,us6000bdee,2020-10-24T20:08:46.040Z,"169 km NNE of Shi Yomi, India",earthquake,7.9,1.8,0.042,178,reviewed,us,us
2020-08-13T04:27:59.201Z,30.4144,94.7198,10,4.9,mb,,69,3.194,0.68,us,us6000bdty,2020-10-24T20:08:48.040Z,"211 km N of Shi Yomi, India",earthquake,8.1,1.8,0.039,200,reviewed,us,us
2020-08-13T05:22:46.641Z,30.3141,94.7804,10,4.4,mb,,71,3.226,0.84,us,us6000bdu6,2020-10-24T20:08:48.040Z,"201 km NNE of Shi Yomi, India",earthquake,7.9,1.9,0.094,33,reviewed,us,us
2020-08-14T12:58:40.661Z,30.3765,94.826,10,4.8,mb,,82,5.463,0.63,us,us6000bepe,2020-10-24T20:08:51.040Z,"209 km NNE of Shi Yomi, India",earthquake,4,1.9,0.044,161,reviewed,us,us
2020-08-16T16:40:40.467Z,30.3546,94.8125,10,4.8,mb,,59,3.261,0.74,us,us6000bfn7,2020-10-24T20:08:56.040Z,"206 km NNE of Shi Yomi, India",earthquake,7.2,1.8,0.043,169,reviewed,us,us
2020-08-17T16:31:52.303Z,30.3829,94.7798,10,4.8,mb,,39,3.238,0.67,us,us6000bg0c,2020-10-24T20:08:59.040Z,"209 km N of Shi Yomi, India",earthquake,7.3,1.8,0.043,179,reviewed,us,us
2020-08-23T13:18:15.229Z,26.0998,95.5832,86.9,4.6,mb,,57,2.195,0.6,us,us6000bje2,2020-10-31T19:06:20.040Z,"78 km ESE of Tuensang, India",earthquake,7.4,6.2,0.079,48,reviewed,us,us
2020-08-23T17:07:43.232Z,30.3934,87.5035,10,4.5,mb,,51,2.5,0.99,us,us6000bjg8,2020-10-31T19:06:20.040Z,"183 km NW of Rikaze, China",earthquake,7.8,1.9,0.079,47,reviewed,us,us
2020-08-25T15:24:34.342Z,29.556,80.9299,10,4.3,mb,,169,5.403,0.79,us,us7000bcp6,2020-10-31T19:06:27.040Z,"32 km N of Dipayal, Nepal",earthquake,7.4,1.8,0.133,16,reviewed,us,us
2020-09-01T16:38:50.557Z,31.6784,93.347,10,4.4,mb,,108,2.744,0.48,us,us7000bhup,2020-11-07T18:48:52.040Z,"124 km E of Nagqu, China",earthquake,10.5,1.9,0.117,21,reviewed,us,us
2020-09-06T01:59:16.921Z,31.6455,93.406,26.87,4.4,mb,,68,2.757,0.79,us,us7000bir0,2020-11-17T19:44:42.040Z,"Eastern Xizang",earthquake,8.3,4.6,0.081,45,reviewed,us,us
2020-09-11T03:45:52.880Z,27.2464,87.7715,10,4.4,mb,,129,1.108,0.78,us,us7000blkr,2020-11-21T20:10:36.040Z,"40 km NNW of Il?m, Nepal",earthquake,8.3,1.9,0.095,32,reviewed,us,us
2020-09-15T04:38:11.827Z,31.7318,93.4619,10,4.6,mb,,68,2.851,0.68,us,us7000bpu3,2020-11-21T20:10:48.040Z,"136 km ENE of Nagqu, China",earthquake,4.4,1.8,0.133,17,reviewed,us,us
2020-09-15T23:34:03.386Z,27.8464,85.8765,10,5.3,mb,,39,0.835,0.85,us,us7000bnsh,2025-12-22T18:42:10.660Z,"14 km SSW of Kod?ri??, Nepal",earthquake,5.6,1.8,0.033,309,reviewed,us,us
2020-09-21T19:58:34.584Z,26.2803,91.3167,39.62,4.4,mb,,76,3.386,1.17,us,us6000bzfi,2020-11-28T21:32:02.040Z,"21 km W of H?jo, India",earthquake,8.8,6.3,0.107,25,reviewed,us,us
2020-10-03T15:36:17.754Z,26.2024,91.3108,44.3,4.2,mb,,120,0.801,0.4,us,us6000c584,2020-12-12T22:28:37.040Z,"21 km WSW of H?jo, India",earthquake,5.7,5.3,0.098,32,reviewed,us,us
2020-10-07T13:03:15.556Z,30.0793,96.1336,10,4.2,mb,,111,4.363,0.69,us,us6000c7sq,2020-12-19T17:22:48.040Z,"Eastern Xizang",earthquake,9.3,1.2,0.136,16,reviewed,us,us
2020-10-20T19:55:49.959Z,27.2257,96.1444,57.98,4,mb,,45,3.415,0.74,us,us6000caa9,2020-12-29T23:08:05.040Z,"47 km E of Margherita, India",earthquake,5.1,8.1,0.098,33,reviewed,us,us
2020-10-28T18:34:26.731Z,29.4069,80.8988,10,4.2,mb,,176,5.391,1.14,us,us7000c9s1,2021-01-18T23:01:37.040Z,"16 km NNW of Dipayal, Nepal",earthquake,13.4,1.9,0.167,10,reviewed,us,us
2020-10-31T18:43:10.118Z,31.703,93.4001,10,4.2,mb,,43,2.793,0.69,us,us7000c8qd,2021-01-18T23:01:54.040Z,"129 km E of Nagqu, China",earthquake,5.5,1.9,0.098,39,reviewed,us,us
2020-11-08T09:12:23.801Z,28.6287,96.3987,10,4.3,mb,,75,4.732,0.6,us,us7000cc28,2021-01-23T22:25:36.040Z,"63 km NNW of Hayuliang, India",earthquake,8.9,1.9,0.095,34,reviewed,us,us
2020-11-08T21:44:14.394Z,27.7299,87.7713,10,4.1,mb,,163,3.542,0.76,us,us7000cc8m,2021-01-23T22:25:37.040Z,"68 km NE of Kh??db?ri??, Nepal",earthquake,7.9,1.9,0.165,10,reviewed,us,us
2020-11-21T21:49:21.520Z,30.1884,88.1002,10,4.5,mb,,65,2.491,0.64,us,us6000crcf,2021-02-03T17:51:09.040Z,"128 km NW of Rikaze, China",earthquake,5.9,1.5,0.101,29,reviewed,us,us
2020-11-22T03:29:20.994Z,26.2945,94.7728,60.63,4.3,mb,,99,2.1,0.94,us,us6000crdq,2021-02-03T17:49:58.040Z,"5 km WNW of Tuensang, India",earthquake,8.1,6.8,0.154,12,reviewed,us,us
2020-11-23T13:36:04.648Z,27.5457,87.0358,27.68,4.5,mb,,125,0.456,0.91,us,us7000ck3c,2021-02-03T17:49:19.040Z,"25 km NW of Kh??db?ri??, Nepal",earthquake,8.4,8.4,0.204,9,reviewed,us,us
2020-11-23T13:41:45.202Z,28.5808,87.2271,10,4.4,mb,,85,0.72,0.42,us,us6000crma,2021-02-03T17:51:09.040Z,"80 km NNE of Lobujya, Nepal",earthquake,7.1,1.9,0.097,31,reviewed,us,us
2020-12-10T16:56:47.765Z,26.1291,90.5453,10,4.3,mb,,88,1.307,0.64,us,us7000cptt,2021-02-20T16:11:09.040Z,"9 km WSW of Go?lp?ra, India",earthquake,6.2,1.9,0.102,32,reviewed,us,us
2020-12-23T11:06:53.791Z,27.4003,97.0395,49.94,4.2,mb,,75,4.007,0.41,us,us6000d5s2,2021-03-06T23:17:56.040Z,"89 km SSE of Hayuliang, India",earthquake,7.7,7.4,0.136,15,reviewed,us,us
2020-12-26T21:48:15.074Z,27.3034,96.9396,10,4.5,mb,,113,3.876,0.66,us,us6000d65h,2021-03-06T23:19:18.040Z,"93 km SSE of Hayuliang, India",earthquake,10.2,1.9,0.139,15,reviewed,us,us
2021-01-11T13:59:49.235Z,28.028,87.7888,35,4.1,mb,,175,3.37,0.47,us,us7000d1qk,2021-03-20T21:24:09.040Z,"92 km NE of Kh??db?ri??, Nepal",earthquake,9.5,2,0.185,10,reviewed,us,us
2021-01-17T06:59:48.217Z,26.0588,96.3433,10,4.3,mb,,78,2.597,0.45,us,us7000d3f8,2021-03-27T21:06:13.040Z,"49 km WSW of Sarupathar, India",earthquake,9.2,1.9,0.097,30,reviewed,us,us
2021-01-27T18:56:21.382Z,26.293,95.7822,80.92,4.2,mb,,166,2.453,0.63,us,us6000def4,2021-04-13T17:05:56.040Z,"83 km SSE of Khonsa, India",earthquake,10.1,5.4,0.373,2,reviewed,us,us
2021-02-02T02:31:13.845Z,28.8225,87.362,8.7,5,mww,,64,3.404,0.58,us,us6000ddsr,2025-12-22T18:49:15.444Z,"110 km NNE of Lobujya, Nepal",earthquake,7.7,3.5,0.086,13,reviewed,us,us
2021-02-02T16:14:13.363Z,28.8039,84.0135,29.41,4.5,mb,,126,2.605,0.62,us,us6000ddxt,2021-04-16T19:03:02.040Z,"52 km NE of Chitre, Nepal",earthquake,8.6,4.7,0.082,44,reviewed,us,us
2021-02-04T05:06:23.654Z,28.7463,87.3785,10,5.1,mb,,64,0.93,0.47,us,us6000decu,2021-04-16T19:03:24.040Z,"104 km NNE of Lobujya, Nepal",earthquake,6,1.8,0.048,140,reviewed,us,us
2021-02-09T01:50:07.207Z,28.0331,87.8568,35,4.3,mb,,146,4.336,0.65,us,us6000dfsj,2021-04-22T21:51:47.040Z,"87 km NW of Mangan, India",earthquake,9.9,2,0.087,38,reviewed,us,us
2021-02-17T12:24:46.809Z,26.7322,92.5712,18.67,4.6,mb,,84,1.326,0.65,us,us6000didl,2021-04-28T02:54:12.251Z,"9 km ENE of Dhekiajuli, India",earthquake,7,4.6,0.075,54,reviewed,us,us
2021-02-27T20:03:45.862Z,28.8397,86.469,15.43,4.1,mb,,134,0.928,0.75,us,us7000de7r,2021-05-13T22:36:46.040Z,"104 km NNW of Lobujya, Nepal",earthquake,8.2,5,0.111,22,reviewed,us,us
2021-03-16T13:16:08.835Z,30.1485,86.3698,10,4.6,mb,,145,6.663,0.53,us,us7000djtf,2021-05-26T22:08:04.040Z,"143 km NE of Saga, China",earthquake,10.3,1.9,0.082,47,reviewed,us,us
2021-03-19T06:11:27.113Z,31.9246,92.9151,8,5.7,mww,,19,2.696,0.59,us,us7000dkv0,2025-12-22T18:54:37.042Z,"95 km ENE of Nagqu, China",earthquake,7.1,1.8,0.086,13,reviewed,us,us
2021-03-19T18:04:10.720Z,31.9252,93.017,10,4.3,mb,,65,2.747,0.82,us,us6000dwpr,2021-06-02T15:22:57.040Z,"103 km ENE of Nagqu, China",earthquake,8.1,1.9,0.078,54,reviewed,us,us
2021-03-21T12:22:37.682Z,26.6195,92.5148,10,4.2,mb,,101,1.204,0.68,us,us6000dxfb,2021-06-02T15:23:12.040Z,"10 km SSE of Dhekiajuli, India",earthquake,8,1.9,0.102,27,reviewed,us,us
2021-03-22T14:51:51.354Z,31.5079,84.831,10,4.5,mb,,142,8.553,0.75,us,us7000dllv,2021-06-02T15:24:32.040Z,"245 km N of Saga, China",earthquake,10,1.9,0.113,23,reviewed,us,us
2021-03-22T15:40:44.570Z,28.2935,93.7808,10,4.6,mb,,138,2.715,0.7,us,us6000dxmx,2021-06-02T15:23:21.040Z,"63 km WSW of Shi Yomi, India",earthquake,11.8,1.9,0.223,8,reviewed,us,us
2021-03-22T17:23:35.795Z,31.9664,92.9084,10,5,mb,,58,2.727,0.86,us,us6000dvi9,2021-06-02T15:22:12.040Z,"97 km ENE of Nagqu, China",earthquake,7.4,1.8,0.058,93,reviewed,us,us
2021-03-26T19:02:07.885Z,27.6289,92.6692,29.81,5,mww,,25,2.179,0.53,us,us6000dwue,2021-06-08T17:58:37.040Z,"47 km NNE of Bomdila, India",earthquake,5.6,4.2,0.098,10,reviewed,us,us
2021-04-05T15:19:57.976Z,27.1863,88.9412,10,5.2,mb,,45,2.04,0.66,us,us6000dz5d,2025-12-22T18:55:41.148Z,"35 km NNW of Samtse, Bhutan",earthquake,7,1.7,0.053,118,reviewed,us,us
2021-04-06T21:48:35.301Z,31.8686,92.9137,10,5,mww,,33,2.65,0.73,us,us6000dzil,2025-12-22T18:55:48.343Z,"92 km ENE of Nagqu, China",earthquake,5.7,1.7,0.093,11,reviewed,us,us
2021-04-06T21:55:47.956Z,31.9628,92.9564,10,4.7,mb,,49,2.747,0.86,us,us6000dzj3,2021-06-12T21:37:55.040Z,"100 km ENE of Nagqu, China",earthquake,6.1,1.6,0.063,76,reviewed,us,us
2021-04-06T22:00:59.617Z,31.9489,93.059,10,4.3,mb,,70,2.788,0.91,us,us6000e1if,2021-06-12T21:37:55.040Z,"108 km ENE of Nagqu, China",earthquake,11.3,1.9,0.097,30,reviewed,us,us
2021-04-10T18:21:48.309Z,31.6849,90.6416,10,4.7,mb,,30,4.985,0.51,us,us6000e0nr,2021-06-19T21:24:56.040Z,"Eastern Xizang",earthquake,8.8,1.8,0.068,70,reviewed,us,us
2021-04-21T13:28:26.409Z,30.0036,89.7629,10,4.7,mb,,108,1.222,0.67,us,us6000e3fr,2021-07-03T16:48:54.040Z,"92 km W of Dêqên, China",earthquake,8.2,1.8,0.055,100,reviewed,us,us
2021-04-22T03:08:52.099Z,30.3858,87.1751,10,4.1,mb,,130,3.493,0.73,us,us7000dy98,2021-07-03T16:50:01.040Z,"207 km NW of Rikaze, China",earthquake,11.3,1.9,0.233,5,reviewed,us,us
2021-04-28T02:21:26.212Z,26.7813,92.4565,34,6,mww,,11,1.324,0.79,us,us7000dy3b,2025-12-22T18:57:22.181Z,"8 km NNW of Dhekiajuli, India",earthquake,6.6,1.7,0.066,22,reviewed,us,us
2021-04-28T02:33:01.489Z,26.7489,92.5136,35,5,mb,,77,1.317,0.74,us,us7000dy3r,2025-12-22T18:57:23.383Z,"6 km NE of Dhekiajuli, India",earthquake,7.8,1.9,0.063,80,reviewed,us,us
2021-04-28T02:43:20.811Z,26.8262,92.5371,35,4.4,mb,,129,1.395,0.89,us,us7000e0c4,2021-07-07T18:36:50.040Z,"13 km W of Rang?p?ra, India",earthquake,9.1,2,0.123,19,reviewed,us,us
2021-04-28T10:33:27.953Z,26.7662,92.5133,35,4.2,mb,,181,1.332,0.54,us,us7000e0d3,2021-07-07T18:37:06.040Z,"7 km NNE of Dhekiajuli, India",earthquake,10.5,2,0.215,7,reviewed,us,us
2021-04-28T19:50:53.770Z,26.7477,92.4849,38.21,4.8,mb,,83,1.304,0.56,us,us7000dybj,2025-12-22T18:57:27.071Z,"4 km N of Dhekiajuli, India",earthquake,7.6,5.6,0.044,157,reviewed,us,us
2021-05-05T13:52:12.421Z,26.7384,92.0993,47,4,mb,,95,1.187,0.39,us,us7000e24v,2021-07-10T20:16:08.040Z,"1 km S of Udalguri, India",earthquake,7.5,3.6,0.122,21,reviewed,us,us
2021-05-06T05:00:15.741Z,26.5945,92.4813,48.29,4.2,mb,,115,1.167,0.85,us,us7000e2dg,2021-07-10T20:16:11.040Z,"12 km S of Dhekiajuli, India",earthquake,9.1,5.5,0.216,6,reviewed,us,us
2021-05-14T23:39:52.005Z,26.418,95.5047,85.91,4.2,mb,,120,2.436,0.76,us,us7000e38n,2021-07-24T21:06:59.040Z,"56 km SE of Mon, India",earthquake,9.4,5.9,0.14,14,reviewed,us,us
2021-05-15T03:03:56.663Z,26.753,92.4736,43.8,4.4,mb,,94,1.305,0.62,us,us7000e3ar,2021-07-24T21:07:04.040Z,"5 km N of Dhekiajuli, India",earthquake,8,7.9,0.134,18,reviewed,us,us
2021-05-17T04:37:25.741Z,31.9601,92.926,10,4.3,mb,,47,2.73,0.97,us,us7000e52e,2021-07-24T21:07:32.040Z,"Eastern Xizang",earthquake,5.6,1.7,0.097,30,reviewed,us,us
2021-05-18T12:03:01.251Z,26.6713,92.4258,49.81,4.4,mb,,81,1.213,0.4,us,us7000e42g,2021-07-24T21:07:56.040Z,"6 km SW of Dhekiajuli, India",earthquake,3.6,7.4,0.061,77,reviewed,us,us
2021-05-18T23:57:58.646Z,28.2785,84.3373,10,5.3,mb,,36,2.208,0.93,us,us7000e4aq,2025-12-22T19:00:25.381Z,"36 km E of Pokhara, Nepal",earthquake,3.4,1.7,0.034,290,reviewed,us,us
2021-05-19T02:41:38.847Z,28.3088,84.3042,10,4.9,mb,,40,2.241,0.53,us,us7000e4bb,2025-12-22T19:00:26.626Z,"33 km E of Pokhara, Nepal",earthquake,8.3,1.9,0.052,114,reviewed,us,us
2021-05-19T16:54:29.784Z,28.2544,84.3876,10,4.5,mb,,158,2.161,0.7,us,us7000e4ij,2021-07-24T21:08:20.040Z,"41 km E of Pokhara, Nepal",earthquake,9.6,1.9,0.082,44,reviewed,us,us
2021-05-23T19:01:39.963Z,30.8764,79.2707,10,4.5,mb,,81,5.787,0.57,us,us7000e5kt,2021-07-31T22:08:59.040Z,"45 km NW of Josh?math, India",earthquake,7.4,1.8,0.094,33,reviewed,us,us
2021-05-25T20:46:06.127Z,28.9684,86.3755,10,4.5,mb,,66,1.076,0.53,us,us7000e680,2021-07-31T22:09:46.040Z,"118 km ESE of Saga, China",earthquake,6.3,1.8,0.058,98,reviewed,us,us
2021-05-28T00:51:27.010Z,31.9486,95.0989,13.72,4.4,mb,,38,4.084,0.7,us,us6000efbk,2021-08-07T22:05:35.040Z,"217 km WNW of Qamdo, China",earthquake,4.7,4.3,0.08,46,reviewed,us,us
2021-05-30T08:53:07.964Z,26.6343,92.326,52.85,4.4,mb,,113,1.144,0.57,us,us6000efyu,2021-08-07T22:06:13.040Z,"16 km WSW of Dhekiajuli, India",earthquake,8,8.1,0.097,31,reviewed,us,us
2021-05-31T04:20:49.211Z,26.7632,92.3186,34.13,4.2,mb,,86,1.261,0.64,us,us6000eg46,2021-08-07T22:06:30.040Z,"17 km WNW of Dhekiajuli, India",earthquake,6.9,5.5,0.118,20,reviewed,us,us
2021-06-15T14:46:08.092Z,26.6187,97.0854,36.12,4.8,mb,,57,3.464,0.48,us,us7000ed8l,2021-08-26T21:59:23.040Z,"53 km NNE of Sarupathar, India",earthquake,8.5,6.7,0.059,91,reviewed,us,us
2021-06-17T20:34:41.304Z,26.6776,92.3948,43.65,4.5,mb,,99,1.207,0.7,us,us7000edyb,2021-08-26T21:59:31.040Z,"8 km WSW of Dhekiajuli, India",earthquake,3.6,6.9,0.085,41,reviewed,us,us
2021-06-18T19:37:32.258Z,26.7357,92.4583,42.09,4.5,mb,,38,1.283,0.66,us,us7000ee8m,2021-08-27T18:57:25.040Z,"4 km NNW of Dhekiajuli, India",earthquake,5.8,5.1,0.053,114,reviewed,us,us
2021-06-21T10:06:50.953Z,29.2822,87.124,10,4.3,mb,,102,1.347,0.63,us,us7000eew5,2021-08-27T18:58:05.040Z,"150 km NNE of Lobujya, Nepal",earthquake,7.2,1.9,0.132,16,reviewed,us,us
2021-06-22T16:44:36.534Z,28.0137,92.2097,65.76,4.6,mb,,97,1.932,0.6,us,us7000ef9z,2021-08-27T18:58:25.040Z,"56 km NNE of Tawang, India",earthquake,7,3.7,0.075,53,reviewed,us,us
2021-07-04T16:57:10.269Z,26.608,96.5397,10,4.6,mb,,65,3.115,0.69,us,us7000eip3,2021-09-10T20:07:33.040Z,"52 km NNW of Sarupathar, India",earthquake,3.2,1.9,0.109,27,reviewed,us,us
2021-07-25T15:09:21.630Z,27.3429,88.3092,10,4.5,mb,,79,3.417,0.69,us,us6000eyy4,2021-11-07T16:36:56.248Z,"7 km NE of Gyalshing, India",earthquake,4.9,1.9,0.068,65,reviewed,us,us
2021-08-09T13:06:44.772Z,29.7653,94.5571,10,4.2,mb,,126,7.145,0.79,us,us6000f7z6,2021-10-23T15:46:48.040Z,"138 km N of Shi Yomi, India",earthquake,10.7,1.9,0.2,9,reviewed,us,us
2021-08-17T20:20:11.928Z,31.9037,92.8722,10,4.6,mb,,95,6.376,0.6,us,us7000f4ue,2021-10-29T14:47:04.040Z,"90 km ENE of Nagqu, China",earthquake,12,1.9,0.109,28,reviewed,us,us
2021-09-04T12:05:15.767Z,26.5115,96.5587,97.98,4.5,mb,,69,3.055,0.46,us,us7000f7wc,2021-11-17T17:21:01.040Z,"42 km NW of Sarupathar, India",earthquake,9.2,3.9,0.067,65,reviewed,us,us
2021-09-11T00:28:30.709Z,30.4791,79.282,10,4.7,mb,,81,6.003,0.49,us,us7000fa6y,2021-11-23T15:09:30.040Z,"15 km WNW of P?palkoti, India",earthquake,9.1,1.9,0.057,95,reviewed,us,us
2021-09-12T14:56:15.922Z,27.4834,85.9978,10,4.4,mb,,154,8.149,0.52,us,us7000fc3k,2021-11-23T15:10:43.040Z,"47 km ESE of Dhulikhel, Nepal",earthquake,8.5,1.9,0.219,7,reviewed,us,us
2021-09-19T09:36:30.254Z,28.7353,96.4223,10,4.7,mb,,72,4.873,0.5,us,us7000fcme,2021-12-03T15:01:32.040Z,"74 km N of Hayuliang, India",earthquake,7.5,1.9,0.056,95,reviewed,us,us
2021-09-25T04:41:07.930Z,30.3557,94.7747,31.65,5,mb,,81,5.424,0.83,us,us7000feaa,2025-12-22T22:17:00.442Z,"206 km N of Shi Yomi, India",earthquake,8.2,3.3,0.052,123,reviewed,us,us
2021-09-25T09:24:34.850Z,30.2615,94.8136,34.18,4.4,mb,,76,5.358,0.53,us,us6000fqga,2021-12-04T14:28:27.040Z,"196 km NNE of Shi Yomi, India",earthquake,10.8,6.2,0.096,31,reviewed,us,us
2021-10-01T03:49:28.961Z,30.3214,94.8247,31.64,5,mb,,73,5.415,0.64,us,us6000fqn3,2025-12-22T22:17:18.325Z,"203 km NNE of Shi Yomi, India",earthquake,7.9,2.5,0.069,70,reviewed,us,us
2021-10-01T07:09:27.899Z,27.694,86.111,10,4.5,mb,,115,0.674,0.82,us,us6000fscx,2021-12-10T21:14:14.040Z,"33 km SSE of Kod?ri??, Nepal",earthquake,6.2,1.4,0.205,9,reviewed,us,us
2021-10-01T13:02:01.112Z,30.3464,94.7981,30.01,4.5,mb,,98,5.425,0.69,us,us6000fqqc,2021-12-10T21:14:01.040Z,"205 km NNE of Shi Yomi, India",earthquake,11.7,6.6,0.099,30,reviewed,us,us
2021-10-02T04:45:25.042Z,30.351,94.8618,35.41,4.8,mb,,74,6.118,0.74,us,us6000fqzr,2021-12-10T21:14:02.040Z,"207 km NNE of Shi Yomi, India",earthquake,9.2,7.5,0.096,37,reviewed,us,us
2021-10-02T05:36:42.142Z,30.3949,94.5447,34.42,4.1,mb,,135,5.365,0.36,us,us6000fsm2,2021-12-10T21:14:18.040Z,"207 km N of Shi Yomi, India",earthquake,15.2,8.8,0.214,6,reviewed,us,us
2021-10-04T03:24:23.509Z,30.3231,94.8038,35.16,4.8,mb,,72,6.086,0.78,us,us6000frfq,2025-12-22T22:17:24.157Z,"203 km NNE of Shi Yomi, India",earthquake,7.8,7.3,0.063,78,reviewed,us,us
2021-10-05T02:38:20.956Z,30.3349,94.7625,34.15,4.7,mb,,90,6.095,0.52,us,us6000frs4,2021-12-10T21:14:10.040Z,"203 km N of Shi Yomi, India",earthquake,8.3,5.5,0.082,45,reviewed,us,us
2021-10-05T23:27:58.849Z,30.367,94.804,31.38,4.4,mb,,115,5.446,0.91,us,us6000fs51,2021-12-10T21:14:12.040Z,"207 km NNE of Shi Yomi, India",earthquake,9.6,4.7,0.102,28,reviewed,us,us
2021-10-09T05:36:53.906Z,30.3972,94.8221,10,4.9,mb,,111,5.48,0.49,us,us6000ft7k,2021-12-18T19:58:41.040Z,"211 km NNE of Shi Yomi, India",earthquake,12.1,1.9,0.091,38,reviewed,us,us
2021-10-10T01:48:54.750Z,30.4182,94.8392,10,4.7,mb,,90,5.505,0.74,us,us6000ftez,2021-12-18T19:58:45.040Z,"214 km NNE of Shi Yomi, India",earthquake,8.8,1.8,0.102,31,reviewed,us,us
2021-10-10T16:29:40.747Z,30.3872,94.7873,10,4.7,mb,,73,5.456,0.47,us,us6000ftj2,2021-12-18T19:58:48.040Z,"209 km N of Shi Yomi, India",earthquake,10.5,1.9,0.11,31,reviewed,us,us
2021-10-12T00:31:54.076Z,30.405,94.6879,10,4.6,mb,,44,5.431,0.56,us,us6000ftxr,2021-12-18T19:58:56.040Z,"210 km N of Shi Yomi, India",earthquake,6.1,1.9,0.083,43,reviewed,us,us
2021-10-15T10:35:42.737Z,28.9582,87.6528,10,4.1,mb,,98,1.241,1.33,us,us6000fw5g,2021-12-25T22:58:52.040Z,"124 km WSW of Rikaze, China",earthquake,8.1,1.9,0.185,8,reviewed,us,us
2021-10-18T08:01:37.426Z,27.901,85.8004,10,4.3,mb,,93,5.892,0.58,us,us6000fvsc,2021-12-25T22:58:47.040Z,"16 km WSW of Kod?ri??, Nepal",earthquake,9.5,1.7,0.091,35,reviewed,us,us
2021-10-18T08:11:56.258Z,27.8507,85.7193,10,4.2,mb,,102,0.972,0.57,us,us6000fwqa,2021-12-25T22:58:58.040Z,"24 km NE of Nagarkot, Nepal",earthquake,5.8,1.9,0.099,28,reviewed,us,us
2021-10-18T10:32:14.377Z,28.7052,87.2852,10,4.7,mb,,158,5.133,0.82,us,us6000fwqi,2021-12-25T22:58:59.040Z,"95 km NNE of Lobujya, Nepal",earthquake,10.3,1.9,0.088,39,reviewed,us,us
2021-11-02T13:29:31.927Z,26.6453,96.7986,10,4.8,mb,,39,3.299,0.48,us,us7000fqu2,2025-12-22T22:19:22.130Z,"48 km N of Sarupathar, India",earthquake,7.9,1.8,0.061,91,reviewed,us,us
2021-11-04T04:49:04.009Z,26.7969,92.5824,10,4.4,mb,,76,1.388,0.56,us,us7000fsqj,2022-01-14T17:59:07.040Z,"9 km WSW of Rang?p?ra, India",earthquake,7.1,1.6,0.144,14,reviewed,us,us
2021-11-05T01:48:32.008Z,28.8267,87.4455,10,5,mb,,139,5.095,0.92,us,us7000frkq,2022-01-15T20:51:33.040Z,"115 km NNE of Lobujya, Nepal",earthquake,7.5,1.8,0.049,137,reviewed,us,us
2021-11-07T16:20:46.399Z,27.271,88.7826,10,4.6,mb,,76,1.878,0.66,us,us7000fs8a,2022-01-15T20:51:38.040Z,"17 km ESE of Gangtok, India",earthquake,6.7,1.8,0.059,89,reviewed,us,us
2021-11-09T10:57:27.886Z,31.9939,78.5517,10,4.6,mb,,84,4.744,0.41,us,us7000fsnw,2022-01-15T20:51:42.040Z,"89 km NE of Sar?han, India",earthquake,6.7,1.8,0.066,69,reviewed,us,us
2021-11-28T01:32:51.010Z,27.0398,96.3025,10,4.6,mb,,44,6.064,1.24,us,us7000fxlf,2022-02-05T23:04:23.040Z,"68 km ESE of Margherita, India",earthquake,3.8,1.9,0.103,28,reviewed,us,us
2021-11-28T17:02:20.837Z,27.0354,96.5311,10,4.4,mb,,73,6.255,1.15,us,us7000fxsb,2022-02-05T23:04:28.040Z,"89 km ESE of Margherita, India",earthquake,8.5,1.9,0.105,26,reviewed,us,us
2021-11-30T13:53:41.109Z,31.723,87.9296,6.77,5.5,mww,,29,9.596,0.72,us,us6000g7wd,2025-12-22T22:21:09.692Z,"289 km NNW of Rikaze, China",earthquake,7.4,3.7,0.093,11,reviewed,us,us
2021-12-01T08:30:49.521Z,31.5121,87.8006,10,4.3,mb,,68,3.644,0.97,us,us6000g85k,2022-02-05T23:03:39.040Z,"271 km NNW of Rikaze, China",earthquake,9.4,1.9,0.125,18,reviewed,us,us
2021-12-08T04:23:25.024Z,28.8093,87.5826,41.26,4.2,mb,,145,4.991,0.59,us,us6000gbxb,2022-02-12T23:07:37.040Z,"121 km NE of Lobujya, Nepal",earthquake,10.5,5.7,0.146,13,reviewed,us,us
2021-12-18T00:29:25.240Z,28.5625,87.5592,10,4,mb,,123,2.151,1.04,us,us6000gda6,2022-03-01T16:37:17.040Z,"99 km NE of Lobujya, Nepal",earthquake,11.2,1.9,0.122,18,reviewed,us,us
2021-12-21T05:04:14.782Z,27.6752,96.9853,43.61,4.5,mb,,44,4.196,0.53,us,us6000ge34,2022-03-01T16:38:47.040Z,"61 km SE of Hayuliang, India",earthquake,4.5,8.6,0.099,30,reviewed,us,us
2021-12-29T19:08:19.232Z,29.9056,80.3449,10,4.5,mb,,152,4.809,0.65,us,us7000gakz,2022-03-05T23:11:09.040Z,"18 km WNW of Dh?rchula, India",earthquake,9,1.9,0.098,30,reviewed,us,us
2022-01-06T14:46:09.394Z,26.8706,89.2113,10,4.2,mb,,66,2.707,0.78,us,us7000g9qu,2022-03-12T22:19:13.040Z,"11 km ESE of Samtse, Bhutan",earthquake,9.4,1.9,0.125,18,reviewed,us,us
2022-01-06T18:29:13.484Z,27.8305,82.8074,10,4.4,mb,,105,2.189,1.08,us,us7000g9pj,2022-03-12T22:19:13.040Z,"38 km NNE of Pachperwa, India",earthquake,7.8,2,0.101,28,reviewed,us,us
2022-01-13T03:13:54.822Z,28.8094,87.6854,10,4.1,mb,,111,2.348,0.71,us,us7000gdvm,2022-03-19T22:07:56.040Z,"126 km WSW of Rikaze, China",earthquake,12.1,1.9,0.198,7,reviewed,us,us
2022-01-17T22:59:23.843Z,29.2819,94.1513,10,5.1,mb,,48,6.953,1.24,us,us7000gcr6,2022-04-01T17:40:15.040Z,"86 km NNW of Shi Yomi, India",earthquake,7.2,1.8,0.046,155,reviewed,us,us
2022-01-19T00:19:44.860Z,31.8613,92.9243,10,4.4,mb,,77,7.775,1.05,us,us7000gfk9,2022-04-01T17:40:34.040Z,"92 km ENE of Nagqu, China",earthquake,8.6,1.3,0.076,50,reviewed,us,us
2022-01-24T19:38:59.306Z,29.9803,80.3548,10,4,mb,,129,4.833,0.81,us,us7000gen0,2022-04-09T20:18:59.040Z,"21 km NW of Dh?rchula, India",earthquake,9.5,1.9,0.106,24,reviewed,us,us
2022-02-06T05:57:32.293Z,31.5122,78.0555,10,4.2,mb,,137,4.568,0.56,us,us7000gidp,2022-04-19T17:38:43.040Z,"24 km E of Sar?han, India",earthquake,9.1,1.9,0.118,21,reviewed,us,us
2022-02-06T17:29:15.811Z,31.0285,96.1288,10,4.4,mb,,57,10.187,0.87,us,us7000gihy,2022-04-19T17:38:49.040Z,"100 km W of Qamdo, China",earthquake,9,1.9,0.092,34,reviewed,us,us
2022-02-11T19:16:50.015Z,26.0883,96.4951,10,4.8,mb,,38,5.318,0.67,us,us7000gk3y,2022-04-19T17:40:12.040Z,"34 km WSW of Sarupathar, India",earthquake,6.9,1.8,0.047,155,reviewed,us,us
2022-02-20T23:09:50.841Z,30.7466,96.1421,10,4.5,mb,,65,9.929,0.34,us,us6000gztl,2022-05-04T13:39:05.040Z,"107 km WSW of Qamdo, China",earthquake,5.7,1.9,0.094,33,reviewed,us,us
2022-03-03T08:19:05.856Z,29.9171,94.9732,10,4.1,mb,,68,5.696,0.36,us,us6000h1nw,2022-05-07T21:32:45.040Z,"164 km NNE of Shi Yomi, India",earthquake,9,1.9,0.111,24,reviewed,us,us
2022-03-03T08:47:06.403Z,29.9082,95.0011,10,4.4,mb,,39,5.69,0.45,us,us6000h1p1,2022-05-07T21:32:45.040Z,"164 km NNE of Shi Yomi, India",earthquake,8.2,1.9,0.082,43,reviewed,us,us
2022-03-15T02:51:06.411Z,29.9999,95.07,35,4.1,mb,,88,8.857,0.66,us,us6000h4ll,2024-01-17T22:28:35.601Z,"176 km NNE of Shi Yomi, India",earthquake,11.9,2,0.13,16,reviewed,us,us
2022-04-09T11:22:33.744Z,30.9544,78.2383,10,4.3,mb,,167,4.992,0.39,us,us7000h0w1,2022-06-20T22:07:34.040Z,"16 km N of Barkot, India",earthquake,5.4,1.9,0.119,20,reviewed,us,us
2022-04-09T18:38:37.466Z,28.8085,86.5315,10,4.2,mb,,71,1.493,0.56,us,us7000h0xr,2022-06-20T22:07:35.040Z,"99 km NNW of Lobujya, Nepal",earthquake,5.4,1.6,0.081,49,reviewed,us,us
2022-04-24T09:56:45.185Z,31.7278,83.1271,10,4.3,mb,52,75,4.338,0.52,us,us7000h6l9,2022-07-05T03:40:07.040Z,"244 km NE of Burang, China",earthquake,4,1.9,0.088,37,reviewed,us,us
2022-05-11T04:33:11.628Z,29.9682,80.4219,33.06,4.9,mb,59,100,4.775,0.4,us,us7000h8ii,2022-07-22T18:31:12.040Z,"16 km NW of Dh?rchula, India",earthquake,8.2,3.9,0.044,163,reviewed,us,us
2022-05-15T16:17:04.821Z,26.3342,92.3725,10,4.1,mb,35,94,3.701,0.72,us,us6000hld3,2022-07-24T02:38:53.040Z,"9 km NNE of Morigaon, India",earthquake,8.4,1.9,0.127,17,reviewed,us,us
2022-05-21T02:45:09.223Z,28.2186,86.2888,70.83,4.2,mb,22,101,0.529,1.16,us,us6000hmu1,2022-08-02T19:50:36.040Z,"43 km NE of Kod?ri??, Nepal",earthquake,11.9,8.5,0.159,12,reviewed,us,us
2022-05-31T04:39:39.616Z,26.3635,95.6051,95.69,4.3,mb,23,90,4.13,0.95,us,us7000hdq8,2022-08-06T22:13:08.040Z,"68 km SE of Mon, India",earthquake,9.7,7.2,0.169,10,reviewed,us,us
2022-06-22T22:11:46.712Z,28.3742,83.8247,10,4.6,mb,97,44,1.406,0.46,us,us7000hjf5,2022-08-28T03:20:18.040Z,"14 km ESE of Chitre, Nepal",earthquake,8.1,1.8,0.061,81,reviewed,us,us
2022-07-01T18:29:53.402Z,27.1505,89.2837,10,4.2,mb,19,143,3.616,0.72,us,us6000hz6u,2022-09-03T21:03:27.040Z,"22 km NNW of Daphu, Bhutan",earthquake,9.9,2,0.152,12,reviewed,us,us
2022-07-01T21:23:45.408Z,27.0855,89.0981,10,4.2,mb,23,78,3.467,0.45,us,us6000hz8t,2022-09-03T21:03:27.040Z,"20 km N of Samtse, Bhutan",earthquake,11,2,0.146,13,reviewed,us,us
2022-07-08T04:30:25.912Z,27.8815,94.1134,10,4.3,mb,23,108,5.237,0.65,us,us6000i2nr,2022-09-13T06:26:17.040Z,"41 km NE of Ziro, India",earthquake,8.4,1.7,0.169,11,reviewed,us,us
2022-07-10T14:04:39.640Z,29.6405,80.8736,10,4.2,mb,29,166,4.281,0.5,us,us6000i3gw,2022-09-24T21:26:01.040Z,"37 km SE of D?rchul?, Nepal",earthquake,11.5,1.9,0.141,14,reviewed,us,us
2022-07-24T07:06:54.744Z,30.7594,78.396,20.888,4,mb,23,169,5.215,0.58,us,us6000i7rv,2022-10-01T22:09:32.040Z,"5 km NW of Uttark?shi, India",earthquake,10.63,3.548,0.184,9,reviewed,us,us
2022-07-25T00:22:09.402Z,27.8961,85.5825,10,4.3,mb,55,55,0.285,0.63,us,us7000ht82,2022-10-01T22:09:49.040Z,"20 km NNE of Nagarkot, Nepal",earthquake,5.95,1.88,0.085,39,reviewed,us,us
2022-07-31T02:28:08.777Z,27.1316,86.7827,10,5.1,mb,106,51,1.493,0.7,us,us6000i6vr,2022-10-12T14:49:01.040Z,"26 km W of Bhojpur, Nepal",earthquake,6.84,1.776,0.037,232,reviewed,us,us
2022-08-05T23:41:04.059Z,27.7936,84.9833,10,4.4,mb,42,89,0.262,0.72,us,us6000i8js,2022-10-19T09:42:19.441Z,"31 km WNW of Kirtipur, Nepal",earthquake,7.46,1.901,0.096,31,reviewed,us,us
2022-08-19T19:42:42.048Z,28.0619,81.1968,10,4.9,mb,114,80,3.621,0.73,us,us6000ic7w,2022-10-28T02:27:12.040Z,"12 km NE of Dhaurahra, India",earthquake,8.51,1.804,0.057,103,reviewed,us,us
2022-08-29T12:54:02.976Z,29.024,96.1153,10,4.2,mb,24,112,8.262,0.32,us,us7000i5q7,2022-11-06T04:38:03.040Z,"113 km NNW of Hayuliang, India",earthquake,11.25,1.933,0.16,11,reviewed,us,us
2022-09-05T05:38:06.906Z,31.8483,92.7896,10,4.5,mb,52,95,7.67,0.7,us,us7000i5am,2022-11-15T19:06:07.040Z,"80 km ENE of Nagqu, China",earthquake,4.91,1.855,0.087,39,reviewed,us,us
2022-09-05T07:00:02.000Z,31.8067,92.8086,10,4.4,mb,58,65,7.663,0.54,us,us7000i5b3,2022-11-15T19:06:07.040Z,"80 km ENE of Nagqu, China",earthquake,9.16,1.862,0.091,35,reviewed,us,us
2022-09-13T21:35:13.787Z,26.6232,96.133,10,4.4,mb,36,110,5.886,0.59,us,us7000i7sb,2022-11-19T23:03:02.040Z,"71 km SE of Khonsa, India",earthquake,13.13,1.896,0.105,26,reviewed,us,us
2022-09-17T23:33:29.809Z,26.368,96.6018,122.703,4.3,mb,59,69,5.588,0.51,us,us7000i8xq,2022-11-26T20:57:35.040Z,"27 km NW of Sarupathar, India",earthquake,10.78,6.286,0.091,34,reviewed,us,us
2022-09-18T12:57:55.916Z,28.8975,95.861,10,4.5,mb,54,92,8.163,0.51,us,us7000i935,2022-11-26T20:57:39.040Z,"105 km NNE of P?sigh?t, India",earthquake,10.13,1.885,0.092,34,reviewed,us,us
2022-09-19T00:39:26.290Z,31.2049,82.7913,16.108,4.1,mb,36,140,4.027,0.4,us,us7000i962,2022-11-26T20:57:40.040Z,"184 km ENE of Burang, China",earthquake,9.34,4.869,0.135,15,reviewed,us,us
2022-10-19T09:22:40.123Z,27.894,86.0386,23.943,4.9,mb,51,56,0.679,0.74,us,us6000iut9,2024-01-18T17:13:59.271Z,"10 km SE of Kod?ri??, Nepal",earthquake,6.4,5.545,0.076,54,reviewed,us,us
2022-10-19T10:08:35.308Z,27.8248,86.0362,22.2,4.2,mb,10,71,0.671,0.9,us,us6000iw2g,2022-12-31T23:03:48.040Z,"16 km SSE of Kod?ri??, Nepal",earthquake,5.95,5.963,0.159,11,reviewed,us,us
2022-10-30T03:41:50.868Z,29.5573,81.0921,10,4.5,mb,26,168,4.074,0.61,us,us7000ila6,2023-01-12T23:10:35.040Z,"36 km NNE of Dipayal, Nepal",earthquake,8.9,1.689,0.164,11,reviewed,us,us
2022-10-31T00:45:56.922Z,26.6099,96.5205,10,4.6,mb,62,73,5.834,0.53,us,us7000ilef,2023-01-12T23:10:43.040Z,"53 km NNW of Sarupathar, India",earthquake,9.42,1.788,0.095,33,reviewed,us,us
2022-11-06T03:03:03.944Z,30.7102,78.5669,22.322,4.6,mb,53,100,5.364,0.75,us,us7000imtm,2023-01-21T19:27:09.040Z,"Uttaranchal, India",earthquake,8.67,1.881,0.098,31,reviewed,us,us
2022-11-06T16:28:40.298Z,27.9764,88.2153,10,4,mb,27,66,1.242,0.52,us,us7000imxk,2023-01-21T19:27:10.040Z,"59 km NNW of Mangan, India",earthquake,9.6,1.911,0.143,13,reviewed,us,us
2022-11-07T23:07:22.073Z,28.9207,86.6701,10,4.2,mb,45,66,0.967,0.91,us,us7000in6q,2023-01-21T19:27:13.040Z,"108 km N of Lobujya, Nepal",earthquake,7.51,1.886,0.093,32,reviewed,us,us
2022-11-08T15:22:35.973Z,29.3448,81.1922,10,4.7,mb,55,80,3.91,0.67,us,us7000inan,2023-01-21T19:27:15.040Z,"26 km ENE of Dipayal, Nepal",earthquake,8.65,1.834,0.088,42,reviewed,us,us
2022-11-08T20:27:22.316Z,29.2917,81.1593,11,5.7,mww,268,13,3.917,0.69,us,us7000incn,2023-01-21T19:27:15.040Z,"Nepal",earthquake,6.94,1.653,0.057,30,reviewed,us,us
2022-11-09T00:57:14.321Z,29.9803,80.2903,22.974,4.4,mb,22,166,4.884,0.63,us,us7000ine2,2023-01-21T19:27:15.040Z,"26 km WNW of Dh?rchula, India",earthquake,9.97,6.418,0.117,21,reviewed,us,us
2022-11-09T23:28:02.358Z,29.352,81.1564,10,4.3,mb,30,187,3.942,0.29,us,us7000innz,2023-01-21T19:27:17.040Z,"Nepal",earthquake,10.26,1.953,0.154,12,reviewed,us,us
2022-11-10T05:01:05.611Z,28.3835,94.4118,15,5.5,mww,182,35,6.722,0.5,us,us7000inqd,2023-01-21T19:27:18.040Z,"16 km SSE of Shi Yomi, India",earthquake,8.34,1.843,0.089,12,reviewed,us,us
2022-11-12T14:27:05.131Z,29.3523,81.1777,10,5.2,mww,87,46,3.924,0.54,us,us7000ipbc,2024-01-18T17:21:41.677Z,"25 km ENE of Dipayal, Nepal",earthquake,8.58,1.808,0.098,10,reviewed,us,us
2022-12-09T15:40:44.925Z,26.0254,95.3931,99.202,4.5,mb,41,110,5.445,0.64,us,us6000j86w,2023-02-11T23:03:21.040Z,"Myanmar-India border region",earthquake,11.76,7.041,0.1,29,reviewed,us,us
2022-12-12T14:41:36.662Z,30.7282,96.3491,10,4.3,mb,33,87,10.098,0.82,us,us6000j9qq,2023-02-18T22:04:16.040Z,"91 km WSW of Qamdo, China",earthquake,5.12,1.907,0.126,18,reviewed,us,us
2022-12-20T02:12:04.202Z,31.8349,94.2256,10,4.4,mb,25,110,8.749,0.66,us,us7000j1uv,2023-02-28T23:06:31.040Z,"209 km E of Nagqu, China",earthquake,11.46,1.902,0.162,11,reviewed,us,us
2022-12-23T01:30:55.904Z,28.5471,83.0809,10,4.2,mb,21,134,2.078,0.96,us,us7000j29m,2023-02-28T23:06:46.040Z,"58 km WNW of B?glung, Nepal",earthquake,11.51,1.938,0.187,9,reviewed,us,us
2022-12-23T01:31:21.071Z,28.4999,83.1015,10,4.5,mb,27,100,2.045,0.65,us,us7000j29h,2023-02-28T23:06:46.040Z,"Nepal",earthquake,10.66,1.894,0.14,15,reviewed,us,us
2022-12-27T19:38:12.218Z,28.926,83.6137,24.596,4,mb,36,85,1.847,0.63,us,us7000j0hw,2023-03-07T18:59:53.040Z,"55 km N of Chitre, Nepal",earthquake,9.89,5.7,0.106,30,reviewed,us,us
2022-12-27T20:22:03.128Z,28.4898,83.1553,18.597,4.6,mb,119,58,1.997,0.52,us,us7000j0i3,2023-03-07T18:59:53.040Z,"48 km WNW of B?glung, Nepal",earthquake,8.13,3.731,0.054,117,reviewed,us,us
2023-01-02T04:21:34.794Z,27.5974,90.3069,35,4.4,mb,59,107,3.118,0.62,us,us7000j1if,2023-03-11T22:51:31.040Z,"22 km WNW of Trongsa, Bhutan",earthquake,11.07,1.912,0.084,41,reviewed,us,us
2023-01-10T01:42:57.492Z,26.705,96.5576,10,4.6,mb,66,95,6.905,0.65,us,us7000j3bs,2023-03-20T06:03:10.040Z,"60 km NNW of Sarupathar, India",earthquake,6.92,1.738,0.085,42,reviewed,us,us
2023-01-12T09:58:36.471Z,31.6045,82.9741,10,4.2,mb,32,77,4.289,0.9,us,us7000j3v1,2023-03-20T06:03:28.040Z,"western Xizang",earthquake,4.65,1.879,0.159,11,reviewed,us,us
2023-01-24T08:58:33.123Z,29.5825,81.6638,33.11,5.4,mww,127,39,3.639,0.75,us,us6000jivm,2023-04-27T20:01:02.340Z,"60 km NW of Jumla, Nepal",earthquake,7.63,3.669,0.098,10,reviewed,us,us
2023-02-07T05:08:59.651Z,31.7237,93.6523,10,4.2,mb,39,69,7.026,0.35,us,us6000jp46,2023-04-15T21:40:07.040Z,"Eastern Xizang",earthquake,5.48,1.908,0.101,27,reviewed,us,us
2023-02-09T16:06:33.824Z,31.927,92.9392,15.284,4,mb,65,69,6.626,0.63,us,us6000jmrc,2023-04-15T21:39:51.040Z,"97 km ENE of Nagqu, China",earthquake,6.85,4.35,0.087,44,reviewed,us,us
2023-02-12T10:48:14.855Z,26.3749,92.9259,10,4.2,mb,20,128,5.67,0.47,us,us6000jngh,2023-04-22T21:33:02.040Z,"31 km SSE of Tezpur, India",earthquake,10.21,1.952,0.176,9,reviewed,us,us
2023-02-12T22:45:05.505Z,27.986,88.0003,60.903,4,mb,40,66,2.416,0.81,us,us6000jni5,2023-04-22T21:33:03.040Z,"73 km NW of Mangan, India",earthquake,9.32,9.377,0.102,26,reviewed,us,us
2023-02-21T17:05:11.551Z,31.7809,93.5414,16.796,4.5,mb,91,74,6.975,0.59,us,us6000jql1,2023-04-29T21:57:22.040Z,"144 km ENE of Nagqu, China",earthquake,8.34,4.262,0.065,74,reviewed,us,us
2023-02-22T08:00:22.588Z,29.6254,81.5737,20.937,4.8,mb,77,52,3.728,0.73,us,us6000jqqz,2023-04-29T21:57:25.040Z,"70 km WNW of Jumla, Nepal",earthquake,9.15,4.447,0.064,76,reviewed,us,us
2023-02-26T07:06:04.699Z,29.7352,81.127,10,4.3,mb,18,154,4.123,0.43,us,us7000jhnm,2023-05-08T01:59:29.040Z,"Nepal",earthquake,9.8,1.938,0.188,12,reviewed,us,us
2023-03-02T08:12:56.235Z,28.3307,87.3045,10,4,mb,28,106,0.572,0.38,us,us7000jgsb,2023-05-08T02:00:18.040Z,"64 km NE of Lobuche, Nepal",earthquake,2.61,1.905,0.119,19,reviewed,us,us
2023-03-03T01:13:47.387Z,29.8612,94.9521,10,4.2,mb,39,110,7.746,0.86,us,us7000jgyk,2023-05-08T02:00:30.040Z,"157 km NNE of Shi Yomi, India",earthquake,7.97,1.906,0.118,21,reviewed,us,us
2023-03-17T10:39:39.278Z,30.7663,96.0896,10,5,mww,137,35,9.891,0.47,us,us7000jktb,2023-05-20T23:20:32.040Z,"111 km WSW of Qamdo, China",earthquake,4,1.84,0.098,10,reviewed,us,us
2023-03-24T04:06:24.411Z,29.6326,81.828,30.882,4.2,mb,23,171,3.538,0.8,us,us7000jmc0,2023-05-26T21:54:15.040Z,"52 km NW of Jumla, Nepal",earthquake,13.44,7.587,0.152,12,reviewed,us,us
2023-04-01T05:42:20.397Z,27.6685,86.1761,10,4.5,mb,37,84,0.806,0.62,us,us6000k1b0,2023-06-03T22:06:16.040Z,"38 km SSE of Kodāri̇̄, Nepal",earthquake,6.89,1.919,0.086,40,reviewed,us,us
2023-04-08T14:44:49.140Z,28.6582,86.7146,68.028,4.3,mb,28,96,0.702,0.43,us,us6000k2vg,2024-01-18T19:44:58.951Z,"79 km N of Lobuche, Nepal",earthquake,9.5,9.219,0.109,24,reviewed,us,us
2023-04-12T00:05:08.100Z,26.0018,87.3828,10,4,mb,38,97,2.015,0.6,us,us6000k3n5,2023-06-17T21:36:47.040Z,"Nepal-India border region",earthquake,8.95,1.917,0.089,34,reviewed,us,us
2023-04-27T18:13:51.853Z,29.5729,81.5302,10,4.5,mb,78,167,4.907,0.68,us,us7000jwcr,2023-07-11T01:44:46.040Z,"66 km ENE of Dipayal, Nepal",earthquake,10.23,1.868,0.075,52,reviewed,us,us
2023-04-27T19:45:53.627Z,29.6212,81.5483,10,5.1,mb,75,59,3.746,0.72,us,us7000jwdq,2023-07-11T01:44:47.040Z,"72 km NE of Dipayal, Nepal",earthquake,8.55,1.816,0.037,241,reviewed,us,us
2023-05-03T23:48:53.606Z,27.3244,97.0318,10,4.6,mb,104,60,6.448,0.59,us,us6000k9cr,2023-07-15T22:09:33.040Z,"95 km SSE of Hayuliang, India",earthquake,7.47,1.813,0.067,67,reviewed,us,us
2023-05-04T04:20:30.480Z,30.5173,79.0377,27.66,4.2,mb,18,166,6.092,0.57,us,us6000kau8,2023-07-15T22:10:22.040Z,"Uttaranchal, India",earthquake,12.55,5.644,0.264,4,reviewed,us,us
2023-05-06T08:01:03.160Z,28.9028,86.6245,42.645,4.3,mb,34,97,1.617,0.67,us,us6000k9zr,2023-07-15T22:10:06.040Z,"107 km N of Lobuche, Nepal",earthquake,6.04,10.959,0.104,26,reviewed,us,us
2023-05-22T02:45:35.828Z,26.8674,97.023,10,5,mb,159,35,5.916,0.52,us,us6000kdsy,2023-07-29T22:00:27.040Z,"76 km NNE of Sarupathar, India",earthquake,7.84,1.741,0.05,125,reviewed,us,us
2023-05-23T22:21:48.564Z,29.6551,81.2484,10,4.3,mb,47,150,3.993,0.57,us,us7000k3ch,2023-07-29T22:00:32.040Z,"52 km NE of Dipayal, Nepal",earthquake,9.65,1.914,0.104,26,reviewed,us,us
2023-05-27T21:36:33.057Z,27.0688,92.6797,10,4.5,mb,26,116,2.96,0.64,us,us7000k4iq,2023-07-29T22:00:44.040Z,"25 km N of Rangāpāra, India",earthquake,7.59,1.597,0.163,11,reviewed,us,us
2023-05-28T18:51:22.818Z,28.6722,91.4759,10,4.5,mb,83,53,1.072,0.86,us,us7000k4ne,2023-08-05T22:07:37.040Z,"Eastern Xizang",earthquake,5.99,1.773,0.072,56,reviewed,us,us
2023-05-29T02:33:31.480Z,26.7587,92.4485,10,4.9,mb,143,80,3.157,0.74,us,us7000k4q0,2023-08-14T15:18:58.836Z,"6 km NNW of Dhekiajuli, India",earthquake,8.19,1.808,0.051,122,reviewed,us,us
2023-06-01T03:30:53.257Z,26.0736,95.1588,31.912,4.2,mb,17,137,5.554,0.9,us,us7000k72v,2024-01-18T20:03:25.089Z,"39 km ESE of Tuensang, India",earthquake,12.83,7.948,0.236,5,reviewed,us,us
2023-06-12T01:53:56.728Z,29.71,81.5777,27.16,4.3,mb,17,179,3.766,0.41,us,us7000k9l7,2023-08-21T04:19:24.040Z,"75 km SSE of Burang, China",earthquake,11.37,7.127,0.217,6,reviewed,us,us
2023-06-12T21:23:08.724Z,26.1093,95.2775,77.469,4.3,mb,32,134,5.129,0.69,us,us7000k82d,2023-08-21T04:18:45.040Z,"48 km ESE of Tuensang, India",earthquake,7.95,8.954,0.138,15,reviewed,us,us
2023-06-30T05:44:02.011Z,26.9851,96.6035,10,4.4,mb,34,132,5.534,0.64,us,us6000kp19,2023-09-08T14:18:29.040Z,"88 km NNW of Sarupathar, India",earthquake,9.51,1.919,0.12,21,reviewed,us,us
2023-07-04T07:25:32.260Z,26.5274,96.3583,89.642,4.6,mb,75,59,5.599,0.68,us,us6000kpzu,2023-09-09T21:54:45.040Z,"57 km NW of Sarupathar, India",earthquake,8.46,5.346,0.053,105,reviewed,us,us
2023-07-07T05:20:53.879Z,31.536,78.3517,10,4.3,mb,29,123,4.78,0.82,us,us6000kqna,2023-09-09T21:54:54.040Z,"53 km E of Sarāhan, India",earthquake,8.02,1.857,0.147,13,reviewed,us,us
2023-07-27T22:13:55.178Z,30.35,94.8318,10,5,mb,102,63,3.277,0.45,us,us6000kw0u,2023-09-30T21:36:32.040Z,"206 km NNE of Shi Yomi, India",earthquake,7.77,1.816,0.046,148,reviewed,us,us
2023-07-27T22:16:52.885Z,30.4008,94.4266,10,4.4,mb,22,97,2.944,0.95,us,us6000kxue,2023-09-30T21:36:37.040Z,"207 km N of Shi Yomi, India",earthquake,8.23,1.962,0.149,13,reviewed,us,us
2023-07-28T03:20:30.294Z,30.2874,94.7327,10,4.6,mb,50,77,3.182,1,us,us6000kw25,2023-09-30T21:36:32.040Z,"197 km N of Shi Yomi, India",earthquake,8.98,1.864,0.068,64,reviewed,us,us
2023-07-29T20:44:18.157Z,30.7849,94.6516,10,4,mb,21,118,3.235,0.9,us,us6000kwk9,2023-09-30T21:36:34.040Z,"244 km W of Qamdo, China",earthquake,14.98,1.97,0.129,16,reviewed,us,us
2023-07-30T04:15:11.184Z,30.3856,94.8507,10,4.9,mb,69,70,3.299,0.74,us,us6000kwm4,2023-10-07T21:38:54.040Z,"210 km NNE of Shi Yomi, India",earthquake,5.27,1.721,0.046,148,reviewed,us,us
2023-07-30T18:33:44.613Z,30.3618,94.8769,10,4.8,mb,105,85,3.317,0.57,us,us6000kwqs,2023-10-07T21:38:55.040Z,"208 km NNE of Shi Yomi, India",earthquake,7.99,1.837,0.051,118,reviewed,us,us
2023-07-30T18:43:52.082Z,30.6596,94.8451,10,4.1,mb,26,229,3.358,0.36,us,us6000kwqz,2023-10-07T21:38:55.040Z,"229 km WSW of Qamdo, China",earthquake,8.3,2.003,0.123,18,reviewed,us,us
2023-08-05T20:04:11.934Z,30.2183,80.7013,10,4.3,mb,50,145,4.677,0.43,us,us6000ky67,2023-10-07T21:38:59.040Z,"western Xizang-India border region",earthquake,6.21,1.894,0.108,24,reviewed,us,us
2023-08-18T10:06:12.181Z,31.6469,82.939,10,4.4,mb,65,77,4.34,0.39,us,us7000kp70,2023-10-27T21:39:03.040Z,"225 km NE of Burang, China",earthquake,8.47,1.873,0.088,37,reviewed,us,us
2023-08-18T17:49:38.408Z,28.2888,87.1512,79.496,4.3,mb,56,79,1.725,0.52,us,us7000kpar,2023-10-27T21:39:04.040Z,"50 km NE of Lobuche, Nepal",earthquake,7.89,6.429,0.075,57,reviewed,us,us
2023-08-19T14:46:08.434Z,30.3522,94.7507,10,5,mb,56,47,3.208,0.92,us,us7000kpgp,2023-10-27T21:39:04.040Z,"205 km N of Shi Yomi, India",earthquake,9.08,1.857,0.048,140,reviewed,us,us
2023-08-19T15:20:35.313Z,26.3499,92.845,35,4.8,mb,47,70,3.669,0.76,us,us7000kpgy,2024-05-29T13:27:55.290Z,"31 km S of Tezpur, India",earthquake,9.29,1.898,0.059,89,reviewed,us,us
2023-08-19T23:06:55.832Z,30.2806,94.9315,10,4.6,mb,72,76,3.35,0.61,us,us7000kpiu,2023-10-27T21:39:04.040Z,"201 km NNE of Shi Yomi, India",earthquake,6.13,1.861,0.083,44,reviewed,us,us
2023-08-22T18:46:54.966Z,30.3642,94.8494,31.914,4.9,mb,161,40,3.294,0.61,us,us7000kq64,2023-10-28T19:15:34.040Z,"208 km NNE of Shi Yomi, India",earthquake,7.48,4.53,0.038,216,reviewed,us,us
2023-08-22T21:09:47.028Z,30.4403,95.0584,10,4.2,mb,30,114,3.486,0.65,us,us7000kq7c,2023-10-28T19:15:35.040Z,"216 km WSW of Qamdo, China",earthquake,12.26,1.912,0.132,16,reviewed,us,us
2023-09-08T19:33:41.473Z,30.3347,94.8244,34.851,4.8,mb,74,69,3.268,0.58,us,us7000kudj,2023-11-17T19:47:51.040Z,"204 km NNE of Shi Yomi, India",earthquake,7.42,4.537,0.052,113,reviewed,us,us
2023-09-10T00:10:51.381Z,30.4554,94.829,10,4.6,mb,65,81,3.295,0.78,us,us7000kupj,2023-11-18T22:29:32.040Z,"217 km NNE of Shi Yomi, India",earthquake,5.72,1.769,0.08,46,reviewed,us,us
2023-09-10T04:01:10.909Z,30.3231,94.7822,10,4.4,mb,55,86,3.23,0.77,us,us7000kuqr,2023-11-18T22:29:32.040Z,"202 km NNE of Shi Yomi, India",earthquake,7.22,1.764,0.087,38,reviewed,us,us
2023-09-16T11:23:56.315Z,30.5044,94.8956,10,4,mb,18,116,3.362,0.57,us,us7000kw66,2023-11-18T22:29:35.040Z,"224 km NNE of Shi Yomi, India",earthquake,9.67,1.972,0.143,13,reviewed,us,us
2023-09-27T23:46:44.280Z,29.7208,94.6666,10,4,mb,25,115,3.079,0.98,us,us6000lcge,2023-12-09T22:00:42.040Z,"135 km NNE of Shi Yomi, India",earthquake,8.6,1.973,0.125,17,reviewed,us,us
2023-10-02T14:29:30.012Z,26.0535,97.0376,10,4.4,mb,35,93,5.203,0.65,us,us6000lc9d,2023-12-14T21:26:51.040Z,"28 km SE of Sarupathar, India",earthquake,9.02,1.891,0.134,18,reviewed,us,us
2023-10-03T03:00:28.125Z,31.0357,86.3467,10,4.1,mb,39,62,3.356,0.56,us,us6000lcec,2023-12-14T21:26:51.040Z,"218 km NNE of Saga, China",earthquake,7.39,1.821,0.107,24,reviewed,us,us
2023-10-03T08:55:50.480Z,29.459,81.2188,10,4.9,mb,83,49,3.933,0.59,us,us6000lcfg,2023-12-14T21:26:51.040Z,"34 km NE of Dipayal, Nepal",earthquake,7.34,1.76,0.059,91,reviewed,us,us
2023-10-03T09:21:03.018Z,29.4973,81.242,13,5.7,mww,226,23,3.93,0.33,us,us6000lcgj,2023-12-14T21:26:51.040Z,"39 km NE of Dipayal, Nepal",earthquake,4.47,1.784,0.052,36,reviewed,us,us
2023-10-03T09:28:43.898Z,29.2397,81.2051,10,4.8,mb,80,81,3.861,0.28,us,us6000ldiq,2023-12-14T21:26:54.040Z,"25 km E of Dipayal, Nepal",earthquake,8.06,1.815,0.07,64,reviewed,us,us
2023-10-03T09:33:05.019Z,29.3074,81.1092,10,4.2,mb,20,134,3.963,0.79,us,us6000ldjs,2023-12-14T21:26:55.040Z,"17 km ENE of Dipayal, Nepal",earthquake,13.41,1.945,0.167,10,reviewed,us,us
2023-10-03T11:34:10.972Z,29.5637,81.257,10,4.8,mb,76,45,3.946,0.39,us,us6000lch4,2023-12-14T21:26:51.040Z,"45 km NE of Dipayal, Nepal",earthquake,4.93,1.841,0.068,67,reviewed,us,us
2023-10-03T11:53:17.879Z,29.5106,81.1706,10,4.5,mb,47,79,3.992,0.38,us,us6000lchg,2023-12-14T21:26:51.040Z,"35 km NE of Dipayal, Nepal",earthquake,6.85,1.672,0.088,38,reviewed,us,us
2023-10-03T19:05:41.024Z,29.5231,81.1691,10,4.4,mb,24,169,3.999,0.45,us,us6000ldjg,2023-12-14T21:26:55.040Z,"36 km NE of Dipayal, Nepal",earthquake,5.96,1.926,0.161,11,reviewed,us,us
2023-10-03T23:58:04.608Z,29.7245,81.2904,10,4.3,mb,22,149,3.992,0.48,us,us6000lcn8,2023-12-14T21:26:52.040Z,"61 km NNE of Dipayal, Nepal",earthquake,11.99,1.947,0.177,9,reviewed,us,us
2023-10-07T06:00:01.972Z,29.5133,81.2055,10,5,mb,112,46,3.966,0.51,us,us6000ldp9,2023-12-14T21:26:55.040Z,"38 km NE of Dipayal, Nepal",earthquake,8.76,1.859,0.055,105,reviewed,us,us
2023-10-08T13:37:04.576Z,31.7268,79.3465,10,4.5,mb,34,161,5.471,0.99,us,us6000le17,2023-12-16T22:13:05.040Z,"131 km N of Joshīmath, India",earthquake,8.96,1.91,0.131,17,reviewed,us,us
2023-10-08T19:46:32.191Z,30.798,86.3755,10,4.4,mb,65,40,3.137,0.59,us,us6000le2i,2023-12-16T22:13:05.040Z,"197 km NE of Saga, China",earthquake,6.63,1.851,0.075,51,reviewed,us,us
2023-10-11T18:37:21.967Z,29.5869,81.1801,10,4.8,mb,88,46,4.017,0.62,us,us6000lewe,2023-12-16T22:13:07.040Z,"43 km NNE of Dipayal, Nepal",earthquake,8.19,1.811,0.051,119,reviewed,us,us
2023-10-12T20:06:44.075Z,29.5722,81.2129,10,4.4,mb,48,168,3.985,0.83,us,us6000lf7f,2023-12-16T22:13:08.040Z,"43 km NE of Dipayal, Nepal",earthquake,9.73,1.927,0.092,34,reviewed,us,us
2023-10-14T21:53:08.277Z,31.8115,79.3974,10,4.3,mb,43,154,5.481,0.6,us,us6000lflt,2023-12-16T22:13:09.040Z,"140 km N of Joshīmath, India",earthquake,5.54,1.864,0.122,19,reviewed,us,us
2023-10-16T03:41:40.294Z,30.0924,80.7774,10,4.2,mb,36,69,4.558,0.57,us,us6000lfu1,2023-12-26T21:24:22.040Z,"36 km NE of Dārchulā, Nepal",earthquake,9.37,1.886,0.132,16,reviewed,us,us
2023-10-18T16:18:48.676Z,29.6681,81.357,10,4.5,mb,24,115,7.955,0.72,us,us6000lgeh,2023-12-26T21:24:33.040Z,"60 km NE of Dipayal, Nepal",earthquake,12.92,1.977,0.204,7,reviewed,us,us
2023-10-22T01:54:21.100Z,27.8879,84.7252,25.706,5.2,mb,101,29,1.848,0.82,us,us6000lh8c,2024-08-02T09:02:20.213Z,"36 km NE of Bharatpur, Nepal",earthquake,5.82,4.541,0.038,230,reviewed,us,us
2023-10-22T11:46:45.520Z,27.8519,84.646,26.661,4,mb,24,163,1.92,0.24,us,us7000l6ai,2024-01-04T04:21:52.040Z,"28 km NE of Bharatpur, Nepal",earthquake,8.1,7.286,0.113,21,reviewed,us,us
2023-10-23T08:43:37.339Z,31.607,88.1062,10,4.7,mb,139,35,3.221,0.48,us,us6000lhg2,2024-01-04T04:21:56.040Z,"271 km NNW of Rikaze, China",earthquake,6.95,1.833,0.051,120,reviewed,us,us
2023-10-23T22:47:24.464Z,31.4395,86.6091,10,4.4,mb,39,75,3.473,0.72,us,us7000l5va,2024-01-04T04:22:01.040Z,"269 km NNE of Saga, China",earthquake,10.08,1.885,0.09,35,reviewed,us,us
2023-10-26T18:29:02.059Z,26.7385,96.8669,52.637,4.3,mb,61,55,5.789,0.58,us,us7000l6lg,2024-01-04T04:22:19.040Z,"59 km N of Sarupathar, India",earthquake,7.77,4.325,0.091,34,reviewed,us,us
2023-10-27T23:23:47.733Z,26.2481,95.5087,79.962,4.8,mb,112,60,5.005,0.57,us,us7000l70z,2024-01-04T04:22:29.040Z,"68 km E of Tuensang, India",earthquake,7.87,4.061,0.056,100,reviewed,us,us
2023-11-03T18:02:53.465Z,28.858,82.1531,12,5.7,mww,232,21,2.95,0.94,us,us7000l8p5,2024-01-10T06:01:50.040Z,"43 km E of Dailekh, Nepal",earthquake,5.99,1.688,0.06,27,reviewed,us,us
2023-11-03T18:44:39.613Z,28.8332,81.9912,10,4.1,mb,27,107,3.076,0.84,us,us7000l9n0,2024-01-18T21:13:18.385Z,"27 km E of Dailekh, Nepal",earthquake,10.1,1.613,0.151,16,reviewed,us,us
2023-11-03T19:39:09.153Z,26.4186,96.6025,118.316,4.2,mb,38,109,5.414,0.92,us,us7000l8qp,2024-01-18T21:13:23.509Z,"31 km NW of Sarupathar, India",earthquake,12.01,8.618,0.132,20,reviewed,us,us
2023-11-03T22:31:34.600Z,28.976,82.2728,10,4,mb,36,114,2.896,0.59,us,us7000l8rr,2024-01-10T06:01:52.040Z,"34 km SSE of Jumla, Nepal",earthquake,9.7,1.917,0.144,13,reviewed,us,us
2023-11-06T10:46:39.805Z,28.8564,82.0652,10,5.3,mb,110,30,3.022,1.01,us,us7000l94m,2024-01-13T23:10:11.040Z,"34 km E of Dailekh, Nepal",earthquake,7.81,1.755,0.037,238,reviewed,us,us
2023-11-20T05:52:27.597Z,29.5224,81.1707,10,4.4,mb,37,171,3.997,0.54,us,us6000lqh4,2024-02-01T15:13:44.040Z,"36 km NE of Dipayal, Nepal",earthquake,9.18,1.92,0.143,16,reviewed,us,us
2023-11-20T08:17:56.844Z,27.257,96.995,10,4.7,mb,40,37,5.711,0.38,us,us6000lpkj,2024-02-01T15:13:41.040Z,"100 km SSE of Hayuliang, India",earthquake,9.82,1.875,0.102,18,reviewed,us,us
2023-11-27T22:15:46.743Z,28.6795,87.7852,74.708,4.7,mb,69,61,1.119,0.4,us,us7000le79,2024-02-06T21:53:53.040Z,"124 km WSW of Rikaze, China",earthquake,9.05,8.214,0.068,66,reviewed,us,us
2023-12-04T19:04:15.283Z,27.8117,87.8388,70.467,4.4,mb,46,111,3.447,0.69,us,us7000lg75,2024-02-10T23:47:31.040Z,"71 km NW of Gyalshing, India",earthquake,10.51,2.233,0.08,45,reviewed,us,us
2023-12-31T16:36:23.043Z,27.727,85.799,22.322,4.6,mb,60,99,0.466,0.55,us,us6000m0uh,2025-02-28T01:38:53.465Z,"27 km E of Nagarkot, Nepal",earthquake,9.97,2.373,0.064,73,reviewed,us,us
2024-01-01T21:45:52.330Z,26.0489,95.4358,82.85,4.5,mb,77,90,4.82,0.46,us,us6000m11n,2024-03-09T21:38:33.040Z,"65 km ESE of Tuensang, India",earthquake,8.56,7.318,0.073,55,reviewed,us,us
2024-01-07T14:08:34.933Z,28.0794,86.4237,10,4.1,mb,18,121,1.05,0.51,us,us6000m2c9,2024-03-09T21:39:58.040Z,"40 km WNW of Lobuche, Nepal",earthquake,10.64,1.95,0.109,23,reviewed,us,us
2024-01-07T14:28:32.992Z,28.0886,86.3806,10,4.5,mb,39,106,1.016,0.54,us,us6000m2cb,2024-03-09T21:39:58.040Z,"44 km ENE of Kodāri̇̄, Nepal",earthquake,5.72,1.751,0.08,46,reviewed,us,us
2024-01-07T18:46:35.171Z,27.9221,86.6116,10,4.2,mb,54,128,0.181,0.64,us,us6000m2d1,2024-03-09T21:40:01.040Z,"16 km NW of Namche Bazaar, Nepal",earthquake,9.4,1.902,0.086,37,reviewed,us,us
2024-01-12T17:47:29.479Z,29.522,81.1253,22.599,4.3,mb,38,112,4.033,0.64,us,us6000m3ct,2024-03-16T19:00:30.040Z,"34 km NNE of Dipayal, Nepal",earthquake,8.33,5.026,0.126,21,reviewed,us,us
2024-01-16T08:45:20.524Z,29.8765,92.2512,10,4.3,mb,28,102,0.992,0.92,us,us6000m3wr,2024-03-29T17:37:51.040Z,"114 km ENE of Lhasa, China",earthquake,8.45,1.895,0.161,11,reviewed,us,us
2024-02-26T11:29:31.815Z,29.6188,88.0921,89.466,4.4,mb,30,75,2.643,0.53,us,us7000m1ln,2024-05-10T21:26:00.040Z,"86 km WNW of Rikaze, China",earthquake,8.43,5.365,0.094,33,reviewed,us,us
2024-03-06T04:25:08.225Z,30.4045,80.6613,10,4.2,mb,28,169,4.802,0.67,us,us7000m3mf,2024-05-15T17:35:05.040Z,"50 km WNW of Burang, China",earthquake,11.01,1.924,0.147,13,reviewed,us,us
2024-03-31T07:56:33.664Z,28.6316,95.9137,10,4.5,mb,24,103,4.32,1.04,us,us7000ma7x,2024-06-01T21:55:52.040Z,"82 km NNW of Tezu, India",earthquake,4.71,1.903,0.15,13,reviewed,us,us
2024-04-05T12:45:38.655Z,26.4924,96.9139,69.136,5.7,mb,157,22,5.571,0.71,us,us7000ma59,2024-06-12T21:51:54.040Z,"33 km NNE of Sarupathar, India",earthquake,8.38,6.269,0.031,379,reviewed,us,us
2024-04-29T13:55:48.298Z,28.1382,92.6067,10,4,mb,27,165,2.028,0.84,us,us6000mwzs,2024-07-15T03:58:55.040Z,"91 km NE of Tawang, India",earthquake,8.15,1.93,0.134,17,reviewed,us,us
2024-05-01T15:21:40.576Z,26.4249,96.4223,103.088,4.3,mb,43,73,5.375,1.04,us,us6000mx9p,2024-07-15T03:58:36.040Z,"45 km WNW of Sarupathar, India",earthquake,9.08,8.189,0.109,24,reviewed,us,us
2024-05-26T23:02:54.073Z,30.7191,86.5185,10,4.4,mb,52,92,3.104,0.77,us,us6000n167,2024-08-06T02:10:17.040Z,"198 km NE of Saga, China",earthquake,9.95,1.874,0.077,48,reviewed,us,us
2024-05-28T01:13:06.793Z,29.7381,81.0068,26.184,4.3,mb,15,143,4.218,0.66,us,us7000mqac,2024-08-06T20:32:51.040Z,"45 km ESE of Dārchulā, Nepal",earthquake,7.41,6.904,0.238,5,reviewed,us,us
2024-06-09T04:35:09.641Z,27.4645,93.088,39.251,4.3,mb,29,126,2.819,1.15,us,us7000mrac,2024-08-16T21:59:17.040Z,"66 km NW of Itānagar, India",earthquake,10.55,8.674,0.137,16,reviewed,us,us
2024-07-10T19:49:26.988Z,29.7368,86.7891,14.586,4.1,mb,40,97,2.341,1.05,us,us7000mydx,2024-09-20T16:00:53.040Z,"158 km ENE of Saga, China",earthquake,10.49,5.033,0.104,25,reviewed,us,us
2024-07-13T22:49:33.854Z,30.0913,86.9812,10,4.5,mb,60,64,2.727,1,us,us7000mz4d,2024-09-20T16:00:55.040Z,"189 km ENE of Saga, China",earthquake,8.19,1.868,0.088,38,reviewed,us,us
2024-07-18T10:05:29.140Z,29.8668,86.9588,10,4.4,mb,42,81,2.532,0.68,us,us7000mzz2,2024-09-28T22:42:18.040Z,"178 km ENE of Saga, China",earthquake,10.2,1.883,0.117,24,reviewed,us,us
2024-08-03T16:28:40.558Z,29.9216,87.0502,10,4.3,mb,53,82,2.623,0.58,us,us6000nhxg,2024-10-11T19:39:10.040Z,"188 km ENE of Saga, China",earthquake,10.43,1.807,0.08,48,reviewed,us,us
2024-08-09T01:27:10.980Z,27.1586,88.1937,35,4.5,mb,68,77,2.667,0.88,us,us6000nj06,2024-10-24T17:57:38.040Z,"5 km NW of Naya Bāzār, India",earthquake,8.52,1.557,0.053,108,reviewed,us,us
2024-08-30T22:01:59.157Z,28.6347,84.3475,10,4.1,mb,19,165,1.169,0.44,us,us6000nns9,2024-11-09T21:18:50.040Z,"44 km N of Besisahar, Nepal",earthquake,11.3,1.92,0.119,19,reviewed,us,us
2024-09-06T14:28:32.156Z,27.1115,89.2749,10,4.3,mb,33,144,3.616,0.66,us,us6000nxk8,2024-11-15T16:20:12.040Z,"19 km NW of Daphu, Bhutan",earthquake,11.87,1.917,0.108,25,reviewed,us,us
2024-09-12T22:04:17.311Z,31.7568,85.3393,10,4.4,mb,51,102,3.944,0.69,us,us7000nddf,2024-11-21T22:58:56.040Z,"269 km N of Saga, China",earthquake,9.81,1.901,0.092,34,reviewed,us,us
2024-09-13T18:29:56.807Z,31.4862,86.5483,37.678,4.9,mb,116,35,3.836,0.65,us,us7000ndmh,2024-11-21T22:58:56.040Z,"271 km NNE of Saga, China",earthquake,9.26,5.594,0.05,132,reviewed,us,us
2024-09-14T18:21:42.274Z,29.9563,82.1893,13.48,4.4,mb,28,83,3.458,0.79,us,us7000ndu2,2024-11-21T22:58:57.040Z,"75 km N of Jumla, Nepal",earthquake,9.36,4.014,0.117,22,reviewed,us,us
2024-10-05T03:33:19.292Z,30.5673,84.194,10,4.3,mb,23,130,2.916,0.99,us,us7000nmwq,2024-12-14T14:51:26.040Z,"170 km NW of Saga, China",earthquake,6.66,1.878,0.142,15,reviewed,us,us
2024-10-13T02:17:29.478Z,26.7107,92.2692,10,4.4,mb,35,74,6.316,0.62,us,us6000nyde,2025-01-24T02:12:44.006Z,"17 km ESE of Udalguri, India",earthquake,12.45,1.929,0.092,34,reviewed,us,us
2024-10-14T16:47:47.648Z,27.3416,86.7989,10,4,mb,19,158,1.424,0.73,us,us7000npee,2024-12-26T23:04:10.040Z,"30 km NW of Bhojpur, Nepal",earthquake,10.52,1.894,0.138,14,reviewed,us,us
2024-10-20T22:57:13.188Z,29.8315,92.454,10,4.1,mb,28,99,6.612,0.74,us,us7000nqn4,2024-12-26T23:04:15.040Z,"132 km E of Lhasa, China",earthquake,10.98,1.941,0.127,17,reviewed,us,us
2024-10-28T13:08:36.561Z,27.8841,94.0163,10,4.7,mb,57,98,6.699,0.61,us,us7000nnml,2025-01-16T18:44:24.040Z,"36 km NNE of Ziro, India",earthquake,9.78,1.891,0.076,52,reviewed,us,us
2024-10-31T01:32:40.192Z,29.8874,92.3502,10,4.3,mb,37,88,6.541,0.96,us,us7000np4h,2025-01-16T18:45:35.040Z,"123 km ENE of Lhasa, China",earthquake,6.52,1.784,0.111,23,reviewed,us,us
2024-10-31T01:45:05.042Z,29.8941,92.2654,10,4.2,mb,21,122,6.473,0.73,us,us7000nsmb,2025-01-16T18:48:49.040Z,"115 km ENE of Lhasa, China",earthquake,7.48,1.967,0.159,11,reviewed,us,us
2024-11-01T22:03:47.853Z,29.877,92.1517,10,4.4,mb,37,97,6.373,0.87,us,us7000npgd,2025-01-16T18:46:33.040Z,"104 km ENE of Lhasa, China",earthquake,10.61,1.892,0.1,29,reviewed,us,us
2024-11-06T20:19:56.281Z,29.8366,92.1951,10,4.7,mb,94,44,6.398,0.57,us,us7000nqak,2025-01-24T19:51:18.040Z,"107 km E of Lhasa, China",earthquake,8.05,1.808,0.066,69,reviewed,us,us
2024-11-08T05:00:54.894Z,29.9237,92.2999,10,4.7,mb,43,103,6.51,0.56,us,us7000nqjm,2025-01-24T19:51:22.040Z,"119 km ENE of Lhasa, China",earthquake,7.27,1.86,0.094,34,reviewed,us,us
2024-11-11T05:29:24.628Z,29.8708,92.1054,10,4.5,mb,62,73,6.333,0.5,us,us7000nuq4,2025-01-26T16:30:46.040Z,"100 km ENE of Lhasa, China",earthquake,6.61,1.778,0.087,40,reviewed,us,us
2024-11-11T06:25:17.791Z,29.9853,92.5472,10,4.4,mb,44,50,1.265,0.47,us,us7000nupw,2025-01-26T16:30:45.040Z,"144 km ENE of Lhasa, China",earthquake,6.58,1.879,0.103,27,reviewed,us,us
2024-11-12T08:30:35.294Z,27.4254,88.33,10,4.4,mb,50,143,2.733,0.79,us,us7000nrbv,2025-01-26T16:29:22.040Z,"16 km NNE of Gyalshing, India",earthquake,9.58,1.871,0.09,35,reviewed,us,us
2024-11-12T14:41:38.243Z,29.6823,92.1177,10,4.5,mb,22,116,0.862,0.37,us,us7000nusc,2025-01-26T16:30:52.040Z,"98 km E of Lhasa, China",earthquake,9.17,1.94,0.131,17,reviewed,us,us
2024-11-13T04:15:07.727Z,29.695,92.3151,10,4.5,mb,38,90,6.459,1.01,us,us7000nrhe,2025-01-26T16:29:30.040Z,"117 km E of Lhasa, China",earthquake,10.94,1.9,0.097,31,reviewed,us,us
2024-11-18T06:27:31.689Z,26.3299,96,123.626,4,mb,33,113,5.196,0.78,us,us7000nvux,2025-01-30T17:00:35.040Z,"82 km W of Sarupathar, India",earthquake,12.55,6.881,0.113,22,reviewed,us,us
2024-11-18T07:01:58.960Z,29.8909,92.1777,10,4.7,mb,106,80,0.932,0.49,us,us7000nsd6,2025-01-30T17:00:35.040Z,"107 km ENE of Lhasa, China",earthquake,5.9,1.853,0.06,86,reviewed,us,us
2024-11-18T07:06:26.733Z,29.8092,92.13,10,4.5,mb,56,100,0.878,0.35,us,us7000nsei,2025-01-30T17:00:35.040Z,"101 km E of Lhasa, China",earthquake,6.46,1.881,0.084,41,reviewed,us,us
2024-11-22T14:42:09.100Z,29.8586,92.0847,7.624,4.3,mb,29,106,0.846,0.93,us,us7000nwlq,2025-01-30T17:00:36.040Z,"98 km ENE of Lhasa, China",earthquake,5.66,4.413,0.111,23,reviewed,us,us
2024-12-07T17:08:36.129Z,30.2844,80.3295,35,4,mb,38,118,4.99,0.88,us,us7000nwwm,2025-02-15T18:30:47.040Z,"51 km NNW of Dhārchula, India",earthquake,8.65,1.94,0.102,28,reviewed,us,us
2024-12-07T18:00:23.976Z,29.8141,92.1448,9.08,4.4,mb,66,90,0.891,0.52,us,us7000nwx0,2025-02-15T18:30:48.040Z,"102 km E of Lhasa, China",earthquake,6.53,4.536,0.076,56,reviewed,us,us
2024-12-07T22:07:48.222Z,29.4107,94.8752,37.112,4.5,mb,58,81,3.278,0.85,us,us7000nwya,2025-02-15T18:30:52.040Z,"109 km NNE of Shi Yomi, India",earthquake,7.9,8.05,0.087,39,reviewed,us,us
2024-12-17T11:23:27.288Z,29.831,81.3883,20.081,4.4,mb,26,159,3.968,0.59,us,us7000nzij,2025-02-27T17:30:51.040Z,"55 km SSE of Burang, China",earthquake,9.24,3.702,0.126,19,reviewed,us,us
2024-12-19T01:52:46.050Z,28.5833,84.1037,10,4.3,mb,21,158,1.298,0.87,us,us7000nzxt,2025-02-27T17:30:52.040Z,"37 km NNE of Pokhara, Nepal",earthquake,6.77,1.874,0.116,21,reviewed,us,us
2024-12-20T18:32:28.841Z,29.7956,92.1173,10.008,4.3,mb,27,106,0.866,0.97,us,us6000phjw,2025-02-27T17:30:48.040Z,"99 km E of Lhasa, China",earthquake,7.93,5.011,0.11,23,reviewed,us,us
2024-12-20T22:29:02.221Z,29.4923,81.6099,10,5,mb,84,99,3.639,0.73,us,us7000p0hw,2025-02-27T17:30:54.040Z,"60 km WNW of Jumla, Nepal",earthquake,9.21,1.882,0.049,136,reviewed,us,us
2024-12-22T22:37:37.577Z,29.1852,95.1793,10,4,mb,19,166,3.571,0.89,us,us7000p0t5,2025-02-27T17:30:55.040Z,"107 km NE of Shi Yomi, India",earthquake,13.41,1.947,0.13,16,reviewed,us,us
2024-12-28T06:05:48.771Z,28.2962,87.0514,10,4.2,mb,21,237,3.836,0.59,us,us6000piwc,2025-03-08T22:39:16.040Z,"Southern Tibetan Plateau",earthquake,14.03,2.006,0.132,16,reviewed,us,us
2024-12-28T07:02:12.064Z,28.3716,86.7157,10,4,mb,13,188,4.084,0.42,us,us6000piwf,2025-03-08T22:39:16.040Z,"Southern Tibetan Plateau",earthquake,12.46,1.851,0.196,7,reviewed,us,us
2024-12-31T02:08:59.913Z,29.3582,80.9784,10,4.1,mb,36,100,8.849,0.5,us,us6000pgkw,2025-03-08T22:39:14.040Z,"11 km NNE of Dipayal, Nepal",earthquake,10.87,1.904,0.107,24,reviewed,us,us
2025-01-06T07:34:21.777Z,26.7009,96.9229,10,4.5,mb,100,40,5.77,0.56,us,us6000pkn9,2025-03-17T21:34:53.040Z,"55 km NNE of Sarupathar, India",earthquake,8.43,1.863,0.06,81,reviewed,us,us
2025-01-07T00:11:50.965Z,28.9374,87.2187,10,4.2,mb,30,218,3.498,0.89,us,us6000pi9m,2025-03-17T21:35:00.040Z,"Southern Tibetan Plateau",earthquake,14.03,1.999,0.098,29,reviewed,us,us
2025-01-07T01:05:16.734Z,28.6036,87.3781,10,7.1,mww,315,17,3.458,0.56,us,us6000pi9w,2025-08-11T06:50:22.632Z,"2025 Southern Tibetan Plateau Earthquake",earthquake,8.15,1.74,0.039,63,reviewed,us,us
2025-01-07T01:09:13.529Z,28.7537,87.1968,10,5.4,mb,30,64,3.563,0.35,us,us6000pks1,2025-03-17T21:35:00.040Z,"96 km NNE of Lobuche, Nepal",earthquake,9.8,1.849,0.09,42,reviewed,us,us
2025-01-07T01:10:54.880Z,28.8057,87.1343,10,5.2,mb,15,177,3.602,0.66,us,us6000pks6,2025-03-17T21:35:00.040Z,"100 km NNE of Lobuche, Nepal",earthquake,9.18,1.859,0.159,13,reviewed,us,us
2025-01-07T01:13:27.197Z,28.4421,87.4659,10,5.2,mb,72,82,3.443,0.6,us,us6000pia7,2025-03-17T21:35:00.040Z,"Southern Tibetan Plateau",earthquake,9.27,1.856,0.072,63,reviewed,us,us
2025-01-07T01:14:42.239Z,28.5282,87.356,10,5.2,mb,97,60,3.501,0.44,us,us6000pkpp,2025-03-17T21:35:01.040Z,"83 km NE of Lobuche, Nepal",earthquake,9.78,1.754,0.065,79,reviewed,us,us
2025-01-07T01:17:24.736Z,28.3398,87.1798,10,4.7,mb,30,151,3.714,0.84,us,us6000pks2,2025-03-17T21:35:01.040Z,"56 km NE of Lobuche, Nepal",earthquake,13.2,1.918,0.12,21,reviewed,us,us
2025-01-07T01:18:30.934Z,28.5411,87.4266,10,4.6,mb,39,106,3.439,0.61,us,us6000pkq5,2025-03-17T21:35:01.040Z,"89 km NE of Lobuche, Nepal",earthquake,8.9,1.772,0.114,23,reviewed,us,us
2025-01-07T01:20:47.587Z,28.5147,87.1381,10,4.5,mb,12,177,3.686,0.78,us,us6000pkq7,2025-03-17T21:35:01.040Z,"70 km NNE of Lobuche, Nepal",earthquake,14.37,1.959,0.271,4,reviewed,us,us
2025-01-07T01:22:42.984Z,28.7219,87.4767,10,4.2,mb,29,160,3.338,0.38,us,us6000pksa,2025-03-17T21:35:01.040Z,"107 km NE of Lobuche, Nepal",earthquake,12.4,1.939,0.153,12,reviewed,us,us
2025-01-07T01:23:23.189Z,28.7964,87.2367,10,4.3,mb,47,151,3.518,1.03,us,us6000pkqm,2025-03-17T21:35:01.040Z,"102 km NNE of Lobuche, Nepal",earthquake,11.59,1.918,0.094,32,reviewed,us,us
2025-01-07T01:24:25.911Z,28.4845,87.4575,10,5,mb,110,88,3.434,0.51,us,us6000piak,2025-03-17T21:35:01.040Z,"Southern Tibetan Plateau",earthquake,9.47,1.852,0.056,106,reviewed,us,us
2025-01-07T01:31:59.676Z,28.8053,87.608,10,4.9,mb,91,96,3.203,0.53,us,us6000piap,2025-03-17T21:35:01.040Z,"Southern Tibetan Plateau",earthquake,9.49,1.796,0.062,82,reviewed,us,us
2025-01-07T01:35:02.357Z,28.7174,87.4436,10,4.2,mb,27,160,3.367,0.53,us,us6000pkqp,2025-03-17T21:35:02.040Z,"105 km NE of Lobuche, Nepal",earthquake,12.04,1.919,0.105,25,reviewed,us,us
2025-01-07T01:37:13.647Z,28.7969,87.2321,10,5,mb,88,44,3.522,0.68,us,us6000piar,2025-03-17T21:35:02.040Z,"Southern Tibetan Plateau",earthquake,9.31,1.802,0.062,82,reviewed,us,us
2025-01-07T01:43:49.062Z,28.3885,87.2633,10,4.9,mb,96,93,3.628,0.72,us,us6000piav,2025-03-17T21:35:02.040Z,"Southern Tibetan Plateau",earthquake,6.38,1.869,0.058,94,reviewed,us,us
2025-01-07T01:59:48.239Z,28.779,87.3465,10,4.6,mb,75,97,3.43,0.77,us,us6000pib7,2025-03-17T21:35:02.040Z,"Southern Tibetan Plateau",earthquake,9.96,1.888,0.061,80,reviewed,us,us
2025-01-07T02:01:06.777Z,28.7477,87.3101,10,4.5,mb,65,83,3.47,0.8,us,us6000pkpu,2025-03-17T21:35:03.040Z,"101 km NNE of Lobuche, Nepal",earthquake,9.87,1.873,0.077,49,reviewed,us,us
2025-01-07T02:02:14.334Z,28.6155,87.2212,10,4.1,mb,24,164,3.584,0.77,us,us6000pkse,2025-03-17T21:35:03.040Z,"84 km NNE of Lobuche, Nepal",earthquake,12.57,1.932,0.145,13,reviewed,us,us
2025-01-07T02:04:08.881Z,28.7346,87.2482,10,4.2,mb,24,172,3.526,0.95,us,us6000pkpt,2025-03-17T21:35:03.040Z,"97 km NNE of Lobuche, Nepal",earthquake,13.88,1.947,0.121,19,reviewed,us,us
2025-01-07T02:22:44.323Z,28.6661,87.2813,10,4.3,mb,48,150,3.518,0.71,us,us6000pibd,2025-03-17T21:35:03.040Z,"Southern Tibetan Plateau",earthquake,11.5,1.896,0.078,46,reviewed,us,us
2025-01-07T02:27:26.572Z,28.2665,87.1579,10,4,mb,23,96,3.761,1.26,us,us6000pibp,2025-03-17T21:35:03.040Z,"49 km NE of Lobuche, Nepal",earthquake,9.92,1.934,0.111,22,reviewed,us,us
2025-01-07T02:27:38.392Z,28.3017,87.1134,10,4.5,mb,35,170,3.783,0.81,us,us6000pkrz,2025-03-17T21:35:03.040Z,"49 km NE of Lobuche, Nepal",earthquake,6.85,1.91,0.103,28,reviewed,us,us
2025-01-07T02:32:41.313Z,28.4666,87.2878,10,4.2,mb,33,164,3.579,0.81,us,us6000pibq,2025-03-17T21:35:03.040Z,"74 km NE of Lobuche, Nepal",earthquake,12.61,1.93,0.091,34,reviewed,us,us
2025-01-07T02:34:51.074Z,28.5677,87.3881,10,4.4,mb,46,97,3.461,0.57,us,us6000pibj,2025-03-17T21:35:04.040Z,"Southern Tibetan Plateau",earthquake,10.06,1.909,0.082,43,reviewed,us,us
2025-01-07T02:41:18.704Z,28.6698,87.2342,10,4.2,mb,18,162,3.556,0.48,us,us6000pkpw,2025-03-17T21:35:04.040Z,"90 km NNE of Lobuche, Nepal",earthquake,12.17,1.933,0.136,15,reviewed,us,us
2025-01-07T03:12:04.183Z,29.0157,87.5058,10,4.2,mb,25,163,3.235,0.86,us,us6000pkpz,2025-03-17T21:35:04.040Z,"136 km NNE of Lobuche, Nepal",earthquake,12.71,1.409,0.11,23,reviewed,us,us
2025-01-07T03:17:53.208Z,28.8938,87.2163,10,4.4,mb,19,175,3.51,0.88,us,us6000pkq0,2025-03-17T21:35:04.040Z,"112 km NNE of Lobuche, Nepal",earthquake,13.16,1.988,0.154,12,reviewed,us,us
2025-01-07T03:19:33.899Z,28.7212,87.2266,10,4.3,mb,35,159,3.548,0.73,us,us6000pibs,2025-03-17T21:35:04.040Z,"Southern Tibetan Plateau",earthquake,11.35,1.936,0.091,34,reviewed,us,us
2025-01-07T03:27:31.787Z,29.0441,87.3622,10,4.4,mb,50,153,3.351,0.75,us,us6000pibw,2025-03-17T21:35:05.040Z,"Southern Tibetan Plateau",earthquake,11.25,1.912,0.075,52,reviewed,us,us
2025-01-07T03:41:11.608Z,28.908,87.4268,10,4.4,mb,56,142,3.328,0.49,us,us6000pic1,2025-03-17T21:35:05.040Z,"Southern Tibetan Plateau",earthquake,10.52,1.897,0.075,51,reviewed,us,us
2025-01-07T03:45:54.911Z,28.6558,87.3207,10,4.5,mb,93,46,3.489,0.45,us,us6000pic2,2025-03-17T21:35:05.040Z,"Southern Tibetan Plateau",earthquake,9.54,1.859,0.057,91,reviewed,us,us
2025-01-07T03:52:43.923Z,28.9296,87.5006,10,4.2,mb,38,163,3.26,0.51,us,us6000pkq3,2025-03-17T21:35:05.040Z,"Southern Tibetan Plateau",earthquake,7.98,1.924,0.102,27,reviewed,us,us
2025-01-07T03:57:59.624Z,28.6419,87.2925,10,4.2,mb,22,169,3.516,0.73,us,us6000pkq2,2025-03-17T21:35:05.040Z,"Southern Tibetan Plateau",earthquake,13.85,1.942,0.141,14,reviewed,us,us
2025-01-07T04:34:18.602Z,28.7006,87.3172,10,4,mb,14,184,3.478,0.54,us,us6000pkq6,2025-03-17T21:35:06.040Z,"Southern Tibetan Plateau",earthquake,7.42,1.955,0.156,11,reviewed,us,us
2025-01-07T04:58:52.838Z,28.635,87.1452,10,4.1,mb,11,178,3.642,0.25,us,us6000pkqb,2025-03-17T21:35:06.040Z,"Southern Tibetan Plateau",earthquake,10.59,1.925,0.174,9,reviewed,us,us
2025-01-07T04:59:31.942Z,28.1957,87.1543,10,4.1,mb,19,175,3.792,1.04,us,us6000pkqa,2025-03-17T21:35:06.040Z,"Southern Tibetan Plateau",earthquake,15.05,1.951,0.145,13,reviewed,us,us
2025-01-07T05:57:16.316Z,28.8918,87.5814,10,4.6,mb,80,87,3.201,1.09,us,us6000pick,2025-03-17T21:35:06.040Z,"Southern Tibetan Plateau",earthquake,9.04,1.818,0.069,63,reviewed,us,us
2025-01-07T06:25:37.143Z,28.4779,87.4671,10,4,mb,38,164,3.428,0.88,us,us6000picp,2025-03-17T21:35:07.040Z,"87 km NE of Lobuche, Nepal",earthquake,10.1,1.93,0.096,29,reviewed,us,us
2025-01-07T07:54:10.361Z,28.5853,87.4505,10,4.4,mb,57,91,3.404,1.14,us,us6000pid2,2025-03-17T21:35:07.040Z,"Southern Tibetan Plateau",earthquake,9.74,1.902,0.082,43,reviewed,us,us
2025-01-07T12:22:15.965Z,28.2839,87.2233,10,4.2,mb,37,104,3.701,0.61,us,us6000piev,2025-03-17T21:35:09.040Z,"Southern Tibetan Plateau",earthquake,8.91,1.584,0.08,44,reviewed,us,us
2025-01-07T13:07:39.770Z,28.7491,87.5188,10,4.1,mb,41,155,3.294,0.83,us,us6000piey,2025-03-17T21:35:09.040Z,"Southern Tibetan Plateau",earthquake,9.26,1.911,0.076,47,reviewed,us,us
2025-01-07T13:29:35.125Z,28.5993,87.2148,10,4.6,mb,126,49,3.595,0.52,us,us6000pif0,2025-03-17T21:35:10.040Z,"Southern Tibetan Plateau ",earthquake,8.42,1.626,0.049,125,reviewed,us,us
2025-01-07T14:04:11.394Z,28.5578,87.335,10,4.3,mb,61,152,3.509,0.49,us,us6000pif3,2025-03-17T21:35:10.040Z,"Southern Tibetan Plateau",earthquake,9.71,1.84,0.068,65,reviewed,us,us
2025-01-07T15:06:31.898Z,28.8085,87.3293,10,4.1,mb,46,152,3.436,0.62,us,us6000pkr8,2025-03-17T21:35:10.040Z,"108 km NNE of Lobuche, Nepal",earthquake,11.17,1.93,0.079,49,reviewed,us,us
2025-01-07T17:36:01.453Z,28.6137,87.2674,10,4.3,mb,32,160,3.546,0.99,us,us6000pkrg,2025-03-17T21:35:12.040Z,"Southern Tibetan Plateau",earthquake,10.78,1.892,0.111,23,reviewed,us,us
2025-01-07T19:52:52.207Z,28.7108,87.3437,10,4.5,mb,78,129,3.452,0.98,us,us6000pigg,2025-03-17T21:35:13.040Z,"Southern Tibetan Plateau ",earthquake,9.88,1.85,0.067,66,reviewed,us,us
2025-01-08T00:08:19.912Z,28.753,87.234,10,4.1,mb,28,158,3.532,0.71,us,us6000pihp,2025-03-20T20:54:44.040Z,"Southern Tibetan Plateau",earthquake,6.4,1.895,0.101,27,reviewed,us,us
2025-01-08T01:28:08.865Z,28.2681,87.3885,10,4.1,mb,40,161,3.574,0.58,us,us6000pl92,2025-03-20T20:55:31.040Z,"66 km ENE of Lobuche, Nepal",earthquake,10.84,1.901,0.099,28,reviewed,us,us
2025-01-08T01:43:42.281Z,28.3995,87.2967,10,4.2,mb,39,101,3.597,0.98,us,us6000piia,2025-03-20T20:54:45.040Z,"Southern Tibetan Plateau",earthquake,6.83,1.801,0.083,40,reviewed,us,us
2025-01-08T03:51:21.676Z,28.4359,87.3648,10,5,mb,133,39,3.527,0.81,us,us6000piij,2025-03-20T20:54:46.040Z,"Southern Tibetan Plateau",earthquake,8.4,1.839,0.05,127,reviewed,us,us
2025-01-08T07:08:53.950Z,28.9617,87.4953,10,4.2,mb,36,155,3.256,0.89,us,us6000pij8,2025-03-20T20:54:47.040Z,"Southern Tibetan Plateau",earthquake,10.86,1.909,0.106,25,reviewed,us,us
2025-01-08T11:04:44.590Z,28.1006,87.2618,10,4.2,mb,39,159,3.746,0.97,us,us6000pl9t,2025-03-20T20:55:32.040Z,"Southern Tibetan Plateau",earthquake,10.6,1.929,0.095,31,reviewed,us,us
2025-01-08T15:54:26.628Z,28.5177,87.2838,10,4.2,mb,30,97,3.565,0.84,us,us6000pil5,2025-03-20T20:54:49.040Z,"Southern Tibetan Plateau",earthquake,8.14,1.926,0.101,27,reviewed,us,us
2025-01-08T18:48:22.198Z,28.5155,87.1736,10,4,mb,21,174,3.657,0.96,us,us6000pla1,2025-03-20T20:55:32.040Z,"Southern Tibetan Plateau",earthquake,13.43,1.953,0.134,15,reviewed,us,us
2025-01-08T23:39:08.183Z,29.9915,91.9736,10,4,mb,13,113,0.789,0.82,us,us6000plal,2025-03-20T20:55:34.040Z,"92 km ENE of Lhasa, China",earthquake,9.64,1.966,0.164,10,reviewed,us,us
2025-01-09T07:28:44.991Z,28.4769,87.3601,10,4.4,mb,34,156,3.516,0.84,us,us6000piur,2025-03-20T20:54:54.040Z,"79 km NE of Lobuche, Nepal",earthquake,10.19,1.892,0.08,45,reviewed,us,us
2025-01-09T17:56:20.765Z,28.5908,87.2468,10,4.4,mb,53,95,3.571,0.54,us,us6000pizl,2025-03-20T20:54:56.040Z,"Southern Tibetan Plateau",earthquake,10.46,1.884,0.075,51,reviewed,us,us
2025-01-09T22:58:05.072Z,28.3591,87.3545,10,4.3,mb,60,154,3.565,0.59,us,us6000pj1w,2025-03-20T20:54:57.040Z,"70 km NE of Lobuche, Nepal",earthquake,9.72,1.892,0.08,47,reviewed,us,us
2025-01-10T22:47:36.154Z,28.3706,87.1412,10,4.3,mb,24,137,3.734,0.73,us,us6000plmc,2025-03-20T20:55:40.040Z,"57 km NE of Lobuche, Nepal",earthquake,11.14,1.912,0.113,25,reviewed,us,us
2025-01-12T06:51:23.552Z,28.233,87.0041,10,4.1,mb,39,158,3.899,1.05,us,us6000pltw,2025-03-20T20:55:42.040Z,"36 km NNE of Lobuche, Nepal",earthquake,10.51,1.903,0.09,34,reviewed,us,us
2025-01-12T09:54:01.572Z,28.6622,87.4427,10,4.5,mb,58,132,3.385,0.53,us,us6000pjjb,2025-03-20T20:55:13.040Z,"Southern Tibetan Plateau",earthquake,10.37,1.892,0.071,58,reviewed,us,us
2025-01-13T12:57:37.995Z,28.405,87.3079,10,5,mb,115,35,3.585,1.11,us,us6000pjp9,2025-03-20T20:55:21.040Z,"Southern Tibetan Plateau",earthquake,8.04,1.772,0.053,113,reviewed,us,us
2025-01-13T12:58:22.257Z,28.4815,87.4058,10,5.1,mb,90,39,3.477,1.01,us,us6000pjpb,2025-03-20T20:55:21.040Z,"Southern Tibetan Plateau",earthquake,4.03,1.766,0.072,63,reviewed,us,us
2025-01-13T13:14:57.314Z,28.4607,87.3323,10,4.3,mb,18,173,3.545,0.37,us,us6000plux,2025-03-20T20:55:44.040Z,"76 km NE of Lobuche, Nepal",earthquake,11.72,1.949,0.189,8,reviewed,us,us
2025-01-13T15:19:08.303Z,28.4558,87.2761,10,4.3,mb,67,107,3.593,0.6,us,us6000pjq4,2025-03-20T20:55:22.040Z,"Southern Tibetan Plateau",earthquake,8.76,1.834,0.075,51,reviewed,us,us
2025-01-13T15:44:42.737Z,28.4247,87.169,10,4.6,mb,82,130,3.692,0.81,us,us6000pjq9,2025-03-20T20:55:22.040Z,"Southern Tibetan Plateau",earthquake,9.38,1.815,0.06,84,reviewed,us,us
2025-01-15T14:58:35.122Z,29.7147,92.1757,10,4.4,mb,81,60,0.912,0.51,us,us6000pk5z,2025-03-29T22:12:40.040Z,"104 km E of Lhasa, China",earthquake,6.13,1.884,0.069,61,reviewed,us,us
2025-01-15T20:50:52.766Z,29.0382,87.4195,10,4.4,mb,91,100,2.253,0.75,us,us6000pk9g,2025-03-29T22:12:40.040Z,"Southern Tibetan Plateau",earthquake,9.2,1.85,0.063,73,reviewed,us,us
2025-01-16T02:57:22.808Z,29.1378,87.4391,10,4.1,mb,34,98,2.322,1.07,us,us6000pkbz,2025-03-29T22:12:40.040Z,"Southern Tibetan Plateau",earthquake,9.08,1.918,0.103,26,reviewed,us,us
2025-01-16T03:20:02.464Z,28.7777,87.4095,10,4.9,mb,100,84,2.116,0.83,us,us6000pkc3,2025-03-29T22:12:40.040Z,"Southern Tibetan Plateau",earthquake,9.28,1.902,0.058,95,reviewed,us,us
2025-01-16T05:18:46.581Z,29.1529,87.5413,10,4,mb,23,103,2.405,0.76,us,us6000pkch,2025-03-29T22:12:40.040Z,"Southern Tibetan Plateau",earthquake,9.82,1.928,0.13,16,reviewed,us,us
2025-01-18T15:36:54.487Z,28.4323,87.6046,10,4.8,mb,139,39,2.149,0.48,us,us6000pky9,2025-03-29T22:12:42.040Z,"Southern Tibetan Plateau",earthquake,7.3,1.83,0.044,171,reviewed,us,us
2025-01-18T16:26:31.499Z,28.6435,87.4691,10,4.6,mb,91,43,2.107,0.59,us,us6000pkyi,2025-03-29T22:12:42.040Z,"Southern Tibetan Plateau",earthquake,7.71,1.848,0.053,115,reviewed,us,us
2025-01-19T17:56:44.997Z,28.3527,87.5481,10,4.5,mb,77,106,2.079,0.67,us,us6000pl3u,2025-03-29T22:12:44.040Z,"Southern Tibetan Plateau",earthquake,5.36,1.822,0.064,71,reviewed,us,us
2025-01-19T17:59:49.855Z,28.4216,87.501,10,4.4,mb,73,90,2.058,0.77,us,us7000p9v7,2025-03-29T22:12:48.040Z,"85 km NE of Lobuche, Nepal",earthquake,7.36,1.858,0.072,56,reviewed,us,us
2025-01-20T21:03:11.864Z,28.3855,87.5651,10,5,mb,95,39,2.102,0.7,us,us6000plbf,2025-03-29T22:12:45.040Z,"Southern Tibetan Plateau",earthquake,8.6,1.799,0.041,194,reviewed,us,us
2025-01-21T00:14:17.923Z,28.3525,87.488,10,4.8,mb,66,74,2.028,0.66,us,us6000plca,2025-03-29T22:12:45.040Z,"Southern Tibetan Plateau",earthquake,8.27,1.847,0.051,119,reviewed,us,us
2025-01-22T11:30:24.705Z,28.6745,87.6268,10,4.2,mb,42,113,2.247,0.51,us,us6000plkg,2025-04-08T22:00:57.040Z,"Southern Tibetan Plateau",earthquake,5.54,1.888,0.093,32,reviewed,us,us
2025-01-24T05:59:17.789Z,28.8632,87.5218,10,4.6,mb,67,97,2.243,0.52,us,us6000plzm,2025-04-08T22:00:59.040Z,"Southern Tibetan Plateau",earthquake,9.84,1.865,0.067,66,reviewed,us,us
2025-01-27T09:33:37.563Z,28.6098,87.4588,10,4.8,mb,75,107,2.086,0.82,us,us6000pmj5,2025-04-08T22:01:01.040Z,"97 km NE of Lobuche, Nepal",earthquake,7.31,1.869,0.059,88,reviewed,us,us
2025-01-31T09:40:38.181Z,30.0361,94.1474,10,4.4,mb,48,60,2.644,0.69,us,us7000pc3s,2025-04-15T20:55:33.040Z,"168 km N of Shi Yomi, India",earthquake,5.93,1.877,0.089,36,reviewed,us,us
2025-02-02T07:17:19.602Z,28.6434,87.2383,10,4.2,mb,24,110,1.922,1.15,us,us7000parm,2025-04-15T20:55:27.040Z,"87 km NNE of Lobuche, Nepal",earthquake,5.05,1.886,0.11,23,reviewed,us,us
2025-02-09T07:37:01.819Z,29.1595,86.349,10,4.3,mb,36,83,1.65,0.77,us,us7000pcg9,2025-04-26T14:47:05.040Z,"110 km E of Saga, China",earthquake,6.38,1.878,0.104,26,reviewed,us,us
2025-02-09T11:26:59.678Z,28.0714,87.4589,10,4,mb,42,154,3.604,0.52,us,us7000pch6,2025-04-26T14:47:05.040Z,"65 km ENE of Lobuche, Nepal",earthquake,10.27,1.912,0.104,28,reviewed,us,us
2025-02-09T15:23:34.383Z,28.0553,87.2743,10,4.3,mb,38,87,3.757,0.72,us,us7000pchl,2025-04-26T14:47:06.040Z,"47 km ENE of Lobuche, Nepal",earthquake,5.92,1.874,0.097,34,reviewed,us,us
2025-02-16T03:28:58.304Z,28.9741,87.4658,10,4.8,mb,76,94,2.254,0.74,us,us7000pe20,2025-05-02T16:26:19.040Z,"130 km NNE of Lobuche, Nepal",earthquake,8.01,1.864,0.058,94,reviewed,us,us
2025-02-21T10:11:47.229Z,28.4908,87.4621,10,4.9,mb,99,55,2.047,0.46,us,us7000pf75,2025-05-06T21:39:17.040Z,"87 km NE of Lobuche, Nepal",earthquake,7.01,1.837,0.046,145,reviewed,us,us
2025-02-26T20:55:36.821Z,26.3002,92.3408,10,5.3,mb,117,71,3.556,0.66,us,us6000pvpc,2025-05-08T19:24:41.040Z,"5 km N of Morigaon, India",earthquake,9.24,1.771,0.034,284,reviewed,us,us
2025-02-27T21:06:10.378Z,27.8626,85.9232,10,5,mww,98,26,0.574,0.77,us,us6000pvwf,2025-05-08T19:24:42.040Z,"11 km SSW of Kodāri̇̄, Nepal",earthquake,6.15,1.743,0.075,17,reviewed,us,us
2025-02-28T10:05:45.867Z,27.4538,92.6469,49.904,4.4,mb,60,95,2.609,0.54,us,us6000pw15,2025-05-08T19:24:42.040Z,"30 km NE of Bomdila, India",earthquake,7.99,6.961,0.075,52,reviewed,us,us
2025-03-04T09:14:26.580Z,28.4219,87.5215,10,4.3,mb,46,136,3.405,0.66,us,us6000pwry,2025-05-08T19:24:46.040Z,"87 km NE of Lobuche, Nepal",earthquake,10.54,1.897,0.075,50,reviewed,us,us
2025-03-08T08:50:17.952Z,28.5719,87.5508,10,5,mww,94,41,2.148,0.67,us,us6000pxlv,2025-05-16T17:30:03.040Z,"100 km NE of Lobuche, Nepal",earthquake,8.01,1.857,0.11,8,reviewed,us,us
2025-03-08T09:19:54.316Z,28.4149,87.7113,10,4.1,mb,33,120,2.234,1.11,us,us6000pzcx,2025-05-16T17:30:06.040Z,"102 km ENE of Lobuche, Nepal",earthquake,7.61,1.891,0.114,21,reviewed,us,us
2025-03-08T21:00:14.264Z,28.7362,87.4767,10,4,mb,20,110,2.151,0.76,us,us6000pxpf,2025-05-16T17:30:03.040Z,"109 km NE of Lobuche, Nepal",earthquake,8.61,1.937,0.111,22,reviewed,us,us
2025-03-10T22:26:08.337Z,28.11,83.884,17.31,4.4,mb,19,189,1.272,0.95,us,us6000pzsi,2025-05-16T17:30:07.040Z,"18 km NE of Wāliṅ, Nepal",earthquake,13.04,6.583,0.17,10,reviewed,us,us
2025-03-11T07:09:05.483Z,29.2287,87.1438,10,4.1,mb,31,148,2.172,1,us,us6000py3e,2025-05-16T17:30:05.040Z,"145 km NNE of Lobuche, Nepal",earthquake,6.38,1.92,0.114,21,reviewed,us,us
2025-03-13T08:37:19.310Z,29.0111,87.6255,10,4.3,mb,64,102,2.393,0.65,us,us6000pyj5,2025-05-17T19:19:57.040Z,"125 km WSW of Rikaze, China",earthquake,7.4,1.887,0.064,70,reviewed,us,us
2025-03-14T00:31:26.002Z,27.145,92.2691,10,4.2,mb,42,143,2.74,0.95,us,us6000pyqh,2025-05-17T19:19:57.040Z,"20 km SW of Bomdila, India",earthquake,7.53,1.917,0.085,39,reviewed,us,us
2025-03-24T04:38:32.700Z,29.1888,93.7471,10,4.2,mb,36,101,2.341,0.73,us,us6000q3p6,2025-05-29T17:36:25.040Z,"95 km NW of Shi Yomi, India",earthquake,8.66,1.917,0.117,20,reviewed,us,us
2025-03-24T04:43:00.743Z,29.2119,93.8789,10,4.1,mb,19,122,2.449,1.2,us,us6000q3ny,2025-05-29T17:36:25.040Z,"89 km NNW of Shi Yomi, India",earthquake,14.04,1.906,0.14,14,reviewed,us,us
2025-03-26T12:42:12.900Z,28.7659,86.5548,10,4.4,mb,33,89,1.481,0.5,us,us7000pmqt,2025-06-06T21:12:24.040Z,"94 km NNW of Lobuche, Nepal",earthquake,5.92,1.6,0.081,44,reviewed,us,us
2025-03-26T13:59:55.379Z,29.4072,81.519,10,4.3,mb,39,121,3.673,0.36,us,us7000pmrh,2025-06-06T21:12:24.040Z,"58 km ENE of Dipayal, Nepal",earthquake,8.15,1.924,0.091,34,reviewed,us,us
2025-03-29T06:25:04.470Z,27.2366,96.9662,10,4.4,mb,21,137,5.696,0.77,us,us6000q4rz,2025-06-06T21:12:22.040Z,"101 km SSE of Hayuliang, India",earthquake,5.56,1.954,0.138,15,reviewed,us,us
2025-03-30T21:44:07.968Z,30.1414,90.0346,61.716,4.3,mb,44,127,1.044,0.72,us,us7000pnxl,2025-06-06T21:12:28.040Z,"68 km WNW of Dêqên, China",earthquake,10.24,10.169,0.076,50,reviewed,us,us
2025-04-02T00:19:26.396Z,28.4986,87.1294,38.514,4.3,mb,41,51,1.776,0.44,us,us7000ppd4,2025-06-09T13:38:49.040Z,"68 km NNE of Lobuche, Nepal",earthquake,8.34,9.248,0.086,38,reviewed,us,us
2025-04-04T14:22:50.277Z,28.9769,82.0489,10,4.9,mb,112,36,3.078,0.57,us,us6000q3xs,2025-06-09T13:38:40.040Z,"35 km SSW of Jumla, Nepal",earthquake,8.33,1.842,0.046,151,reviewed,us,us
2025-04-04T14:25:23.708Z,28.9124,81.8313,10,4.8,mb,80,60,3.234,0.83,us,us6000q66t,2025-06-09T13:38:45.040Z,"14 km ENE of Dailekh, Nepal",earthquake,9.83,1.867,0.066,72,reviewed,us,us
2025-04-06T02:51:39.152Z,28.8831,87.4368,35,4.4,mb,11,109,2.187,0.96,us,us6000q6rl,2025-06-09T13:38:48.040Z,"120 km NNE of Lobuche, Nepal",earthquake,7.65,1.948,0.202,7,reviewed,us,us
2025-04-10T05:12:27.380Z,28.9806,86.6178,10,4.2,mb,18,146,1.666,0.63,us,us6000q522,2025-06-14T18:26:39.040Z,"115 km N of Lobuche, Nepal",earthquake,11.02,1.75,0.103,26,reviewed,us,us
2025-04-11T09:57:27.484Z,28.5323,87.3531,10,4.3,mb,39,82,1.971,0.6,us,us6000q5cj,2025-06-14T18:26:40.040Z,"83 km NE of Lobuche, Nepal",earthquake,5.36,1.883,0.081,44,reviewed,us,us
2025-04-13T13:45:57.535Z,31.1902,93.6919,10,4.5,mb,49,76,2.664,0.58,us,us6000q5s2,2025-06-14T18:26:42.040Z,"158 km ESE of Nagqu, China",earthquake,8.76,1.888,0.075,52,reviewed,us,us
2025-04-15T22:20:34.826Z,28.0012,87.7827,68.888,4.2,mb,53,130,2.225,0.46,us,us6000q6bv,2025-06-14T18:26:44.040Z,"89 km NE of Khā̃dbāri̇̄, Nepal",earthquake,10.32,8.367,0.073,52,reviewed,us,us
2025-04-21T00:03:23.936Z,29.1753,86.972,10,4.2,mb,57,86,2.025,0.81,us,us6000q7gc,2025-06-27T00:34:42.040Z,"136 km N of Lobuche, Nepal",earthquake,7.22,1.893,0.073,52,reviewed,us,us
2025-04-28T11:00:13.739Z,29.2422,86.7678,10,4.4,mb,97,64,1.945,0.49,us,us7000pvip,2025-07-11T15:46:22.040Z,"143 km N of Lobuche, Nepal",earthquake,7.78,1.858,0.053,104,reviewed,us,us
2025-05-11T21:11:22.060Z,29.0536,87.6068,9,5.5,mww,151,22,2.401,0.67,us,us7000pyq7,2025-07-24T21:30:14.040Z,"126 km W of Rikaze, China",earthquake,8.15,1.787,0.08,15,reviewed,us,us
2025-05-19T12:00:09.261Z,28.4953,87.3902,10,4.3,mb,43,115,1.989,0.44,us,us7000q057,2025-07-25T17:06:19.040Z,"83 km NE of Lobuche, Nepal",earthquake,9.81,1.901,0.083,41,reviewed,us,us
2025-05-22T20:03:50.879Z,29.472,80.4663,10,4.6,mb,72,100,4.546,0.99,us,us7000q0xq,2025-08-13T15:14:30.040Z,"22 km NNW of Dadeldhurā, Nepal",earthquake,9.19,1.864,0.075,53,reviewed,us,us
2025-05-23T03:57:24.467Z,29.1857,86.802,10,4.4,mb,36,93,1.924,0.76,us,us7000q10f,2025-08-13T15:14:30.040Z,"137 km N of Lobuche, Nepal",earthquake,8.44,1.894,0.091,35,reviewed,us,us
2025-05-28T07:05:18.761Z,28.5449,83.9408,10,4.3,mb,23,197,6.392,0.45,us,us6000qjuc,2025-08-16T21:54:17.040Z,"27 km ENE of Chitre, Nepal",earthquake,8.26,1.956,0.125,19,reviewed,us,us
2025-06-02T03:49:36.512Z,31.9999,97.2145,10,4.4,mb,55,104,5.712,0.85,us,us6000qhcd,2025-08-16T21:54:13.040Z,"96 km N of Qamdo, China",earthquake,7.2,1.912,0.077,48,reviewed,us,us
2025-06-05T04:45:14.189Z,26.5336,96.7158,109.239,4.3,mb,65,130,5.858,0.53,us,us6000qi2j,2025-08-20T16:08:55.040Z,"37 km NNW of Sarupathar, India",earthquake,12.37,8.844,0.075,51,reviewed,us,us
2025-06-09T23:31:14.893Z,26.4733,96.8381,10,4.2,mb,27,121,5.531,0.85,us,us6000qj94,2025-08-20T16:08:59.040Z,"29 km N of Sarupathar, India",earthquake,13.62,1.945,0.124,18,reviewed,us,us
2025-06-10T02:05:40.528Z,29.0675,86.7312,10,4.2,mb,32,97,3.889,0.78,us,us6000qj9m,2025-08-20T16:08:59.040Z,"124 km N of Lobuche, Nepal",earthquake,5.18,1.9,0.088,36,reviewed,us,us
2025-06-29T08:49:03.132Z,29.6691,81.7981,10,4.2,mb,33,114,3.579,1,us,us7000q9ht,2025-09-04T20:40:02.040Z,"57 km NW of Jumla, Nepal",earthquake,7.27,1.924,0.125,18,reviewed,us,us
2025-07-01T21:29:15.203Z,28.3833,97.3521,10,4.5,mb,21,137,9.265,0.45,us,us7000qc28,2025-09-04T20:40:07.040Z,"86 km ENE of Hayuliang, India",earthquake,7.98,1.913,0.145,14,reviewed,us,us
2025-07-08T03:52:14.019Z,26.5812,93.2884,10,4.2,mb,40,94,3.649,1.2,us,us7000qba0,2025-09-12T16:23:11.040Z,"31 km WSW of Bokākhāt, India",earthquake,10.89,1.926,0.1,28,reviewed,us,us
2025-07-20T21:15:24.204Z,30.7824,96.6483,10,4.2,mb,14,116,4.896,0.72,us,us6000qxf0,2025-10-03T18:41:49.040Z,"63 km SW of Qamdo, China",earthquake,9.3,1.914,0.176,9,reviewed,us,us
2025-08-03T03:47:01.476Z,29.7915,92.3503,10,4.5,mb,29,84,1.067,0.95,us,us6000qxsk,2025-10-17T22:51:42.040Z,"121 km E of Lhasa, China",earthquake,8.34,1.877,0.08,46,reviewed,us,us
2025-08-18T06:39:32.542Z,26.3136,92.7974,35,4.3,mb,43,146,3.685,0.64,us,us7000qvhh,2025-11-04T16:44:22.040Z,"29 km ENE of Rahā, India",earthquake,9.54,1.94,0.103,27,reviewed,us,us
2025-08-19T07:32:46.610Z,28.0848,87.571,10,4.1,mb,12,100,3.511,1.29,us,us7000qvq2,2025-11-04T16:44:24.040Z,"76 km ENE of Lobuche, Nepal",earthquake,10.64,1.918,0.139,14,reviewed,us,us
2025-08-22T17:30:09.842Z,27.0552,86.7342,10,4.1,mb,16,197,4.684,0.31,us,us7000qwqt,2025-11-12T16:25:47.040Z,"29 km N of Triyuga, Nepal",earthquake,11.49,1.916,0.15,14,reviewed,us,us
2025-08-26T02:03:56.690Z,29.9566,84.4391,10,4.6,mb,70,78,5.816,0.56,us,us7000qqxx,2025-11-12T16:25:44.040Z,"103 km NW of Saga, China",earthquake,9.1,1.794,0.067,66,reviewed,us,us
2025-08-28T14:00:32.485Z,30.0555,84.3549,10,4.4,mb,21,131,22.604,0.58,us,us7000qrjq,2025-11-19T21:59:42.040Z,"116 km NW of Saga, China",earthquake,9.63,1.864,0.096,31,reviewed,us,us
2025-09-08T05:45:54.033Z,26.9293,91.7415,41.144,4.3,mb,60,155,2.816,0.76,us,us7000qunz,2025-11-30T23:40:42.040Z,"27 km ENE of Samdrup Jongkhar, Bhutan",earthquake,8.76,6.43,0.075,50,reviewed,us,us
2025-09-12T21:42:10.839Z,29.1796,87.0157,10,5,mb,73,73,3.624,0.75,us,us7000qvtp,2025-12-03T03:58:15.040Z,"137 km N of Lobuche, Nepal",earthquake,7.3,1.476,0.044,165,reviewed,us,us
2025-09-13T21:03:04.502Z,28.997,86.6568,10,4.3,mb,26,163,3.966,0.85,us,us6000rf4s,2025-12-03T03:58:24.040Z,"117 km N of Lobuche, Nepal",earthquake,12.53,1.939,0.119,21,reviewed,us,us
2025-09-14T11:11:51.373Z,26.7097,92.2103,29,5.5,mww,215,20,3.132,0.81,us,us7000qw56,2025-12-03T03:58:30.040Z,"11 km ESE of Udalguri, India",earthquake,7.83,1.8,0.103,9,reviewed,us,us
2025-09-16T00:37:45.488Z,27.3684,96.9813,10,4.1,mb,12,164,5.65,0.26,us,us6000rfty,2025-12-03T03:58:42.040Z,"89 km SSE of Hayuliang, India",earthquake,14.85,1.955,0.198,7,reviewed,us,us
2025-10-02T00:18:52.698Z,29.0247,86.7789,10,4.3,mb,18,163,3.855,0.75,us,us6000rixi,2025-12-19T22:50:29.040Z,"119 km N of Lobuche, Nepal",earthquake,10.65,1.932,0.153,12,reviewed,us,us
2025-10-14T19:23:30.898Z,29.639,81.421,10,4.6,mb,76,45,8.445,0.76,us,us6000rh67,2026-01-01T23:11:13.040Z,"62 km NE of Dipayal, Nepal",earthquake,9.45,1.886,0.076,51,reviewed,us,us
2025-10-21T14:59:40.611Z,29.0245,85.3683,10,4.1,mb,25,163,5.072,0.44,us,us6000rmt6,2026-01-09T15:38:47.040Z,"35 km SSE of Saga, China",earthquake,9.46,1.84,0.103,26,reviewed,us,us
2025-11-03T20:57:22.312Z,28.5267,87.3673,10,4.7,mb,64,79,3.493,0.77,us,us6000rl8r,2026-01-27T17:59:07.040Z,"84 km NE of Lobuche, Nepal",earthquake,9.64,1.872,0.058,89,reviewed,us,us
2025-11-10T22:44:14.464Z,29.0846,86.7036,10,4.5,mb,26,164,3.909,0.71,us,us7000refy,2026-01-29T22:05:28.040Z,"126 km N of Lobuche, Nepal",earthquake,9.68,1.889,0.124,19,reviewed,us,us
2025-11-30T04:57:07.984Z,30.2518,79.4611,25.331,4.3,mb,22,177,9.893,0.78,us,us6000rvhu,2026-02-25T16:18:39.040Z,"19 km S of Pīpalkoti, India",earthquake,12.89,6.51,0.138,15,reviewed,us,us
2025-12-02T10:56:23.331Z,31.9102,92.921,10,4.8,mb,113,38,2.687,0.44,us,us7000rf1d,2026-02-25T16:18:42.040Z,"94 km ENE of Nagqu, China",earthquake,7.51,1.859,0.052,117,reviewed,us,us
2025-12-04T11:59:01.015Z,29.1109,87.0043,10,4.1,mb,36,168,3.646,1.26,us,us7000rfhw,2026-03-04T18:44:29.040Z,"130 km N of Lobuche, Nepal",earthquake,10.55,1.93,0.103,26,reviewed,us,us
2025-12-07T02:43:07.029Z,29.9125,80.9401,35,4.5,mb,21,165,8.854,0.96,us,us7000rkd1,2026-03-04T18:44:46.040Z,"38 km ENE of Dārchulā, Nepal",earthquake,11.87,1.97,0.144,14,reviewed,us,us
2025-12-09T15:39:11.542Z,30.4765,81.1429,19.232,4.2,mb,26,132,8.685,0.62,us,us7000rml4,2026-03-04T18:44:58.040Z,"20 km N of Burang, China",earthquake,12.04,6.089,0.121,19,reviewed,us,us
2025-12-14T07:09:44.968Z,28.605,84.1716,10,4.3,mb,32,160,16.043,1.18,us,us7000rn98,2026-03-10T22:18:49.040Z,"42 km NNE of Pokhara, Nepal",earthquake,12.05,1.661,0.104,26,reviewed,us,us
2025-12-18T00:34:32.270Z,26.1352,97.1858,10,4.6,mb,81,91,5.306,0.52,us,us6000rvkv,2026-03-19T13:56:01.040Z,"38 km ESE of Sarupathar, India",earthquake,9.87,1.878,0.068,64,reviewed,us,us
2025-12-27T12:42:49.553Z,26.7466,92.3604,41.698,4.5,mb,41,148,3.14,0.66,us,us7000rl21,2026-04-01T22:48:20.040Z,"12 km WNW of Dhekiajuli, India",earthquake,10.6,8.117,0.091,35,reviewed,us,us
2025-12-29T15:30:29.804Z,26.0392,97.0716,10,4.2,mb,28,117,5.201,0.98,us,us7000rqw2,2026-04-01T22:49:04.040Z,"32 km SE of Sarupathar, India",earthquake,6.96,1.92,0.147,13,reviewed,us,us
2026-01-04T22:47:39.427Z,26.3621,92.3991,41.098,5.2,mb,114,27,3.513,0.41,us,us7000rmhd,2026-04-07T22:11:54.040Z,"13 km NNE of Morigaon, India",earthquake,9.02,4.951,0.04,207,reviewed,us,us
2026-01-04T22:47:52.226Z,26.326,92.3084,35,4.9,mww,75,96,3.523,0.56,us,us7000rmhe,2026-04-07T22:11:54.040Z,"9 km NNW of Morigaon, India",earthquake,9.22,1.844,0.11,8,reviewed,us,us
2026-01-06T21:47:11.846Z,26.9641,91.6187,10,4,mb,17,179,2.763,0.84,us,us6000s4jq,2026-04-07T22:11:46.040Z,"21 km NNE of Samdrup Jongkhar, Bhutan",earthquake,11.33,1.928,0.164,10,reviewed,us,us
2026-01-21T21:43:05.761Z,27.3134,96.9254,29.916,5.2,mb,187,29,5.629,0.61,us,us7000rr7m,2026-04-18T14:47:43.040Z,"92 km SSE of Hayuliang, India",earthquake,8.3,3.784,0.045,163,reviewed,us,us
2026-02-04T03:27:33.826Z,26.6797,92.1913,41.32,4.2,mb,30,142,3.155,0.72,us,us6000sa88,2026-04-23T20:43:26.040Z,"12 km SE of Udalguri, India",earthquake,12.49,8.46,0.121,19,reviewed,us,us
2026-02-05T19:39:28.253Z,27.2775,88.1055,10,4.6,mb,73,73,3.594,0.87,us,us6000s6si,2026-05-01T14:35:42.040Z,"15 km W of Gyalshing, India",earthquake,7.57,1.478,0.068,64,reviewed,us,us
2026-02-05T20:50:42.049Z,27.0951,88.1766,10,4.4,mb,48,157,3.675,0.65,us,us6000s6t5,2026-05-01T14:35:43.040Z,"7 km WSW of Naya Bāzār, India",earthquake,10.64,1.91,0.088,37,reviewed,us,us
2026-02-07T13:05:24.212Z,27.381,88.1413,10,4.6,mb,64,66,3.5,0.76,us,us6000s757,2026-05-01T14:35:44.040Z,"15 km NW of Gyalshing, India",earthquake,7.99,1.864,0.068,65,reviewed,us,us
2026-02-09T12:00:28.119Z,27.0682,87.9885,14.966,4.2,mb,31,165,3.813,0.64,us,us7000s00k,2026-05-01T14:35:54.040Z,"18 km NNE of Ilām, Nepal",earthquake,8.36,6.147,0.102,27,reviewed,us,us
2026-02-26T06:04:05.847Z,27.2253,88.1573,10,4.8,mb,62,98,3.596,0.63,us,us7000s0ec,2026-05-15T22:02:27.040Z,"12 km SW of Gyalshing, India",earthquake,10.46,1.872,0.07,63,reviewed,us,us
2026-02-26T11:52:12.168Z,27.3076,88.107,10,4.3,mb,47,161,3.572,0.86,us,us7000s0fm,2026-05-15T22:02:27.040Z,"15 km W of Gyalshing, India",earthquake,10.42,1.907,0.09,35,reviewed,us,us
2026-03-12T07:45:48.786Z,28.9576,86.8579,10,4.5,mb,59,160,3.801,0.52,us,us6000sfsn,2026-05-26T19:16:53.040Z,"111 km N of Lobuche, Nepal",earthquake,8.36,2.466,0.071,58,reviewed,us,us
2026-03-29T03:14:38.812Z,27.1414,88.1012,10,4.5,mb,48,160,3.69,0.68,us,us7000s8h7,2026-06-10T15:14:55.040Z,"13 km W of Naya Bāzār, India",earthquake,9.68,1.905,0.08,45,reviewed,us,us
2026-03-29T05:24:22.119Z,30.266,84.2335,10,4.4,mb,50,157,6.006,0.43,us,us7000s8hk,2026-06-10T15:14:55.040Z,"141 km NW of Saga, China",earthquake,5.27,1.929,0.088,37,reviewed,us,us
2026-04-01T02:30:21.507Z,30.4678,84.1737,10,4.3,mb,30,157,6.074,0.68,us,us7000s99r,2026-06-10T15:15:01.040Z,"162 km NW of Saga, China",earthquake,12.38,1.959,0.107,25,reviewed,us,us
2026-04-14T21:04:50.603Z,27.3137,92.0096,10,4,mb,25,147,2.504,0.51,us,us6000sq30,2026-06-24T16:34:38.040Z,"30 km SSE of Tawang, India",earthquake,9.4,1.94,0.116,20,reviewed,us,us
2026-04-17T08:53:37.462Z,26.4175,96.0185,112.016,4.3,mb,47,106,5.285,0.88,us,us6000sqr4,2026-07-03T01:38:00.040Z,"80 km SE of Khonsa, India",earthquake,8.47,6.128,0.094,32,reviewed,us,us
2026-05-06T15:17:33.655Z,28.8263,95.9696,10,4.6,mb,90,58,4.32,0.74,us,us6000svp7,2026-07-15T15:25:57.040Z,"100 km NW of Hayuliang, India",earthquake,8,1.864,0.067,65,reviewed,us,us
2026-05-09T09:10:05.675Z,26.0613,89.8969,10,4.4,mb,40,161,3.788,1.07,us,us6000swg5,2026-07-18T18:23:18.040Z,"6 km WSW of Gauripur, India",earthquake,13.19,1.937,0.096,31,reviewed,us,us
2026-06-07T17:36:43.343Z,27.556,89.7511,34,5.6,mww,120,32,2.458,0.75,us,us7000sr9j,2026-08-15T17:26:59.040Z,"13 km WSW of Punākha, Bhutan",earthquake,8.12,1.877,0.068,21,reviewed,us,us
2026-06-21T00:52:54.610Z,27.4598,92.0424,10,4.3,mb,40,129,9.759,0.97,us,us6000t8gi,2026-07-05T05:11:55.040Z,"17 km SE of Tawang, India",earthquake,12.41,1.929,0.105,26,reviewed,us,us
2026-06-21T00:53:20.793Z,27.5061,92.1189,10,4.3,mb,43,118,6.771,0.75,us,us6000t8gh,2026-07-23T21:34:22.040Z,"20 km ESE of Tawang, India",earthquake,10.11,1.721,0.095,31,reviewed,us,us
2026-06-21T02:24:55.135Z,27.4893,92.2066,10,4.2,mb,30,138,6.725,1,us,us6000t8gl,2026-07-09T04:36:57.040Z,"29 km ESE of Tawang, India",earthquake,14.22,1.899,0.113,22,reviewed,us,us
2026-07-19T10:45:31.176Z,28.5087,82.6592,10,4.5,mb,51,82,9.542,0.58,us,us7000t1s3,2026-08-11T15:49:41.040Z,"54 km NE of Tulsīpur, Nepal",earthquake,11.83,1.881,0.072,56,reviewed,us,us
2026-07-21T18:55:57.736Z,28.1539,92.5278,10,4.2,mb,43,106,10.107,0.71,us,us7000t2ak,2026-08-06T14:33:09.040Z,"87 km NE of Tawang, India",earthquake,10.9,1.899,0.103,26,reviewed,us,us
2026-08-02T21:22:16.837Z,28.5389,82.6058,19.476,4,mb,22,173,9.486,0.76,us,us6000tinm,2026-08-13T05:05:27.040Z,"54 km NE of Tulsīpur, Nepal",earthquake,13.47,5.813,0.163,10,reviewed,us,us
2026-08-05T10:06:09.955Z,29.0027,94.681,10,5,mb,68,59,7.766,0.8,us,us6000ti9w,2026-08-05T13:59:21.452Z,"60 km NNE of Shi Yomi, India",earthquake,9.21,1.866,0.06,90,reviewed,us,us
2026-08-06T00:15:17.634Z,29.0283,94.6765,10,4.8,mb,56,91,7.792,1,us,us6000tigl,2026-08-06T02:09:26.479Z,"62 km NNE of Shi Yomi, India",earthquake,9.89,1.873,0.065,72,reviewed,us,us
2026-08-09T19:51:32.991Z,30.868,78.3442,10,4.3,mb,43,99,5.116,0.37,us,us6000tjh9,2026-08-10T01:35:40.553Z,"14 km ENE of Barkot, India",earthquake,9.28,1.899,0.092,34,reviewed,us,us